osmid,name,highway,oneway,reversed,length,geometry
229153841,Navakanto g.,unclassified,False,False,401.368,"LINESTRING (24.2671023 54.3741025, 24.2676116 54.3741319, 24.2676826 54.3741358, 24.2684652 54.3741589, 24.2687609 54.3741526, 24.2690782 54.3741274, 24.2692838 54.3741337, 24.2694929 54.3741631, 24.2697093 54.3742177, 24.2721363 54.3749235, 24.2721859 54.3749372, 24.2726667 54.3750702, 24.2729064 54.3751248)"
229153841,Navakanto g.,unclassified,False,True,401.36800000000005,"LINESTRING (24.2729064 54.3751248, 24.2726667 54.3750702, 24.2721859 54.3749372, 24.2721363 54.3749235, 24.2697093 54.3742177, 24.2694929 54.3741631, 24.2692838 54.3741337, 24.2690782 54.3741274, 24.2687609 54.3741526, 24.2684652 54.3741589, 24.2676826 54.3741358, 24.2676116 54.3741319, 24.2671023 54.3741025)"
