osmid,highway,oneway,reversed,length,geometry
975002050,unclassified,False,False,29.902,"LINESTRING (6.9588014 13.5456565, 6.9585284 13.5456998)"
906005809,unclassified,False,True,63.109,"LINESTRING (6.9580869 13.5430643, 6.9580793 13.5424968)"
906005814,unclassified,False,True,32.168,"LINESTRING (6.9580869 13.5430643, 6.9578204 13.543193)"
906005809,unclassified,False,False,298.122,"LINESTRING (6.9580869 13.5430643, 6.9582188 13.5445933, 6.9585284 13.5456998)"
906005809,unclassified,False,False,63.109,"LINESTRING (6.9580793 13.5424968, 6.9580869 13.5430643)"
975002050,unclassified,False,True,29.902,"LINESTRING (6.9585284 13.5456998, 6.9588014 13.5456565)"
906005809,unclassified,False,True,298.122,"LINESTRING (6.9585284 13.5456998, 6.9582188 13.5445933, 6.9580869 13.5430643)"
906005814,unclassified,False,False,32.168,"LINESTRING (6.9578204 13.543193, 6.9580869 13.5430643)"
