osmid,highway,oneway,reversed,length,geometry
746443085,unclassified,False,False,561.1459999999998,"LINESTRING (-37.4892126 -6.3312682, -37.4891891 -6.3311693, -37.489173 -6.3310813, -37.4891469 -6.3306381, -37.4891442 -6.3304208, -37.4891576 -6.3297997, -37.4891791 -6.3293771, -37.4891734 -6.3292995, -37.4891576 -6.3292532, -37.4890396 -6.3290032, -37.4890309 -6.3289539, -37.4890376 -6.3289119, -37.4890691 -6.32887, -37.4891127 -6.3288366, -37.4891209 -6.3288206, -37.4891222 -6.3288051, -37.4891097 -6.3287866, -37.4890289 -6.32873, -37.4888998 -6.3286687, -37.4888146 -6.3285994, -37.4887687 -6.3285507, -37.4887499 -6.3285027, -37.488699 -6.3283508, -37.4886131 -6.3279229, -37.4886051 -6.3278323, -37.4886172 -6.3274617, -37.4886064 -6.3273924, -37.4885702 -6.3273284, -37.4884589 -6.3271938, -37.4883959 -6.3270872, -37.488353 -6.3269739, -37.4882752 -6.3268566, -37.4881867 -6.3267766, -37.4880888 -6.3266713)"
746443085,unclassified,False,True,561.146,"LINESTRING (-37.4880888 -6.3266713, -37.4881867 -6.3267766, -37.4882752 -6.3268566, -37.488353 -6.3269739, -37.4883959 -6.3270872, -37.4884589 -6.3271938, -37.4885702 -6.3273284, -37.4886064 -6.3273924, -37.4886172 -6.3274617, -37.4886051 -6.3278323, -37.4886131 -6.3279229, -37.488699 -6.3283508, -37.4887499 -6.3285027, -37.4887687 -6.3285507, -37.4888146 -6.3285994, -37.4888998 -6.3286687, -37.4890289 -6.32873, -37.4891097 -6.3287866, -37.4891222 -6.3288051, -37.4891209 -6.3288206, -37.4891127 -6.3288366, -37.4890691 -6.32887, -37.4890376 -6.3289119, -37.4890309 -6.3289539, -37.4890396 -6.3290032, -37.4891576 -6.3292532, -37.4891734 -6.3292995, -37.4891791 -6.3293771, -37.4891576 -6.3297997, -37.4891442 -6.3304208, -37.4891469 -6.3306381, -37.489173 -6.3310813, -37.4891891 -6.3311693, -37.4892126 -6.3312682)"
