osmid,highway,oneway,reversed,length,geometry
971410415,unclassified,False,True,738.337,"LINESTRING (-41.9085181 -21.481245, -41.9082391 -21.480656, -41.907928 -21.4804563, -41.9076705 -21.480067, -41.907692 -21.4792084, -41.9068658 -21.4786293, -41.907928 -21.4785594, -41.9085825 -21.4791085, -41.9089687 -21.4793282, -41.9091725 -21.4795877, -41.909774 -21.4801768)"
971410415,unclassified,False,False,738.337,"LINESTRING (-41.909774 -21.4801768, -41.9091725 -21.4795877, -41.9089687 -21.4793282, -41.9085825 -21.4791085, -41.907928 -21.4785594, -41.9068658 -21.4786293, -41.907692 -21.4792084, -41.9076705 -21.480067, -41.907928 -21.4804563, -41.9082391 -21.480656, -41.9085181 -21.481245)"
