osmid,highway,oneway,reversed,length,geometry
246476370,residential,False,False,17.173000000000002,"LINESTRING (-67.0858441 -0.1205035, -67.0857375 -0.1204982, -67.0856898 -0.1204991)"
246476370,residential,False,False,60.726,"LINESTRING (-67.0856898 -0.1204991, -67.0856591 -0.1205062, -67.0856302 -0.1205263, -67.0856014 -0.1205565, -67.0855343 -0.1206323, -67.0854793 -0.1206946, -67.0853299 -0.1208992)"
246476370,residential,False,True,17.173000000000002,"LINESTRING (-67.0856898 -0.1204991, -67.0857375 -0.1204982, -67.0858441 -0.1205035)"
246476370,residential,False,True,60.726,"LINESTRING (-67.0853299 -0.1208992, -67.0854793 -0.1206946, -67.0855343 -0.1206323, -67.0856014 -0.1205565, -67.0856302 -0.1205263, -67.0856591 -0.1205062, -67.0856898 -0.1204991)"
