osmid,highway,oneway,reversed,length,geometry
286053913,unclassified,False,True,262.872,"LINESTRING (-7.1952244 52.5712379, -7.1945645 52.5711303, -7.1939208 52.571088, -7.1931094 52.5710495, -7.1923598 52.5710195, -7.1922711 52.5710065, -7.192153 52.5709821, -7.1921222 52.5708851, -7.1921396 52.5707335, -7.1921571 52.5705117)"
286053913,unclassified,False,False,262.872,"LINESTRING (-7.1921571 52.5705117, -7.1921396 52.5707335, -7.1921222 52.5708851, -7.192153 52.5709821, -7.1922711 52.5710065, -7.1923598 52.5710195, -7.1931094 52.5710495, -7.1939208 52.571088, -7.1945645 52.5711303, -7.1952244 52.5712379)"
