osmid,ref,highway,oneway,reversed,length,geometry
232708060,L65012,unclassified,False,False,124.928,"LINESTRING (-6.9399243 54.1631959, -6.939412 54.1627828, -6.9387413 54.1623121)"
232708060,L65012,unclassified,False,True,124.928,"LINESTRING (-6.9387413 54.1623121, -6.939412 54.1627828, -6.9399243 54.1631959)"
