osmid,highway,oneway,reversed,length,geometry
379415397,unclassified,False,False,61.169,"LINESTRING (-68.6028296 -16.1450748, -68.6027457 -16.1448426, -68.6026145 -16.1445656)"
379415397,unclassified,False,False,227.01100000000002,"LINESTRING (-68.6026145 -16.1445656, -68.6022691 -16.1438149, -68.6020388 -16.1435845, -68.6018682 -16.1435038, -68.6017845 -16.1435008, -68.6016858 -16.1435367, -68.6016048 -16.1436229, -68.6015564 -16.1437376, -68.6014518 -16.1440171)"
739105854,unclassified,False,False,139.143,"LINESTRING (-68.6026145 -16.1445656, -68.6022503 -16.144461, -68.6014518 -16.1440171)"
379415397,unclassified,False,True,61.169,"LINESTRING (-68.6026145 -16.1445656, -68.6027457 -16.1448426, -68.6028296 -16.1450748)"
379415397,unclassified,False,True,227.011,"LINESTRING (-68.6014518 -16.1440171, -68.6015564 -16.1437376, -68.6016048 -16.1436229, -68.6016858 -16.1435367, -68.6017845 -16.1435008, -68.6018682 -16.1435038, -68.6020388 -16.1435845, -68.6022691 -16.1438149, -68.6026145 -16.1445656)"
739105854,unclassified,False,True,139.143,"LINESTRING (-68.6014518 -16.1440171, -68.6022503 -16.144461, -68.6026145 -16.1445656)"
