osmid,highway,oneway,reversed,length,geometry
134463612,residential,False,True,491.99300000000005,"LINESTRING (18.6593646 50.1441368, 18.6579272 50.1468036, 18.6576019 50.1473729, 18.657607 50.147459, 18.6576232 50.1475292, 18.657779 50.147986, 18.6578456 50.1480994, 18.6579169 50.148214, 18.6580289 50.1483196)"
134463612,residential,False,False,491.993,"LINESTRING (18.6580289 50.1483196, 18.6579169 50.148214, 18.6578456 50.1480994, 18.657779 50.147986, 18.6576232 50.1475292, 18.657607 50.147459, 18.6576019 50.1473729, 18.6579272 50.1468036, 18.6593646 50.1441368)"
