osmid,lanes,name,highway,oneway,reversed,length,geometry
"[173094449, 205462765]",2,Miękińska,tertiary,False,True,495.28100000000006,"LINESTRING (19.6032512 50.1573962, 19.6030801 50.1581138, 19.6030318 50.1584125, 19.6030138 50.1585053, 19.6029746 50.1585939, 19.6029012 50.1586966, 19.6027669 50.1588389, 19.6024884 50.1591283, 19.6022277 50.159379, 19.6021019 50.1594742, 19.6019115 50.1595939, 19.601375 50.1599241, 19.6011671 50.1600612, 19.6011059 50.1601016, 19.6009332 50.1602155, 19.6005128 50.1604778, 19.6002891 50.1606255, 19.5998793 50.160851, 19.5996108 50.1609809)"
205462768,,,residential,False,True,353.08,"LINESTRING (19.6032512 50.1573962, 19.6031447 50.1573675, 19.6030888 50.1573524, 19.6029464 50.1573055, 19.6027969 50.157267, 19.6025563 50.1572254, 19.6021828 50.157178, 19.6016431 50.1571096, 19.6008067 50.1569493, 19.6006894 50.1569206, 19.6005454 50.1568853, 19.6003642 50.1568336, 19.599829 50.1565624, 19.5991902 50.1563998, 19.599034 50.1563678, 19.5988703 50.1563431, 19.5986472 50.1563219)"
180581579,,,residential,False,False,97.61999999999999,"LINESTRING (19.5973758 50.156069, 19.5975707 50.1561814, 19.5977937 50.1562484, 19.5983492 50.1563057, 19.5986472 50.1563219)"
180581579,,,residential,False,True,97.62,"LINESTRING (19.5986472 50.1563219, 19.5983492 50.1563057, 19.5977937 50.1562484, 19.5975707 50.1561814, 19.5973758 50.156069)"
205462768,,,residential,False,False,353.08,"LINESTRING (19.5986472 50.1563219, 19.5988703 50.1563431, 19.599034 50.1563678, 19.5991902 50.1563998, 19.599829 50.1565624, 19.6003642 50.1568336, 19.6005454 50.1568853, 19.6006894 50.1569206, 19.6008067 50.1569493, 19.6016431 50.1571096, 19.6021828 50.157178, 19.6025563 50.1572254, 19.6027969 50.157267, 19.6029464 50.1573055, 19.6030888 50.1573524, 19.6031447 50.1573675, 19.6032512 50.1573962)"
"[173094449, 205462765]",2,Miękińska,tertiary,False,False,495.281,"LINESTRING (19.5996108 50.1609809, 19.5998793 50.160851, 19.6002891 50.1606255, 19.6005128 50.1604778, 19.6009332 50.1602155, 19.6011059 50.1601016, 19.6011671 50.1600612, 19.601375 50.1599241, 19.6019115 50.1595939, 19.6021019 50.1594742, 19.6022277 50.159379, 19.6024884 50.1591283, 19.6027669 50.1588389, 19.6029012 50.1586966, 19.6029746 50.1585939, 19.6030138 50.1585053, 19.6030318 50.1584125, 19.6030801 50.1581138, 19.6032512 50.1573962)"
