osmid,highway,oneway,reversed,length,geometry
444289364,residential,False,False,206.51999999999998,"LINESTRING (18.8378326 50.4654995, 18.8396072 50.4651323, 18.8406131 50.4649368)"
444289364,residential,False,True,206.51999999999998,"LINESTRING (18.8406131 50.4649368, 18.8396072 50.4651323, 18.8378326 50.4654995)"
