osmid,lanes,ref,name,highway,maxspeed,oneway,reversed,length,geometry
299115639,2,328,Bolesława Chrobrego,secondary,50,False,False,5.359,"LINESTRING (15.9220502 50.9516951, 15.9220105 50.9517363)"
299115639,2,328,Bolesława Chrobrego,secondary,50,False,True,5.359,"LINESTRING (15.9220105 50.9517363, 15.9220502 50.9516951)"
203618848,,,Robotnicza,residential,,False,True,178.027,"LINESTRING (15.9220105 50.9517363, 15.9222149 50.9517566, 15.9223379 50.9517547, 15.9225209 50.951752, 15.9227558 50.9517484, 15.9231625 50.9517995, 15.9234448 50.9518356, 15.9242938 50.9518992, 15.9245278 50.951917)"
"[425071544, 200896219]",,,Kościelna,residential,,False,False,133.707,"LINESTRING (15.9245278 50.951917, 15.9244784 50.951963, 15.9242601 50.9523627, 15.9241929 50.9524898, 15.9241704 50.9525981, 15.9241734 50.9527858, 15.9241552 50.9530789)"
203618848,,,Robotnicza,residential,,False,False,178.02700000000002,"LINESTRING (15.9245278 50.951917, 15.9242938 50.9518992, 15.9234448 50.9518356, 15.9231625 50.9517995, 15.9227558 50.9517484, 15.9225209 50.951752, 15.9223379 50.9517547, 15.9222149 50.9517566, 15.9220105 50.9517363)"
"[425071544, 200896219]",,,Kościelna,residential,,False,True,133.707,"LINESTRING (15.9241552 50.9530789, 15.9241734 50.9527858, 15.9241704 50.9525981, 15.9241929 50.9524898, 15.9242601 50.9523627, 15.9244784 50.951963, 15.9245278 50.951917)"
