osmid,highway,oneway,reversed,length,geometry
179863294,unclassified,False,True,176.19099999999997,"LINESTRING (16.5541039 51.5004601, 16.5549736 51.5006599, 16.5553712 51.500651, 16.5556294 51.5006682, 16.5565122 51.5009043)"
179863291,unclassified,False,False,278.902,"LINESTRING (16.5565122 51.5009043, 16.556427 51.5011123, 16.5562691 51.5014512, 16.5562702 51.5015369, 16.5563443 51.5018321, 16.5563688 51.5023241, 16.5563561 51.5025908, 16.5563115 51.5028618, 16.5562345 51.5030773, 16.5561819 51.5032416, 16.5562894 51.5033605)"
179863294,unclassified,False,False,176.191,"LINESTRING (16.5565122 51.5009043, 16.5556294 51.5006682, 16.5553712 51.500651, 16.5549736 51.5006599, 16.5541039 51.5004601)"
179863294,unclassified,False,True,28.326999999999998,"LINESTRING (16.5565122 51.5009043, 16.5565933 51.5009008, 16.5568025 51.5008445, 16.5568759 51.5008022)"
179863293,unclassified,False,False,291.468,"LINESTRING (16.5568759 51.5008022, 16.5570438 51.5009404, 16.5574508 51.5012658, 16.558059 51.5016783, 16.5581047 51.5017228, 16.5581239 51.5017671, 16.5581322 51.5021431, 16.5581304 51.5024455, 16.5581377 51.503144)"
179863294,unclassified,False,False,28.326999999999998,"LINESTRING (16.5568759 51.5008022, 16.5568025 51.5008445, 16.5565933 51.5009008, 16.5565122 51.5009043)"
179863291,unclassified,False,True,278.90200000000004,"LINESTRING (16.5562894 51.5033605, 16.5561819 51.5032416, 16.5562345 51.5030773, 16.5563115 51.5028618, 16.5563561 51.5025908, 16.5563688 51.5023241, 16.5563443 51.5018321, 16.5562702 51.5015369, 16.5562691 51.5014512, 16.556427 51.5011123, 16.5565122 51.5009043)"
179863293,unclassified,False,True,291.468,"LINESTRING (16.5581377 51.503144, 16.5581304 51.5024455, 16.5581322 51.5021431, 16.5581239 51.5017671, 16.5581047 51.5017228, 16.558059 51.5016783, 16.5574508 51.5012658, 16.5570438 51.5009404, 16.5568759 51.5008022)"
