osmid,lanes,ref,name,highway,maxspeed,oneway,reversed,length,geometry
36200545,2,374,Strzegomska,secondary,50,False,False,8.432,"LINESTRING (16.3263321 50.8690378, 16.3263963 50.8691019)"
"[56011355, 255833403]",,,Przemysłowa,residential,50,False,True,593.4060000000001,"LINESTRING (16.321352 50.8733488, 16.3214227 50.873281, 16.3219912 50.8727357, 16.3223072 50.8724175, 16.3227145 50.8720072, 16.32419 50.8705208, 16.3245312 50.8702895, 16.3253576 50.8698025, 16.3262168 50.8692292, 16.3262359 50.8692164, 16.3262563 50.8692019, 16.3263571 50.8691299, 16.3263963 50.8691019)"
1000341949,,,,residential,50,False,False,123.98599999999999,"LINESTRING (16.321352 50.8733488, 16.3212401 50.8734626, 16.32043 50.8743)"
36200545,2,374,Strzegomska,secondary,50,False,True,8.432,"LINESTRING (16.3263963 50.8691019, 16.3263321 50.8690378)"
"[255833403, 56011355]",,,Przemysłowa,residential,50,False,False,593.4060000000001,"LINESTRING (16.3263963 50.8691019, 16.3263571 50.8691299, 16.3262563 50.8692019, 16.3262359 50.8692164, 16.3262168 50.8692292, 16.3253576 50.8698025, 16.3245312 50.8702895, 16.32419 50.8705208, 16.3227145 50.8720072, 16.3223072 50.8724175, 16.3219912 50.8727357, 16.3214227 50.873281, 16.321352 50.8733488)"
"[1029291056, 269963708, 255833413]","['2', '3']",374,Strzegomska,secondary,"['70', '50']",False,False,340.32599999999996,"LINESTRING (16.3263963 50.8691019, 16.3264688 50.8691876, 16.326724 50.8694892, 16.3270903 50.8699447, 16.3280573 50.8711474, 16.3283982 50.8715702, 16.3285738 50.8717891, 16.3286041 50.8718269)"
"[1029291056, 269963708, 255833413]","['2', '3']",374,Strzegomska,secondary,"['70', '50']",False,True,340.326,"LINESTRING (16.3286041 50.8718269, 16.3285738 50.8717891, 16.3283982 50.8715702, 16.3280573 50.8711474, 16.3270903 50.8699447, 16.326724 50.8694892, 16.3264688 50.8691876, 16.3263963 50.8691019)"
1000341949,,,,residential,50,False,True,123.98599999999999,"LINESTRING (16.32043 50.8743, 16.3212401 50.8734626, 16.321352 50.8733488)"
