osmid,highway,oneway,reversed,length,geometry
8226162,tertiary,False,True,205.98700000000002,"LINESTRING (23.4720647 37.5237786, 23.4721295 37.5238742, 23.4721181 37.5239615, 23.4719936 37.5243457, 23.4719648 37.5245426, 23.4719656 37.5247248, 23.4719753 37.525273, 23.4719654 37.5253858, 23.4718798 37.5255927)"
8226162,tertiary,False,False,205.987,"LINESTRING (23.4718798 37.5255927, 23.4719654 37.5253858, 23.4719753 37.525273, 23.4719656 37.5247248, 23.4719648 37.5245426, 23.4719936 37.5243457, 23.4721181 37.5239615, 23.4721295 37.5238742, 23.4720647 37.5237786)"
203755352,residential,False,False,274.319,"LINESTRING (23.4718798 37.5255927, 23.472285 37.5257262, 23.4726033 37.5257598, 23.4731196 37.5257823, 23.4733671 37.5257598, 23.4735793 37.5257823, 23.4738056 37.525844, 23.4739753 37.5258552, 23.4741309 37.5258103, 23.4743855 37.5256028, 23.4745694 37.5252943)"
203755352,residential,False,True,274.319,"LINESTRING (23.4745694 37.5252943, 23.4743855 37.5256028, 23.4741309 37.5258103, 23.4739753 37.5258552, 23.4738056 37.525844, 23.4735793 37.5257823, 23.4733671 37.5257598, 23.4731196 37.5257823, 23.4726033 37.5257598, 23.472285 37.5257262, 23.4718798 37.5255927)"
