osmid,highway,oneway,reversed,length,geometry
285039573,residential,False,True,384.604,"LINESTRING (62.0342668 51.9044099, 62.0334665 51.9078333)"
285039576,residential,False,False,403.874,"LINESTRING (62.0342668 51.9044099, 62.0345933 51.9044621, 62.0338278 51.9078534)"
285039573,residential,False,False,384.604,"LINESTRING (62.0334665 51.9078333, 62.0342668 51.9044099)"
285039575,residential,False,False,24.886,"LINESTRING (62.0334665 51.9078333, 62.0338278 51.9078534)"
285039575,residential,False,False,367.306,"LINESTRING (62.0338278 51.9078534, 62.0391409 51.9082628)"
285039575,residential,False,True,24.886,"LINESTRING (62.0338278 51.9078534, 62.0334665 51.9078333)"
285039576,residential,False,True,403.874,"LINESTRING (62.0338278 51.9078534, 62.0345933 51.9044621, 62.0342668 51.9044099)"
285039575,residential,False,True,367.306,"LINESTRING (62.0391409 51.9082628, 62.0338278 51.9078534)"
