osmid,name,highway,oneway,reversed,length,geometry,ref,maxspeed
516863469,Абая Кунанбаева улица,residential,False,False,292.72099999999995,"LINESTRING (66.8305098 53.220083, 66.8333584 53.220103, 66.8344313 53.2201929, 66.8348841 53.2201307)",,
516863468,Шокана Валиханова улица,residential,False,True,154.36599999999999,"LINESTRING (66.8340825 53.221257, 66.8344206 53.2212561, 66.8348658 53.2212368, 66.8352252 53.2209349, 66.8353628 53.2203933)",,
262056555,улица Абылай хана,primary,False,False,43.224,"LINESTRING (66.8353628 53.2203933, 66.8348841 53.2201307)",A-16,60
516863468,Шокана Валиханова улица,residential,False,False,154.36599999999999,"LINESTRING (66.8353628 53.2203933, 66.8352252 53.2209349, 66.8348658 53.2212368, 66.8344206 53.2212561, 66.8340825 53.221257)",,
262056555,улица Абылай хана,primary,False,True,43.224,"LINESTRING (66.8348841 53.2201307, 66.8353628 53.2203933)",A-16,60
516863469,Абая Кунанбаева улица,residential,False,True,292.721,"LINESTRING (66.8348841 53.2201307, 66.8344313 53.2201929, 66.8333584 53.220103, 66.8305098 53.220083)",,
