osmid,highway,oneway,reversed,length,geometry
195115244,unclassified,False,False,67.869,"LINESTRING (63.1574049 53.0092068, 63.158409 53.0092936)"
195115244,unclassified,False,True,424.193,"LINESTRING (63.1574049 53.0092068, 63.1562288 53.0090582, 63.1557382 53.0089968, 63.1512956 53.0081967)"
195115256,unclassified,False,False,225.917,"LINESTRING (63.1468743 53.0073826, 63.1501009 53.0079814)"
195115256,unclassified,False,True,225.917,"LINESTRING (63.1501009 53.0079814, 63.1468743 53.0073826)"
195115274,unclassified,True,False,85.92,"LINESTRING (63.1501009 53.0079814, 63.1504816 53.007973, 63.1508967 53.0080466, 63.1512956 53.0081967)"
195115244,unclassified,False,False,424.19300000000004,"LINESTRING (63.1512956 53.0081967, 63.1557382 53.0089968, 63.1562288 53.0090582, 63.1574049 53.0092068)"
195115277,unclassified,True,False,86.164,"LINESTRING (63.1512956 53.0081967, 63.150827 53.0081975, 63.1504787 53.0081346, 63.1501009 53.0079814)"
195115244,unclassified,False,True,67.869,"LINESTRING (63.158409 53.0092936, 63.1574049 53.0092068)"
