osmid,highway,oneway,reversed,length,geometry
345718071,residential,False,True,379.861,"LINESTRING (71.2206036 50.7224316, 71.2185112 50.7227634, 71.2171106 50.722953, 71.216917 50.7229792, 71.2163705 50.7231728, 71.2154938 50.7234538)"
345718071,residential,False,False,379.861,"LINESTRING (71.2154938 50.7234538, 71.2163705 50.7231728, 71.216917 50.7229792, 71.2171106 50.722953, 71.2185112 50.7227634, 71.2206036 50.7224316)"
