osmid,highway,oneway,reversed,length,geometry
431091467,unclassified,False,False,496.19700000000006,"LINESTRING (-85.4108741 10.1071757, -85.4112798 10.1069742, -85.4114666 10.1068363, -85.4118588 10.1067259, -85.4123632 10.1064961, -85.4127088 10.1065237, -85.4128862 10.1064501, -85.4129703 10.1062478, -85.4130824 10.1059995, -85.4133065 10.1058248, -85.4137175 10.1055674, -85.413979 10.1054754, -85.4141845 10.1052455, -85.414362 10.1048042)"
431091467,unclassified,False,True,496.197,"LINESTRING (-85.414362 10.1048042, -85.4141845 10.1052455, -85.413979 10.1054754, -85.4137175 10.1055674, -85.4133065 10.1058248, -85.4130824 10.1059995, -85.4129703 10.1062478, -85.4128862 10.1064501, -85.4127088 10.1065237, -85.4123632 10.1064961, -85.4118588 10.1067259, -85.4114666 10.1068363, -85.4112798 10.1069742, -85.4108741 10.1071757)"
