osmid,highway,oneway,reversed,length,geometry
846162284,unclassified,False,False,301.367,"LINESTRING (33.0283349 -2.9581406, 33.0277388 -2.9586173, 33.0271942 -2.9589331, 33.0271059 -2.9590003, 33.0261498 -2.95974)"
846162290,unclassified,False,True,427.58200000000005,"LINESTRING (33.0283349 -2.9581406, 33.027659 -2.9577184, 33.0272597 -2.9576218, 33.0265331 -2.9574328, 33.0261815 -2.9573284, 33.0252549 -2.9572042, 33.0246686 -2.95714)"
846162284,unclassified,False,True,301.367,"LINESTRING (33.0261498 -2.95974, 33.0271059 -2.9590003, 33.0271942 -2.9589331, 33.0277388 -2.9586173, 33.0283349 -2.9581406)"
846162290,unclassified,False,False,427.582,"LINESTRING (33.0246686 -2.95714, 33.0252549 -2.9572042, 33.0261815 -2.9573284, 33.0265331 -2.9574328, 33.0272597 -2.9576218, 33.027659 -2.9577184, 33.0283349 -2.9581406)"
