osmid,name,highway,oneway,reversed,length,geometry
502096018,Årnesveien,residential,False,True,37.246,"LINESTRING (7.0462525 58.1473616, 7.0463596 58.1474972, 7.046443 58.1475831, 7.0465579 58.1476414, 7.04657 58.1476452)"
502096011,,residential,False,True,36.15,"LINESTRING (7.0468785 58.1479122, 7.0468637 58.1478655, 7.0467558 58.1477402, 7.0467058 58.1476954, 7.0466471 58.1476673, 7.04657 58.1476452)"
502096013,Årnesveien,residential,False,True,41.699000000000005,"LINESTRING (7.0459346 58.1478051, 7.0462068 58.1477554, 7.0464578 58.1476647, 7.0465243 58.1476511, 7.04657 58.1476452)"
502096011,,residential,False,False,36.15,"LINESTRING (7.04657 58.1476452, 7.0466471 58.1476673, 7.0467058 58.1476954, 7.0467558 58.1477402, 7.0468637 58.1478655, 7.0468785 58.1479122)"
502096013,Årnesveien,residential,False,False,41.699,"LINESTRING (7.04657 58.1476452, 7.0465243 58.1476511, 7.0464578 58.1476647, 7.0462068 58.1477554, 7.0459346 58.1478051)"
502096018,Årnesveien,residential,False,False,37.246,"LINESTRING (7.04657 58.1476452, 7.0465579 58.1476414, 7.046443 58.1475831, 7.0463596 58.1474972, 7.0462525 58.1473616)"
