osmid,name,highway,oneway,reversed,length,geometry
27661764,Thomas-Müntzer-Straße,residential,False,False,24.035,"LINESTRING (12.1726272 50.6070601, 12.1728785 50.6069142)"
27661764,Thomas-Müntzer-Straße,residential,False,True,84.25699999999999,"LINESTRING (12.1740323 50.6070455, 12.1737152 50.6069703, 12.1734367 50.606918, 12.1732524 50.6068961, 12.1730287 50.6068933, 12.1728785 50.6069142)"
28449016,Coschützberg,residential,False,True,149.406,"LINESTRING (12.1740323 50.6070455, 12.1740884 50.6069762, 12.1742061 50.6069377, 12.1752485 50.6069007, 12.1757438 50.6069039, 12.1760459 50.6069299, 12.1760635 50.6069315)"
28449016,Coschützberg,residential,False,False,149.406,"LINESTRING (12.1760635 50.6069315, 12.1760459 50.6069299, 12.1757438 50.6069039, 12.1752485 50.6069007, 12.1742061 50.6069377, 12.1740884 50.6069762, 12.1740323 50.6070455)"
179661735,Am Hain,residential,False,True,327.226,"LINESTRING (12.1698069 50.6051153, 12.1701646 50.6051695, 12.1707251 50.605247, 12.1712704 50.6053332, 12.1716131 50.605511, 12.1719852 50.6057086, 12.1723953 50.6058966, 12.1724963 50.6059755, 12.1725729 50.6060672, 12.1727284 50.6063665, 12.172823 50.6065726, 12.1728518 50.6067904, 12.1728785 50.6069142)"
27661764,Thomas-Müntzer-Straße,residential,False,True,24.035,"LINESTRING (12.1728785 50.6069142, 12.1726272 50.6070601)"
27661764,Thomas-Müntzer-Straße,residential,False,False,84.25699999999999,"LINESTRING (12.1728785 50.6069142, 12.1730287 50.6068933, 12.1732524 50.6068961, 12.1734367 50.606918, 12.1737152 50.6069703, 12.1740323 50.6070455)"
179661735,Am Hain,residential,False,False,327.226,"LINESTRING (12.1728785 50.6069142, 12.1728518 50.6067904, 12.172823 50.6065726, 12.1727284 50.6063665, 12.1725729 50.6060672, 12.1724963 50.6059755, 12.1723953 50.6058966, 12.1719852 50.6057086, 12.1716131 50.605511, 12.1712704 50.6053332, 12.1707251 50.605247, 12.1701646 50.6051695, 12.1698069 50.6051153)"
