osmid,name,highway,oneway,reversed,length,geometry
38843536,Huverheide,residential,False,False,728.972,"LINESTRING (6.4519899 51.3135488, 6.4517525 51.3138227, 6.451551 51.3141528, 6.4505978 51.315539, 6.4502774 51.3160284, 6.4495704 51.3168528, 6.4486117 51.3176334, 6.4479563 51.3180955, 6.4476718 51.3183245, 6.4468037 51.3191959)"
"[39683694, 24492550]","['Tack', 'Huverheide']",residential,False,True,629.924,"LINESTRING (6.4554699 51.3206119, 6.4552433 51.3206032, 6.4542987 51.3204521, 6.4531613 51.32007, 6.452081 51.3197366, 6.4516591 51.3196447, 6.4486364 51.3194265, 6.4473986 51.3193011, 6.4468317 51.3192121, 6.4468037 51.3191959)"
38843536,Huverheide,residential,False,True,728.9719999999999,"LINESTRING (6.4468037 51.3191959, 6.4476718 51.3183245, 6.4479563 51.3180955, 6.4486117 51.3176334, 6.4495704 51.3168528, 6.4502774 51.3160284, 6.4505978 51.315539, 6.451551 51.3141528, 6.4517525 51.3138227, 6.4519899 51.3135488)"
"[39683694, 24492550]","['Tack', 'Huverheide']",residential,False,False,629.924,"LINESTRING (6.4468037 51.3191959, 6.4468317 51.3192121, 6.4473986 51.3193011, 6.4486364 51.3194265, 6.4516591 51.3196447, 6.452081 51.3197366, 6.4531613 51.32007, 6.4542987 51.3204521, 6.4552433 51.3206032, 6.4554699 51.3206119)"
