osmid,name,highway,oneway,reversed,length,geometry
30293951,Amerikaweg,unclassified,False,False,506.6719999999999,"LINESTRING (7.7516156 53.5332435, 7.7517799 53.5347026, 7.7516062 53.5347871, 7.7514628 53.5348006, 7.7497587 53.5349607, 7.7496087 53.535064, 7.7496014 53.5366373, 7.7496008 53.5367767)"
30293951,Amerikaweg,unclassified,False,True,506.672,"LINESTRING (7.7496008 53.5367767, 7.7496014 53.5366373, 7.7496087 53.535064, 7.7497587 53.5349607, 7.7514628 53.5348006, 7.7516062 53.5347871, 7.7517799 53.5347026, 7.7516156 53.5332435)"
