osmid,name,highway,oneway,reversed,length,geometry
12707073,Old Arkana Road,tertiary,False,True,454.468,"LINESTRING (-92.3458712 36.2840768, -92.3457497 36.283815, -92.3452401 36.2831592, -92.3447889 36.2825785, -92.3444356 36.2820902, -92.3440239 36.2811056, -92.3438981 36.2806061, -92.3439089 36.2803717)"
12711213,Glade Hill Lane,residential,False,True,88.271,"LINESTRING (-92.3429341 36.2802591, -92.3439089 36.2803717)"
12711213,Glade Hill Lane,residential,False,False,88.271,"LINESTRING (-92.3439089 36.2803717, -92.3429341 36.2802591)"
12707073,Old Arkana Road,tertiary,False,False,454.4680000000001,"LINESTRING (-92.3439089 36.2803717, -92.3438981 36.2806061, -92.3440239 36.2811056, -92.3444356 36.2820902, -92.3447889 36.2825785, -92.3452401 36.2831592, -92.3457497 36.283815, -92.3458712 36.2840768)"
