osmid,name,highway,oneway,reversed,length,geometry
232894349,Dillon Drive,residential,False,True,538.661,"LINESTRING (-83.5933119 41.7743454, -83.5935491 41.7747334, -83.5935912 41.774779, -83.593639 41.7748532, -83.5936544 41.7748907, -83.5936696 41.7749274, -83.5936965 41.7758558, -83.5937149 41.7768157, -83.5937208 41.7771266, -83.59371 41.777173, -83.5936613 41.7772718, -83.593637 41.7773787, -83.5937081 41.7779919, -83.5937042 41.7780533, -83.5936889 41.7781246, -83.5936354 41.7781617, -83.5932548 41.7781987, -83.5931955 41.7782258, -83.5931649 41.7782686, -83.5932046 41.7788198)"
232894349,Dillon Drive,residential,False,False,538.6610000000001,"LINESTRING (-83.5932046 41.7788198, -83.5931649 41.7782686, -83.5931955 41.7782258, -83.5932548 41.7781987, -83.5936354 41.7781617, -83.5936889 41.7781246, -83.5937042 41.7780533, -83.5937081 41.7779919, -83.593637 41.7773787, -83.5936613 41.7772718, -83.59371 41.777173, -83.5937208 41.7771266, -83.5937149 41.7768157, -83.5936965 41.7758558, -83.5936696 41.7749274, -83.5936544 41.7748907, -83.593639 41.7748532, -83.5935912 41.774779, -83.5935491 41.7747334, -83.5933119 41.7743454)"
