osmid,name,highway,oneway,reversed,length,geometry
8946063,Napakiak Drive,residential,False,True,59.302,"LINESTRING (-161.7857421 60.7903733, -161.7848799 60.7900456)"
8946063,Napakiak Drive,residential,False,False,317.135,"LINESTRING (-161.7857421 60.7903733, -161.7865169 60.7907195, -161.7868005 60.7908905, -161.7869346 60.7910751, -161.7870085 60.7912418, -161.7870376 60.7914086, -161.7869688 60.7916242, -161.7868269 60.7918381, -161.7866302 60.7920467, -161.7861175 60.792354, -161.7855311 60.7927842)"
8946063,Napakiak Drive,residential,False,False,59.302,"LINESTRING (-161.7848799 60.7900456, -161.7857421 60.7903733)"
8946063,Napakiak Drive,residential,False,False,108.101,"LINESTRING (-161.7855311 60.7927842, -161.7849029 60.7931959, -161.7843703 60.7935741)"
8946063,Napakiak Drive,residential,False,True,317.135,"LINESTRING (-161.7855311 60.7927842, -161.7861175 60.792354, -161.7866302 60.7920467, -161.7868269 60.7918381, -161.7869688 60.7916242, -161.7870376 60.7914086, -161.7870085 60.7912418, -161.7869346 60.7910751, -161.7868005 60.7908905, -161.7865169 60.7907195, -161.7857421 60.7903733)"
8946888,Quinhagak Lane,residential,False,False,128.44,"LINESTRING (-161.7855311 60.7927842, -161.7870777 60.7933031, -161.7874761 60.7934425)"
8946063,Napakiak Drive,residential,False,True,108.101,"LINESTRING (-161.7843703 60.7935741, -161.7849029 60.7931959, -161.7855311 60.7927842)"
8946888,Quinhagak Lane,residential,False,True,128.44,"LINESTRING (-161.7874761 60.7934425, -161.7870777 60.7933031, -161.7855311 60.7927842)"
