osmid,highway,oneway,reversed,length,geometry
1269063428,residential,False,False,26.869999999999997,"LINESTRING (-111.2647828 45.2517546, -111.2647414 45.2516146, -111.26466 45.2515343)"
1269063428,residential,False,True,26.869999999999997,"LINESTRING (-111.26466 45.2515343, -111.2647414 45.2516146, -111.2647828 45.2517546)"
1269063429,residential,False,True,189.257,"LINESTRING (-111.26466 45.2515343, -111.2648175 45.2514884, -111.2651542 45.2514119, -111.2655507 45.2514349, -111.2670334 45.2512972)"
1269063429,residential,False,False,189.25699999999998,"LINESTRING (-111.2670334 45.2512972, -111.2655507 45.2514349, -111.2651542 45.2514119, -111.2648175 45.2514884, -111.26466 45.2515343)"
