osmid,name,highway,oneway,reversed,length,geometry
"[18367325, 18382479]",Helm Street,residential,False,True,49.807,"LINESTRING (-91.924999 38.853012, -91.925205 38.853016, -91.925574 38.853023)"
18382479,Helm Street,residential,False,False,11.43,"LINESTRING (-91.925706 38.853023, -91.925574 38.853023)"
18380374,Castlewood Avenue,residential,False,False,307.401,"LINESTRING (-91.92443 38.850895, -91.924921 38.850915, -91.925091 38.85094, -91.925241 38.850989, -91.92538 38.851068, -91.925459 38.851163, -91.925517 38.851297, -91.925565 38.851454, -91.925573 38.851618, -91.9255971 38.8518777, -91.925595 38.8521909, -91.9255952 38.852202, -91.9255988 38.8524401, -91.925574 38.852909, -91.925574 38.853023)"
18382479,Helm Street,residential,False,True,11.43,"LINESTRING (-91.925574 38.853023, -91.925706 38.853023)"
18380374,Castlewood Avenue,residential,False,True,307.401,"LINESTRING (-91.925574 38.853023, -91.925574 38.852909, -91.9255988 38.8524401, -91.9255952 38.852202, -91.925595 38.8521909, -91.9255971 38.8518777, -91.925573 38.851618, -91.925565 38.851454, -91.925517 38.851297, -91.925459 38.851163, -91.92538 38.851068, -91.925241 38.850989, -91.925091 38.85094, -91.924921 38.850915, -91.92443 38.850895)"
"[18367325, 18382479]",Helm Street,residential,False,False,49.807,"LINESTRING (-91.925574 38.853023, -91.925205 38.853016, -91.924999 38.853012)"
