osmid,highway,oneway,reversed,length,geometry
11862481,residential,False,False,893.9780000000001,"LINESTRING (-78.450068 40.987199, -78.449661 40.988188, -78.449208 40.98835, -78.448089 40.988394, -78.447595 40.988506, -78.44729 40.989336, -78.44664 40.989704, -78.446143 40.990057, -78.444332 40.990697, -78.44391 40.990949, -78.443065 40.991041, -78.443003 40.99104, -78.441993 40.990818)"
11862481,residential,False,True,893.9780000000001,"LINESTRING (-78.441993 40.990818, -78.443003 40.99104, -78.443065 40.991041, -78.44391 40.990949, -78.444332 40.990697, -78.446143 40.990057, -78.44664 40.989704, -78.44729 40.989336, -78.447595 40.988506, -78.448089 40.988394, -78.449208 40.98835, -78.449661 40.988188, -78.450068 40.987199)"
