osmid,lanes,ref,highway,maxspeed,oneway,reversed,length,geometry,name
21049460,2,FM 1389,secondary,50 mph,False,False,442.87,"LINESTRING (-96.5086539 32.5887526, -96.5081048 32.5882806, -96.5077707 32.5879934, -96.5076639 32.5879016, -96.5072946 32.5875707, -96.5069239 32.5872386, -96.5066059 32.5869546, -96.5058344 32.5862932, -96.5055549 32.5860536, -96.5053669 32.5858906)",
21049460,2,FM 1389,secondary,50 mph,False,True,371.005,"LINESTRING (-96.5086539 32.5887526, -96.5094907 32.5894784, -96.5098219 32.5897656, -96.5098267 32.5897698, -96.5098999 32.5898343, -96.5101112 32.5900205, -96.5108567 32.5906772, -96.5108799 32.5906976, -96.5114109 32.5911476)",
21049460,2,FM 1389,secondary,50 mph,False,False,371.005,"LINESTRING (-96.5114109 32.5911476, -96.5108799 32.5906976, -96.5108567 32.5906772, -96.5101112 32.5900205, -96.5098999 32.5898343, -96.5098267 32.5897698, -96.5098219 32.5897656, -96.5094907 32.5894784, -96.5086539 32.5887526)",
21057961,2,FM 1389,secondary,50 mph,False,True,277.33400000000006,"LINESTRING (-96.5114109 32.5911476, -96.5119266 32.5916234, -96.5129368 32.5924826, -96.513183 32.592692, -96.5134788 32.5929315)",Farm-to-Market Road 1389
21049460,2,FM 1389,secondary,50 mph,False,True,442.87,"LINESTRING (-96.5053669 32.5858906, -96.5055549 32.5860536, -96.5058344 32.5862932, -96.5066059 32.5869546, -96.5069239 32.5872386, -96.5072946 32.5875707, -96.5076639 32.5879016, -96.5077707 32.5879934, -96.5081048 32.5882806, -96.5086539 32.5887526)",
21057961,2,FM 1389,secondary,50 mph,False,False,277.334,"LINESTRING (-96.5134788 32.5929315, -96.513183 32.592692, -96.5129368 32.5924826, -96.5119266 32.5916234, -96.5114109 32.5911476)",Farm-to-Market Road 1389
