osmid,ref,name,highway,oneway,reversed,length,geometry
571638014,D3,Lake Earl Drive,secondary,False,False,35.375,"LINESTRING (-124.1557063 41.8554496, -124.1555334 41.8557405)"
269510082,,,secondary_link,True,False,37.537,"LINESTRING (-124.1557063 41.8554496, -124.1555855 41.8555564, -124.1555445 41.8555879, -124.1555009 41.8556078, -124.1554357 41.8556316, -124.1553555 41.8556478)"
571638014,D3,Lake Earl Drive,secondary,False,False,28.962,"LINESTRING (-124.1555334 41.8557405, -124.1554021 41.8559819)"
571638014,D3,Lake Earl Drive,secondary,False,True,35.375,"LINESTRING (-124.1555334 41.8557405, -124.1557063 41.8554496)"
269510086,,,secondary_link,True,False,18.454,"LINESTRING (-124.1555334 41.8557405, -124.1554693 41.8556845, -124.1553555 41.8556478)"
571638014,D3,Lake Earl Drive,secondary,False,True,28.962,"LINESTRING (-124.1554021 41.8559819, -124.1555334 41.8557405)"
269510081,,,secondary_link,True,False,26.04,"LINESTRING (-124.1552333 41.8557005, -124.1554042 41.8557519, -124.1555334 41.8557405)"
269832666,,,secondary_link,True,False,36.089,"LINESTRING (-124.1552333 41.8557005, -124.155317 41.8557566, -124.1553583 41.8557989, -124.1553782 41.8558364, -124.1554035 41.8559048, -124.1554021 41.8559819)"
