osmid,name,highway,oneway,reversed,length,geometry
12273876,Richland Road,residential,False,False,18.853,"LINESTRING (-77.278411 40.151196, -77.278574 40.151311)"
12338801,Belle Drive,residential,False,False,224.61700000000002,"LINESTRING (-77.278411 40.151196, -77.278157 40.151405, -77.277717 40.151781, -77.277599 40.151862, -77.277369 40.151985, -77.277235 40.152089, -77.276953 40.152324, -77.276886 40.152404, -77.276826 40.152455, -77.276721 40.152531, -77.276645 40.152573, -77.276542 40.152602)"
12273876,Richland Road,residential,False,True,18.853,"LINESTRING (-77.278574 40.151311, -77.278411 40.151196)"
12279269,,residential,False,True,62.067,"LINESTRING (-77.278574 40.151311, -77.278093 40.151731)"
12279269,,residential,False,False,97.30799999999999,"LINESTRING (-77.278574 40.151311, -77.279185 40.150808, -77.279215 40.150768, -77.279239 40.150693, -77.279281 40.150636)"
12279269,,residential,False,False,62.067,"LINESTRING (-77.278093 40.151731, -77.278574 40.151311)"
12279269,,residential,False,True,97.308,"LINESTRING (-77.279281 40.150636, -77.279239 40.150693, -77.279215 40.150768, -77.279185 40.150808, -77.278574 40.151311)"
12338801,Belle Drive,residential,False,True,224.61699999999996,"LINESTRING (-77.276542 40.152602, -77.276645 40.152573, -77.276721 40.152531, -77.276826 40.152455, -77.276886 40.152404, -77.276953 40.152324, -77.277235 40.152089, -77.277369 40.151985, -77.277599 40.151862, -77.277717 40.151781, -77.278157 40.151405, -77.278411 40.151196)"
