osmid,highway,oneway,reversed,length,geometry,name
12623695,residential,False,False,294.04,"LINESTRING (-93.747907 32.022562, -93.747904 32.022463, -93.747908 32.022319, -93.747941 32.021216, -93.747934 32.020797, -93.747909 32.020758, -93.747836 32.020691, -93.747777 32.020659, -93.747592 32.02058, -93.747477 32.020415, -93.747427 32.020283, -93.747405 32.020106)",
12637208,residential,False,False,120.202,"LINESTRING (-93.747907 32.022562, -93.747492 32.022413, -93.746827 32.022)",Radio Station Road
12623695,residential,False,True,294.03999999999996,"LINESTRING (-93.747405 32.020106, -93.747427 32.020283, -93.747477 32.020415, -93.747592 32.02058, -93.747777 32.020659, -93.747836 32.020691, -93.747909 32.020758, -93.747934 32.020797, -93.747941 32.021216, -93.747908 32.022319, -93.747904 32.022463, -93.747907 32.022562)",
12623699,residential,False,False,260.549,"LINESTRING (-93.747405 32.020106, -93.747297 32.0201, -93.746954 32.020082, -93.746892 32.020103, -93.746861 32.020159, -93.746842 32.02041, -93.746831 32.021579, -93.746827 32.022)",
12623699,residential,False,True,153.60000000000002,"LINESTRING (-93.747405 32.020106, -93.74779 32.020108, -93.747917 32.020072, -93.748174 32.019641, -93.748317 32.019365, -93.748403 32.019226)",
12623699,residential,False,False,153.6,"LINESTRING (-93.748403 32.019226, -93.748317 32.019365, -93.748174 32.019641, -93.747917 32.020072, -93.74779 32.020108, -93.747405 32.020106)",
12623699,residential,False,True,260.54900000000004,"LINESTRING (-93.746827 32.022, -93.746831 32.021579, -93.746842 32.02041, -93.746861 32.020159, -93.746892 32.020103, -93.746954 32.020082, -93.747297 32.0201, -93.747405 32.020106)",
12637208,residential,False,True,120.202,"LINESTRING (-93.746827 32.022, -93.747492 32.022413, -93.747907 32.022562)",Radio Station Road
