osmid,name,highway,oneway,reversed,length,geometry
11637598,Laga Court,residential,False,False,285.858,"LINESTRING (-74.8133 40.446482, -74.81456 40.446209, -74.81472 40.446173, -74.814888 40.446147, -74.815056 40.446142, -74.815231 40.446143, -74.815399 40.446166, -74.815567 40.446206, -74.815727 40.446252, -74.8157762 40.4462707, -74.81588 40.44631, -74.816033 40.446365, -74.816162 40.446414, -74.8162393 40.4464343, -74.816284 40.446446, -74.816401 40.446482, -74.816527 40.44646)"
469231014,Van Lieus Road,residential,False,False,589.516,"LINESTRING (-74.8133 40.446482, -74.8131209 40.4459671, -74.8129979 40.4456203, -74.8123522 40.4437999, -74.811517 40.441357)"
469231014,Van Lieus Road,residential,False,True,589.516,"LINESTRING (-74.811517 40.441357, -74.8123522 40.4437999, -74.8129979 40.4456203, -74.8131209 40.4459671, -74.8133 40.446482)"
11637598,Laga Court,residential,False,True,285.858,"LINESTRING (-74.816527 40.44646, -74.816401 40.446482, -74.816284 40.446446, -74.8162393 40.4464343, -74.816162 40.446414, -74.816033 40.446365, -74.81588 40.44631, -74.8157762 40.4462707, -74.815727 40.446252, -74.815567 40.446206, -74.815399 40.446166, -74.815231 40.446143, -74.815056 40.446142, -74.814888 40.446147, -74.81472 40.446173, -74.81456 40.446209, -74.8133 40.446482)"
