osmid,name,highway,oneway,reversed,length,geometry,lanes,ref
17857636,East Bluewater Drive,residential,False,False,108.97,"LINESTRING (-85.662915 44.8189528, -85.6642957 44.8189872)",,
17864319,South Cedar Brook Court,residential,False,True,467.70700000000005,"LINESTRING (-85.662915 44.8189528, -85.662908 44.818706, -85.662917 44.818325, -85.662907 44.818148, -85.662888 44.818045, -85.662851 44.81798, -85.662805 44.817916, -85.662724 44.817858, -85.662616 44.817799, -85.659307 44.816282, -85.659235 44.816268, -85.6590534 44.816258)",,
17857636,East Bluewater Drive,residential,False,True,108.97,"LINESTRING (-85.6642957 44.8189872, -85.662915 44.8189528)",,
17862728,South Dalzell Road,residential,False,False,104.059,"LINESTRING (-85.6642957 44.8189872, -85.6643389 44.818315, -85.6643716 44.8180531)",,
17860303,East Cherry Bend Road,tertiary,False,False,233.46599999999998,"LINESTRING (-85.6643716 44.8180531, -85.664683 44.818198, -85.665952 44.818749, -85.6664669 44.8189866, -85.6668632 44.8191854)",2,CR 633
17862728,South Dalzell Road,residential,False,True,104.059,"LINESTRING (-85.6643716 44.8180531, -85.6643389 44.818315, -85.6642957 44.8189872)",,
17860303,East Cherry Bend Road,tertiary,False,True,233.466,"LINESTRING (-85.6668632 44.8191854, -85.6664669 44.8189866, -85.665952 44.818749, -85.664683 44.818198, -85.6643716 44.8180531)",2,CR 633
17864319,South Cedar Brook Court,residential,False,False,467.70699999999994,"LINESTRING (-85.6590534 44.816258, -85.659235 44.816268, -85.659307 44.816282, -85.662616 44.817799, -85.662724 44.817858, -85.662805 44.817916, -85.662851 44.81798, -85.662888 44.818045, -85.662907 44.818148, -85.662917 44.818325, -85.662908 44.818706, -85.662915 44.8189528)",,
