osmid,highway,oneway,reversed,length,geometry
10419991,unclassified,False,True,61.659,"LINESTRING (-3.0072349 56.3368193, -3.007013 56.33736)"
10419991,unclassified,False,False,61.659,"LINESTRING (-3.007013 56.33736, -3.0072349 56.3368193)"
24204565,residential,True,False,102.02600000000001,"LINESTRING (-3.007013 56.33736, -3.0075438 56.3374089, -3.0075379 56.3372803, -3.0072349 56.3368193)"
