osmid,name,highway,oneway,reversed,length,geometry
688194624,Chelsea Lane,residential,False,False,142.098,"LINESTRING (-85.6398085 44.7187451, -85.6400496 44.7187186, -85.6404881 44.718611, -85.6407213 44.7185464, -85.6411473 44.7184707, -85.6414189 44.7184189, -85.6415357 44.7183995)"
688194624,Chelsea Lane,residential,False,True,142.098,"LINESTRING (-85.6415357 44.7183995, -85.6414189 44.7184189, -85.6411473 44.7184707, -85.6407213 44.7185464, -85.6404881 44.718611, -85.6400496 44.7187186, -85.6398085 44.7187451)"
