osmid,lanes,name,highway,oneway,reversed,length,geometry
355880942,2,Black Hole Road,tertiary,False,False,12.863,"LINESTRING (-64.4938303 45.1867581, -64.4938178 45.1867673, -64.4937282 45.1868486)"
355881002,2,Gospel Road,tertiary,False,True,16.765,"LINESTRING (-64.4938303 45.1867581, -64.4938297 45.1867851, -64.4938423 45.1868309, -64.4938458 45.1868355, -64.4938687 45.1868665, -64.4938811 45.1869024)"
355880999,2,Gospel Road,tertiary,False,True,13.393,"LINESTRING (-64.4937282 45.1868486, -64.4938811 45.1869024)"
355880942,2,Black Hole Road,tertiary,False,True,12.863,"LINESTRING (-64.4937282 45.1868486, -64.4938178 45.1867673, -64.4938303 45.1867581)"
355880999,2,Gospel Road,tertiary,False,False,13.393,"LINESTRING (-64.4938811 45.1869024, -64.4937282 45.1868486)"
355881002,2,Gospel Road,tertiary,False,False,16.765,"LINESTRING (-64.4938811 45.1869024, -64.4938687 45.1868665, -64.4938458 45.1868355, -64.4938423 45.1868309, -64.4938297 45.1867851, -64.4938303 45.1867581)"
