osmid,name,highway,oneway,reversed,length,geometry,lanes
10770895,Magnolia Road,residential,False,False,235.68,"LINESTRING (-80.5982027 27.9536377, -80.5981981 27.9517087, -80.5982139 27.9515187)",
41820330,Valkaria Road,tertiary,False,False,799.358,"LINESTRING (-80.5982027 27.9536377, -80.5966099 27.9536425, -80.5956235 27.953655, -80.5952783 27.9536635, -80.5937831 27.9536647, -80.5935324 27.953656, -80.5934323 27.9536525, -80.5933887 27.953651, -80.5933136 27.9536484, -80.5927805 27.9536483, -80.5922874 27.9536482, -80.590065 27.9536477)",2
10770895,Magnolia Road,residential,False,True,235.68,"LINESTRING (-80.5982139 27.9515187, -80.5981981 27.9517087, -80.5982027 27.9536377)",
41820330,Valkaria Road,tertiary,False,True,799.358,"LINESTRING (-80.590065 27.9536477, -80.5922874 27.9536482, -80.5927805 27.9536483, -80.5933136 27.9536484, -80.5933887 27.953651, -80.5934323 27.9536525, -80.5935324 27.953656, -80.5937831 27.9536647, -80.5952783 27.9536635, -80.5956235 27.953655, -80.5966099 27.9536425, -80.5982027 27.9536377)",2
