osmid,name,highway,oneway,reversed,length,geometry
13089543,Township Road 315,residential,False,False,692.9069999999999,"LINESTRING (-96.250991 37.868781, -96.2510669 37.872925, -96.2510769 37.8736909, -96.2510942 37.8750119)"
13089543,Township Road 315,residential,False,True,692.9069999999999,"LINESTRING (-96.2510942 37.8750119, -96.2510769 37.8736909, -96.2510669 37.872925, -96.250991 37.868781)"
