osmid,ref,name,highway,oneway,reversed,length,geometry
15532681,County Route 17,Frankford Road,tertiary,False,False,876.4920000000002,"LINESTRING (-80.452305 37.957074, -80.452551 37.957304, -80.452791 37.957441, -80.452896 37.957534, -80.45311 37.957796, -80.453309 37.958145, -80.453373 37.958206, -80.4534643 37.9583126, -80.453839 37.95882, -80.453987 37.959167, -80.454044 37.959509, -80.454024 37.959629, -80.453855 37.959929, -80.453848 37.960017, -80.453867 37.960044, -80.453943 37.960074, -80.454037 37.960056, -80.45426 37.959922, -80.454437 37.959873, -80.454525 37.959872, -80.454749 37.959918, -80.455175 37.960082, -80.455441 37.960245, -80.455645 37.960412, -80.455834 37.960609, -80.455921 37.960722, -80.456102 37.961117, -80.456186 37.961367, -80.456243 37.961855, -80.456341 37.962274, -80.456369 37.962604, -80.456407 37.962815, -80.456512 37.96305, -80.4565488 37.9630938)"
15532681,County Route 17,Frankford Road,tertiary,False,True,876.4920000000001,"LINESTRING (-80.4565488 37.9630938, -80.456512 37.96305, -80.456407 37.962815, -80.456369 37.962604, -80.456341 37.962274, -80.456243 37.961855, -80.456186 37.961367, -80.456102 37.961117, -80.455921 37.960722, -80.455834 37.960609, -80.455645 37.960412, -80.455441 37.960245, -80.455175 37.960082, -80.454749 37.959918, -80.454525 37.959872, -80.454437 37.959873, -80.45426 37.959922, -80.454037 37.960056, -80.453943 37.960074, -80.453867 37.960044, -80.453848 37.960017, -80.453855 37.959929, -80.454024 37.959629, -80.454044 37.959509, -80.453987 37.959167, -80.453839 37.95882, -80.4534643 37.9583126, -80.453373 37.958206, -80.453309 37.958145, -80.45311 37.957796, -80.452896 37.957534, -80.452791 37.957441, -80.452551 37.957304, -80.452305 37.957074)"
15538061,,,residential,False,False,347.62500000000006,"LINESTRING (-80.4565488 37.9630938, -80.455951 37.963031, -80.454725 37.96266, -80.453612 37.96221, -80.452924 37.961891)"
15538061,,,residential,False,True,347.625,"LINESTRING (-80.452924 37.961891, -80.453612 37.96221, -80.454725 37.96266, -80.455951 37.963031, -80.4565488 37.9630938)"
