osmid,name,highway,oneway,reversed,length,geometry,lanes,maxspeed
18012484,154th Avenue Northeast,residential,False,False,205.023,"LINESTRING (-93.2493703 45.2499244, -93.251526 45.24991, -93.2519884 45.2499292)",,
18014707,Jackson Street Northeast,residential,False,False,103.77300000000001,"LINESTRING (-93.2493703 45.2499244, -93.249509 45.249486, -93.249689 45.249061, -93.2497115 45.2490236)",2,30 mph
18012484,154th Avenue Northeast,residential,False,True,205.023,"LINESTRING (-93.2519884 45.2499292, -93.251526 45.24991, -93.2493703 45.2499244)",,
18012487,154th Avenue Northeast,residential,False,False,321.76200000000006,"LINESTRING (-93.2497115 45.2490236, -93.24937 45.2489394, -93.249001 45.248911, -93.247816 45.248923, -93.246377 45.248955, -93.2459812 45.2489471, -93.245625 45.24894)",,
18014707,Jackson Street Northeast,residential,False,False,137.507,"LINESTRING (-93.2497115 45.2490236, -93.249999 45.248649, -93.250337 45.248313, -93.250455 45.248134, -93.2505 45.248001, -93.250504 45.247936)",2,30 mph
18014707,Jackson Street Northeast,residential,False,True,103.773,"LINESTRING (-93.2497115 45.2490236, -93.249689 45.249061, -93.249509 45.249486, -93.2493703 45.2499244)",2,30 mph
18012487,154th Avenue Northeast,residential,False,True,321.76200000000006,"LINESTRING (-93.245625 45.24894, -93.2459812 45.2489471, -93.246377 45.248955, -93.247816 45.248923, -93.249001 45.248911, -93.24937 45.2489394, -93.2497115 45.2490236)",,
18014707,Jackson Street Northeast,residential,False,True,137.507,"LINESTRING (-93.250504 45.247936, -93.2505 45.248001, -93.250455 45.248134, -93.250337 45.248313, -93.249999 45.248649, -93.2497115 45.2490236)",2,30 mph
