osmid,lanes,ref,name,highway,maxspeed,oneway,reversed,length,geometry
20953541,4,TX 43,West Pinecrest Drive,primary,60 mph,False,False,206.355,"LINESTRING (-94.3938319 32.5211411, -94.3946766 32.5203643, -94.3948435 32.5202111, -94.3949834 32.5200709, -94.3951355 32.5199082, -94.3952788 32.5197445)"
20954367,,,Meadow Lane,residential,,False,False,695.8969999999999,"LINESTRING (-94.3938319 32.5211411, -94.3939164 32.5211688, -94.3939832 32.5211876, -94.3940461 32.5211923, -94.394632 32.5211927, -94.3979943 32.521199, -94.3990621 32.5211732, -94.3994503 32.5211732, -94.4007317 32.5211852, -94.4010126 32.5211838, -94.401243 32.5211971)"
20953541,4,TX 43,West Pinecrest Drive,primary,60 mph,False,True,206.355,"LINESTRING (-94.3952788 32.5197445, -94.3951355 32.5199082, -94.3949834 32.5200709, -94.3948435 32.5202111, -94.3946766 32.5203643, -94.3938319 32.5211411)"
20954367,,,Meadow Lane,residential,,False,True,695.8969999999999,"LINESTRING (-94.401243 32.5211971, -94.4010126 32.5211838, -94.4007317 32.5211852, -94.3994503 32.5211732, -94.3990621 32.5211732, -94.3979943 32.521199, -94.394632 32.5211927, -94.3940461 32.5211923, -94.3939832 32.5211876, -94.3939164 32.5211688, -94.3938319 32.5211411)"
