osmid,highway,oneway,reversed,length,geometry,lanes,name,maxspeed
13058598,residential,False,False,134.56799999999998,"LINESTRING (-77.690567 42.249511, -77.691158 42.250051, -77.691641 42.250422)",,,
13196831,tertiary,False,True,272.482,"LINESTRING (-77.690567 42.249511, -77.69084 42.249351, -77.691203 42.249074, -77.692732 42.247817, -77.692826 42.247725)",2,County Route 28,55 mph
13058598,residential,False,True,134.56799999999998,"LINESTRING (-77.691641 42.250422, -77.691158 42.250051, -77.690567 42.249511)",,,
13196831,tertiary,False,False,128.496,"LINESTRING (-77.693846 42.246852, -77.693554 42.247132, -77.6934609 42.247214, -77.693217 42.247429, -77.692826 42.247725)",2,County Route 28,55 mph
13196831,tertiary,False,False,272.48199999999997,"LINESTRING (-77.692826 42.247725, -77.692732 42.247817, -77.691203 42.249074, -77.69084 42.249351, -77.690567 42.249511)",2,County Route 28,55 mph
13196831,tertiary,False,True,128.49599999999998,"LINESTRING (-77.692826 42.247725, -77.693217 42.247429, -77.6934609 42.247214, -77.693554 42.247132, -77.693846 42.246852)",2,County Route 28,55 mph
