osmid,name,highway,oneway,reversed,length,bridge,geometry,maxspeed
142034825,Thorncote Road,tertiary,False,True,7.41,,"LINESTRING (-0.3113136 52.1173081, -0.3113844 52.1172576)",
"[1046875280, 1046875281, 254045718]",Thorncote Road,tertiary,False,False,331.065,yes,"LINESTRING (-0.3113136 52.1173081, -0.3111709 52.1174067, -0.3109203 52.1175536, -0.3107837 52.1176621, -0.3106858 52.1177806, -0.3105812 52.1178685, -0.3104574 52.1179205, -0.3102701 52.1179546, -0.3090316 52.1180843, -0.3082002 52.1181996, -0.307793 52.1182334, -0.3076168 52.1182378, -0.3069878 52.1182294)",
590835486,,tertiary,False,True,204.038,,"LINESTRING (-0.3068207 52.1163974, -0.3068814 52.1171509, -0.3069446 52.1178773, -0.3069878 52.1182294)",60 mph
590835486,,tertiary,False,False,204.038,,"LINESTRING (-0.3069878 52.1182294, -0.3069446 52.1178773, -0.3068814 52.1171509, -0.3068207 52.1163974)",60 mph
"[1046875280, 1046875281, 254045718]",Thorncote Road,tertiary,False,True,331.065,yes,"LINESTRING (-0.3069878 52.1182294, -0.3076168 52.1182378, -0.307793 52.1182334, -0.3082002 52.1181996, -0.3090316 52.1180843, -0.3102701 52.1179546, -0.3104574 52.1179205, -0.3105812 52.1178685, -0.3106858 52.1177806, -0.3107837 52.1176621, -0.3109203 52.1175536, -0.3111709 52.1174067, -0.3113136 52.1173081)",
32195121,Hatch Common,residential,False,True,160.04500000000004,,"LINESTRING (-0.3108358 52.1159262, -0.3109872 52.1159705, -0.3110854 52.116077, -0.3112088 52.1170389, -0.311217 52.1170544, -0.311273 52.1171601, -0.3113052 52.1172095, -0.3113844 52.1172576)",
142034825,Thorncote Road,tertiary,False,False,7.41,,"LINESTRING (-0.3113844 52.1172576, -0.3113136 52.1173081)",
32195121,Hatch Common,residential,False,False,160.04500000000002,,"LINESTRING (-0.3113844 52.1172576, -0.3113052 52.1172095, -0.311273 52.1171601, -0.311217 52.1170544, -0.3112088 52.1170389, -0.3110854 52.116077, -0.3109872 52.1159705, -0.3108358 52.1159262)",
