osmid,name,highway,oneway,reversed,length,geometry
16610163,Country Club Road,residential,False,False,155.602,"LINESTRING (-77.0163155 36.3593228, -77.0157038 36.3601545, -77.0156025 36.3603858, -77.0154533 36.3605297)"
16610163,Country Club Road,residential,False,True,155.602,"LINESTRING (-77.0154533 36.3605297, -77.0156025 36.3603858, -77.0157038 36.3601545, -77.0163155 36.3593228)"
