osmid,highway,oneway,reversed,length,geometry,name,ref
16208014,residential,False,False,270.835,"LINESTRING (-88.963908 36.688108, -88.963764 36.688097, -88.963477 36.688086, -88.961908 36.68815, -88.961277 36.68815, -88.960984 36.68816, -88.960874 36.688156)",,
16209435,residential,False,False,379.342,"LINESTRING (-88.963908 36.688108, -88.963865 36.689539, -88.963865 36.690053, -88.963844 36.690556, -88.963845 36.690907, -88.963861 36.691014, -88.96389 36.691109, -88.963931 36.691194, -88.964054 36.691374, -88.964136 36.691462)",Ray Spicer Road,
16208014,residential,False,True,270.83500000000004,"LINESTRING (-88.960874 36.688156, -88.960984 36.68816, -88.961277 36.68815, -88.961908 36.68815, -88.963477 36.688086, -88.963764 36.688097, -88.963908 36.688108)",,
16209002,secondary,False,False,259.889,"LINESTRING (-88.964136 36.691462, -88.964012 36.691561, -88.963889 36.691688, -88.963784 36.691828, -88.963699 36.691981, -88.963644 36.692116, -88.9636 36.692306, -88.963576 36.692484, -88.963491 36.693673)",,KY 703
16209435,residential,False,True,379.342,"LINESTRING (-88.964136 36.691462, -88.964054 36.691374, -88.963931 36.691194, -88.96389 36.691109, -88.963861 36.691014, -88.963845 36.690907, -88.963844 36.690556, -88.963865 36.690053, -88.963865 36.689539, -88.963908 36.688108)",Ray Spicer Road,
16209002,secondary,False,True,259.889,"LINESTRING (-88.963491 36.693673, -88.963576 36.692484, -88.9636 36.692306, -88.963644 36.692116, -88.963699 36.691981, -88.963784 36.691828, -88.963889 36.691688, -88.964012 36.691561, -88.964136 36.691462)",,KY 703
