osmid,name,highway,oneway,reversed,length,geometry
8718207,West Wardlow Road,residential,False,False,659.81,"LINESTRING (-83.6306 42.651986, -83.6298218 42.6520271, -83.6292843 42.6520556, -83.628595 42.652092, -83.627242 42.652172, -83.62532 42.652271, -83.624769 42.6523, -83.6235115 42.6523618, -83.6230241 42.6523803, -83.6228692 42.6523837, -83.6225514 42.6523907)"
8718207,West Wardlow Road,residential,False,False,247.62,"LINESTRING (-83.6225514 42.6523907, -83.622439 42.652391, -83.622105 42.652392, -83.621784 42.6523929, -83.6212863 42.6524059, -83.6199433 42.6524411, -83.619525 42.652452)"
8718207,West Wardlow Road,residential,False,True,659.81,"LINESTRING (-83.6225514 42.6523907, -83.6228692 42.6523837, -83.6230241 42.6523803, -83.6235115 42.6523618, -83.624769 42.6523, -83.62532 42.652271, -83.627242 42.652172, -83.628595 42.652092, -83.6292843 42.6520556, -83.6298218 42.6520271, -83.6306 42.651986)"
1095926099,Energy Way,residential,False,False,95.4,"LINESTRING (-83.6225514 42.6523907, -83.6225465 42.6520556, -83.6225431 42.6518224, -83.6225389 42.6515328)"
8718207,West Wardlow Road,residential,False,True,247.62000000000003,"LINESTRING (-83.619525 42.652452, -83.6199433 42.6524411, -83.6212863 42.6524059, -83.621784 42.6523929, -83.622105 42.652392, -83.622439 42.652391, -83.6225514 42.6523907)"
1095926099,Energy Way,residential,False,True,95.4,"LINESTRING (-83.6225389 42.6515328, -83.6225431 42.6518224, -83.6225465 42.6520556, -83.6225514 42.6523907)"
