osmid,highway,oneway,reversed,length,geometry
17796753,residential,False,False,112.311,"LINESTRING (-84.603122 41.88068, -84.60311 41.88169)"
17796757,residential,False,False,31.648,"LINESTRING (-84.603122 41.88068, -84.602742 41.880649)"
17796757,residential,False,True,108.394,"LINESTRING (-84.603122 41.88068, -84.603518 41.880689, -84.603653 41.880673, -84.603763 41.880671, -84.603884 41.880642, -84.603952 41.880622, -84.604151 41.880571, -84.604277 41.880543, -84.604401 41.880538)"
17796753,residential,False,True,112.311,"LINESTRING (-84.60311 41.88169, -84.603122 41.88068)"
17796757,residential,False,False,108.39399999999999,"LINESTRING (-84.604401 41.880538, -84.604277 41.880543, -84.604151 41.880571, -84.603952 41.880622, -84.603884 41.880642, -84.603763 41.880671, -84.603653 41.880673, -84.603518 41.880689, -84.603122 41.88068)"
17796864,residential,False,True,132.62,"LINESTRING (-84.604401 41.880538, -84.604409 41.880679, -84.604398 41.88096, -84.604366 41.881008, -84.604275 41.881074, -84.604123 41.881154, -84.603979 41.881197, -84.603539 41.881365)"
17796757,residential,False,True,31.648,"LINESTRING (-84.602742 41.880649, -84.603122 41.88068)"
17796864,residential,False,False,132.62,"LINESTRING (-84.603539 41.881365, -84.603979 41.881197, -84.604123 41.881154, -84.604275 41.881074, -84.604366 41.881008, -84.604398 41.88096, -84.604409 41.880679, -84.604401 41.880538)"
