osmid,highway,oneway,reversed,length,geometry
10397342,residential,False,True,176.447,"LINESTRING (-119.191075 35.668974, -119.191271 35.668585, -119.191945 35.667555)"
10397342,residential,False,False,176.447,"LINESTRING (-119.191945 35.667555, -119.191271 35.668585, -119.191075 35.668974)"
