osmid,name,highway,oneway,reversed,length,geometry
21007747,County Road R,residential,False,True,65.11099999999999,"LINESTRING (-101.347219 35.812251, -101.347167 35.812259, -101.34689 35.81226, -101.346863 35.81226, -101.346498 35.812252)"
21007747,County Road R,residential,False,False,65.111,"LINESTRING (-101.346498 35.812252, -101.346863 35.81226, -101.34689 35.81226, -101.347167 35.812259, -101.347219 35.812251)"
