osmid,name,highway,oneway,reversed,length,lanes,geometry,maxspeed
1221651956,Wianecki Road,unclassified,False,True,64.953,,"LINESTRING (-89.6642779 44.8330976, -89.6634542 44.8330991)",
14892510,Happy Hollow Road,unclassified,False,True,413.42499999999995,2,"LINESTRING (-89.6637524 44.8294261, -89.6634296 44.8293907, -89.6625945 44.8293898, -89.6624149 44.8293896, -89.6598437 44.8293791, -89.6595937 44.829373, -89.6594777 44.8293408, -89.6593549 44.8293057, -89.6592545 44.8292891, -89.6591261 44.8292908, -89.6590071 44.829309, -89.6588904 44.8293487, -89.6587713 44.8294183, -89.658671 44.8295292)",
392690998,Old Highway 51,tertiary,False,False,410.178,2,"LINESTRING (-89.6637524 44.8294261, -89.6634293 44.8299058, -89.6629416 44.8306411, -89.6625611 44.8312098, -89.6620509 44.8319692, -89.6615293 44.832761)",45 mph
14892510,Happy Hollow Road,unclassified,False,False,413.42500000000007,2,"LINESTRING (-89.658671 44.8295292, -89.6587713 44.8294183, -89.6588904 44.8293487, -89.6590071 44.829309, -89.6591261 44.8292908, -89.6592545 44.8292891, -89.6593549 44.8293057, -89.6594777 44.8293408, -89.6595937 44.829373, -89.6598437 44.8293791, -89.6624149 44.8293896, -89.6625945 44.8293898, -89.6634296 44.8293907, -89.6637524 44.8294261)",
392690998,Old Highway 51,tertiary,False,True,410.178,2,"LINESTRING (-89.6615293 44.832761, -89.6620509 44.8319692, -89.6625611 44.8312098, -89.6629416 44.8306411, -89.6634293 44.8299058, -89.6637524 44.8294261)",45 mph
1221651956,Wianecki Road,unclassified,False,False,160.29199999999997,,"LINESTRING (-89.6615293 44.832761, -89.6618516 44.832873, -89.6619661 44.8329115, -89.6620324 44.8329501, -89.6620586 44.8329654, -89.6621741 44.8330192, -89.6622665 44.8330426, -89.6623929 44.8330576, -89.6634542 44.8330991)",
1221651956,Wianecki Road,unclassified,False,False,64.953,,"LINESTRING (-89.6634542 44.8330991, -89.6642779 44.8330976)",
1221651956,Wianecki Road,unclassified,False,True,160.29199999999997,,"LINESTRING (-89.6634542 44.8330991, -89.6623929 44.8330576, -89.6622665 44.8330426, -89.6621741 44.8330192, -89.6620586 44.8329654, -89.6620324 44.8329501, -89.6619661 44.8329115, -89.6618516 44.832873, -89.6615293 44.832761)",
