osmid,name,highway,oneway,reversed,length,geometry
17192467,Maple Street,tertiary,False,False,785.462,"LINESTRING (-73.251527 41.7633259, -73.2515527 41.7634801, -73.2516011 41.7637207, -73.2520227 41.7654512, -73.2520388 41.7655282, -73.252122 41.7658303, -73.2522064 41.7660764, -73.252303 41.7662864, -73.25255 41.766738, -73.2526624 41.7669426, -73.2531264 41.7677688, -73.2535797 41.7686471, -73.2541118 41.7696883, -73.2542871 41.7700493)"
17192467,Maple Street,tertiary,False,True,785.4620000000001,"LINESTRING (-73.2542871 41.7700493, -73.2541118 41.7696883, -73.2535797 41.7686471, -73.2531264 41.7677688, -73.2526624 41.7669426, -73.25255 41.766738, -73.252303 41.7662864, -73.2522064 41.7660764, -73.252122 41.7658303, -73.2520388 41.7655282, -73.2520227 41.7654512, -73.2516011 41.7637207, -73.2515527 41.7634801, -73.251527 41.7633259)"
