osmid,lanes,name,highway,maxspeed,oneway,reversed,length,geometry
17806143,2,Crescent Shores Drive,residential,16 mph,False,False,109.972,"LINESTRING (-85.760186 44.729564, -85.760276 44.729738, -85.760568 44.730008, -85.760687 44.730139, -85.760806 44.730253, -85.7609587 44.7303777)"
17806150,2,Crescent Shores Drive,residential,16 mph,False,False,430.495,"LINESTRING (-85.760186 44.729564, -85.759973 44.729864, -85.7597633 44.7301305, -85.7595659 44.7304063, -85.7593283 44.7306467, -85.7591934 44.7307899, -85.7591355 44.7308916, -85.7590898 44.7310453, -85.7591152 44.7311803, -85.7591959 44.7313214, -85.7593263 44.731445, -85.7594946 44.7315179, -85.7597882 44.731455, -85.7599559 44.731376, -85.7601549 44.7312473, -85.7603546 44.7311243, -85.7605909 44.7308947, -85.7607776 44.7306784, -85.7609587 44.7303777)"
17806143,2,Crescent Shores Drive,residential,16 mph,False,True,109.97200000000001,"LINESTRING (-85.7609587 44.7303777, -85.760806 44.730253, -85.760687 44.730139, -85.760568 44.730008, -85.760276 44.729738, -85.760186 44.729564)"
17806150,2,Crescent Shores Drive,residential,16 mph,False,True,430.49500000000006,"LINESTRING (-85.7609587 44.7303777, -85.7607776 44.7306784, -85.7605909 44.7308947, -85.7603546 44.7311243, -85.7601549 44.7312473, -85.7599559 44.731376, -85.7597882 44.731455, -85.7594946 44.7315179, -85.7593263 44.731445, -85.7591959 44.7313214, -85.7591152 44.7311803, -85.7590898 44.7310453, -85.7591355 44.7308916, -85.7591934 44.7307899, -85.7593283 44.7306467, -85.7595659 44.7304063, -85.7597633 44.7301305, -85.759973 44.729864, -85.760186 44.729564)"
