osmid,name,highway,oneway,reversed,length,geometry,lanes
11482352,Bayside Drive,residential,False,True,315.08099999999996,"LINESTRING (-68.8587629 45.7115794, -68.8581209 45.7114211, -68.8571119 45.7115774, -68.8563276 45.7118059, -68.8553829 45.7119487, -68.8552802 45.7119351, -68.8550363 45.7118538, -68.8549015 45.7118041)",
139747637,Eagle Lane,residential,False,True,231.269,"LINESTRING (-68.8626519 45.7052926, -68.8611041 45.7052142, -68.8599414 45.7052803, -68.8596844 45.705307)",
11480014,Rock Ridge Road,residential,False,False,951.5050000000001,"LINESTRING (-68.8549015 45.7118041, -68.8549274 45.7117321, -68.8546355 45.7103276, -68.8546812 45.7100577, -68.8550484 45.7096621, -68.8554988 45.7093567, -68.8563342 45.7092362, -68.8569577 45.709075, -68.8575042 45.7088866, -68.8582824 45.7085006, -68.8585204 45.7083703, -68.8592286 45.7077322, -68.8598591 45.7073549, -68.8601039 45.7070582, -68.8601495 45.7068062, -68.8598631 45.7057528, -68.8596844 45.705307)",2
11482352,Bayside Drive,residential,False,False,315.08099999999996,"LINESTRING (-68.8549015 45.7118041, -68.8550363 45.7118538, -68.8552802 45.7119351, -68.8553829 45.7119487, -68.8563276 45.7118059, -68.8571119 45.7115774, -68.8581209 45.7114211, -68.8587629 45.7115794)",
11480014,Rock Ridge Road,residential,False,True,951.505,"LINESTRING (-68.8596844 45.705307, -68.8598631 45.7057528, -68.8601495 45.7068062, -68.8601039 45.7070582, -68.8598591 45.7073549, -68.8592286 45.7077322, -68.8585204 45.7083703, -68.8582824 45.7085006, -68.8575042 45.7088866, -68.8569577 45.709075, -68.8563342 45.7092362, -68.8554988 45.7093567, -68.8550484 45.7096621, -68.8546812 45.7100577, -68.8546355 45.7103276, -68.8549274 45.7117321, -68.8549015 45.7118041)",2
139747637,Eagle Lane,residential,False,False,231.269,"LINESTRING (-68.8596844 45.705307, -68.8599414 45.7052803, -68.8611041 45.7052142, -68.8626519 45.7052926)",
