osmid,highway,maxspeed,oneway,reversed,length,geometry,name
21907748,residential,10 mph,False,False,432.537,"LINESTRING (-90.676013 40.43979, -90.6768094 40.4398002, -90.6776288 40.4397964, -90.6784285 40.4397927, -90.6792479 40.4397889, -90.6800476 40.4397814, -90.6808522 40.4397777, -90.6811237 40.4397739)",
"[21912297, 680746074]","['residential', 'tertiary']",,False,True,605.565,"LINESTRING (-90.676013 40.43979, -90.676028 40.439342, -90.6760292 40.4393043, -90.676049 40.438698, -90.676071 40.438045, -90.676076 40.437902, -90.6760743 40.4378639, -90.676104 40.43653, -90.676111 40.436162, -90.676117 40.435752, -90.6761296 40.4350058, -90.676137 40.434345)","['East 1200th Street', 'South Johnson Street']"
21907748,residential,10 mph,False,True,432.53700000000003,"LINESTRING (-90.6811237 40.4397739, -90.6808522 40.4397777, -90.6800476 40.4397814, -90.6792479 40.4397889, -90.6784285 40.4397927, -90.6776288 40.4397964, -90.6768094 40.4398002, -90.676013 40.43979)",
"[21912297, 680746074]","['tertiary', 'residential']",,False,False,605.5649999999999,"LINESTRING (-90.676137 40.434345, -90.6761296 40.4350058, -90.676117 40.435752, -90.676111 40.436162, -90.676104 40.43653, -90.6760743 40.4378639, -90.676076 40.437902, -90.676071 40.438045, -90.676049 40.438698, -90.6760292 40.4393043, -90.676028 40.439342, -90.676013 40.43979)","['East 1200th Street', 'South Johnson Street']"
