osmid,name,highway,oneway,reversed,length,geometry
18860373,Hardy Lane,unclassified,False,True,711.6139999999999,"LINESTRING (-71.679845 43.3273586, -71.6801739 43.3272426, -71.6807541 43.3270324, -71.6822881 43.3264854, -71.6829332 43.3262701, -71.6846836 43.3256414, -71.6847159 43.3256289, -71.6858094 43.3252046, -71.6874487 43.3246264, -71.6877285 43.3245202)"
18860373,Hardy Lane,unclassified,False,False,711.6139999999999,"LINESTRING (-71.6877285 43.3245202, -71.6874487 43.3246264, -71.6858094 43.3252046, -71.6847159 43.3256289, -71.6846836 43.3256414, -71.6829332 43.3262701, -71.6822881 43.3264854, -71.6807541 43.3270324, -71.6801739 43.3272426, -71.679845 43.3273586)"
