osmid,name,highway,maxspeed,oneway,reversed,length,geometry
14162577,Q Road,unclassified,50 mph,False,False,935.602,"LINESTRING (-98.0589196 41.1623843, -98.0569268 41.162342, -98.052604 41.1622653, -98.0516818 41.1622496, -98.0494373 41.1621976, -98.0477471 41.1621663)"
14162577,Q Road,unclassified,50 mph,False,True,935.6020000000001,"LINESTRING (-98.0477471 41.1621663, -98.0494373 41.1621976, -98.0516818 41.1622496, -98.052604 41.1622653, -98.0569268 41.162342, -98.0589196 41.1623843)"
