osmid,name,highway,oneway,reversed,length,geometry,lanes,ref,maxspeed,bridge
15864353,Graham Road,residential,False,False,397.187,"LINESTRING (-91.078967 42.699994, -91.078104 42.699852, -91.077293 42.69972, -91.0767908 42.6996704, -91.0764173 42.6996839, -91.0753913 42.6998527, -91.0745028 42.6998779, -91.0741846 42.6999234)",,,,
"[234948785, 15863826, 234948774]",,primary,False,False,282.337,"LINESTRING (-91.0732284 42.6974838, -91.0732589 42.6975675, -91.0735535 42.6983764, -91.0737743 42.6989407, -91.0739958 42.699466, -91.0741846 42.6999234)",2,US 52,55 mph,yes
15864353,Graham Road,residential,False,True,397.187,"LINESTRING (-91.0741846 42.6999234, -91.0745028 42.6998779, -91.0753913 42.6998527, -91.0764173 42.6996839, -91.0767908 42.6996704, -91.077293 42.69972, -91.078104 42.699852, -91.078967 42.699994)",,,,
234948774,,primary,False,False,393.25699999999995,"LINESTRING (-91.0741846 42.6999234, -91.0747213 42.7013481, -91.0750938 42.7023734, -91.0754093 42.7033432)",2,US 52,55 mph,
"[234948785, 15863826, 234948774]",,primary,False,True,282.337,"LINESTRING (-91.0741846 42.6999234, -91.0739958 42.699466, -91.0737743 42.6989407, -91.0735535 42.6983764, -91.0732589 42.6975675, -91.0732284 42.6974838)",2,US 52,55 mph,yes
234948774,,primary,False,True,393.25699999999995,"LINESTRING (-91.0754093 42.7033432, -91.0750938 42.7023734, -91.0747213 42.7013481, -91.0741846 42.6999234)",2,US 52,55 mph,
