osmid,name,highway,oneway,reversed,length,geometry
9404017,Holly Creek Cool Springs Road,tertiary,False,False,413.722,"LINESTRING (-84.7388327 34.7845068, -84.7375033 34.7855397, -84.7367362 34.7861873, -84.7358541 34.7872838)"
298727635,Poplar Drive,residential,False,True,303.022,"LINESTRING (-84.7388327 34.7845068, -84.7386232 34.7842145, -84.7384966 34.7840911, -84.7383385 34.7840586, -84.738117 34.7840456, -84.7378956 34.7840619, -84.7375832 34.7840976, -84.7374843 34.7840976, -84.7373657 34.7840878, -84.7371205 34.7839904, -84.7368635 34.7839287, -84.7366555 34.7838121, -84.7364838 34.7836711, -84.7361405 34.783583, -84.7359796 34.7835301)"
9404017,Holly Creek Cool Springs Road,tertiary,False,True,19.783,"LINESTRING (-84.7357232 34.7874218, -84.7357983 34.7873689, -84.7358541 34.7872838)"
9404017,Holly Creek Cool Springs Road,tertiary,False,False,19.783,"LINESTRING (-84.7358541 34.7872838, -84.7357983 34.7873689, -84.7357232 34.7874218)"
9404017,Holly Creek Cool Springs Road,tertiary,False,True,413.722,"LINESTRING (-84.7358541 34.7872838, -84.7367362 34.7861873, -84.7375033 34.7855397, -84.7388327 34.7845068)"
298727635,Poplar Drive,residential,False,False,303.02199999999993,"LINESTRING (-84.7359796 34.7835301, -84.7361405 34.783583, -84.7364838 34.7836711, -84.7366555 34.7838121, -84.7368635 34.7839287, -84.7371205 34.7839904, -84.7373657 34.7840878, -84.7374843 34.7840976, -84.7375832 34.7840976, -84.7378956 34.7840619, -84.738117 34.7840456, -84.7383385 34.7840586, -84.7384966 34.7840911, -84.7386232 34.7842145, -84.7388327 34.7845068)"
