osmid,highway,maxspeed,oneway,reversed,length,geometry
14896687,residential,45 mph,False,False,237.19500000000002,"LINESTRING (-95.393662 35.664464, -95.393324 35.664466, -95.392695 35.664471, -95.391822 35.664455, -95.391677 35.664462, -95.391588 35.664472, -95.3915 35.6645, -95.391462 35.664525, -95.391422 35.664572, -95.391385 35.664626, -95.391284 35.664821)"
14896687,residential,45 mph,False,True,237.195,"LINESTRING (-95.391284 35.664821, -95.391385 35.664626, -95.391422 35.664572, -95.391462 35.664525, -95.3915 35.6645, -95.391588 35.664472, -95.391677 35.664462, -95.391822 35.664455, -95.392695 35.664471, -95.393324 35.664466, -95.393662 35.664464)"
