osmid,name,highway,oneway,reversed,length,geometry
14225170,Edward Drive,residential,False,True,91.757,"LINESTRING (-75.757401 39.817204, -75.757343 39.816914, -75.757311 39.816707, -75.757292 39.816384)"
765660314,Newark Road,secondary,False,False,352.50600000000003,"LINESTRING (-75.7527468 39.8184965, -75.7526409 39.8177779, -75.7526213 39.8176451, -75.752554 39.817188, -75.752481 39.816804, -75.7524719 39.8167502, -75.752374 39.816171, -75.752329 39.815832, -75.752257 39.815349)"
14236944,New Garden Road,tertiary,False,False,461.823,"LINESTRING (-75.752257 39.815349, -75.7523613 39.8154095, -75.7524562 39.815458, -75.752575 39.815511, -75.752875 39.815669, -75.753219 39.815866, -75.7534818 39.8160116, -75.753542 39.816045, -75.7536824 39.8161282, -75.75373 39.8161471, -75.7538291 39.8161864, -75.7539655 39.8162405, -75.754206 39.81627, -75.754367 39.816297, -75.754528 39.816318, -75.755187 39.816357, -75.755666 39.81637, -75.756088 39.816373, -75.7567316 39.8163768, -75.756934 39.816378, -75.757292 39.816384)"
765660314,Newark Road,secondary,False,True,352.50600000000003,"LINESTRING (-75.752257 39.815349, -75.752329 39.815832, -75.752374 39.816171, -75.7524719 39.8167502, -75.752481 39.816804, -75.752554 39.817188, -75.7526213 39.8176451, -75.7526409 39.8177779, -75.7527468 39.8184965)"
14225170,Edward Drive,residential,False,False,91.757,"LINESTRING (-75.757292 39.816384, -75.757311 39.816707, -75.757343 39.816914, -75.757401 39.817204)"
14236944,New Garden Road,tertiary,False,True,461.823,"LINESTRING (-75.757292 39.816384, -75.756934 39.816378, -75.7567316 39.8163768, -75.756088 39.816373, -75.755666 39.81637, -75.755187 39.816357, -75.754528 39.816318, -75.754367 39.816297, -75.754206 39.81627, -75.7539655 39.8162405, -75.7538291 39.8161864, -75.75373 39.8161471, -75.7536824 39.8161282, -75.753542 39.816045, -75.7534818 39.8160116, -75.753219 39.815866, -75.752875 39.815669, -75.752575 39.815511, -75.7524562 39.815458, -75.7523613 39.8154095, -75.752257 39.815349)"
