osmid,lanes,name,highway,oneway,reversed,length,geometry
68518990,2,Rosette Road,unclassified,False,False,292.982,"LINESTRING (-64.9553756 44.40803, -64.9553773 44.408192, -64.9553528 44.4083626, -64.9553181 44.4086017, -64.9552703 44.4089393, -64.9552634 44.4090089, -64.9552637 44.409047, -64.9552666 44.4090849, -64.9552724 44.4091227, -64.9552809 44.4091603, -64.9552921 44.4091975, -64.9553061 44.4092342, -64.9553227 44.4092703, -64.9553419 44.4093057, -64.9553637 44.4093404, -64.955388 44.4093743, -64.9554147 44.4094071, -64.9554437 44.4094389, -64.9554751 44.4094696, -64.9556018 44.4095773, -64.9557281 44.409675, -64.9560179 44.4098924, -64.9561571 44.4099972, -64.9562446 44.4100596, -64.9565904 44.4103089)"
513186635,,,unclassified,False,False,281.8,"LINESTRING (-64.9615494 44.4081013, -64.9616202 44.4083744, -64.9618467 44.4085968, -64.9618609 44.4087991, -64.9615494 44.4093351, -64.9611096 44.4098558, -64.9605584 44.4102958)"
513186635,,,unclassified,False,False,326.83000000000004,"LINESTRING (-64.9605584 44.4102958, -64.9600346 44.4103464, -64.9578545 44.4100531, -64.9569962 44.410091, -64.9565904 44.4103089)"
513186635,,,unclassified,False,True,281.8,"LINESTRING (-64.9605584 44.4102958, -64.9611096 44.4098558, -64.9615494 44.4093351, -64.9618609 44.4087991, -64.9618467 44.4085968, -64.9616202 44.4083744, -64.9615494 44.4081013)"
68518990,2,Rosette Road,unclassified,False,True,292.982,"LINESTRING (-64.9565904 44.4103089, -64.9562446 44.4100596, -64.9561571 44.4099972, -64.9560179 44.4098924, -64.9557281 44.409675, -64.9556018 44.4095773, -64.9554751 44.4094696, -64.9554437 44.4094389, -64.9554147 44.4094071, -64.955388 44.4093743, -64.9553637 44.4093404, -64.9553419 44.4093057, -64.9553227 44.4092703, -64.9553061 44.4092342, -64.9552921 44.4091975, -64.9552809 44.4091603, -64.9552724 44.4091227, -64.9552666 44.4090849, -64.9552637 44.409047, -64.9552634 44.4090089, -64.9552703 44.4089393, -64.9553181 44.4086017, -64.9553528 44.4083626, -64.9553773 44.408192, -64.9553756 44.40803)"
513186635,,,unclassified,False,True,326.83000000000004,"LINESTRING (-64.9565904 44.4103089, -64.9569962 44.410091, -64.9578545 44.4100531, -64.9600346 44.4103464, -64.9605584 44.4102958)"
