osmid,name,highway,oneway,reversed,length,geometry
1245182208,南朗山道 Nam Long Shan Road,unclassified,False,True,316.747,"LINESTRING (114.1716419 22.2377407, 114.1716014 22.2377532, 114.1715254 22.2377516, 114.1709328 22.2376108, 114.1702953 22.2374451, 114.1701415 22.2374419, 114.1699861 22.2374873, 114.1697905 22.2376311, 114.1691533 22.2380369, 114.169011 22.2380949, 114.1688853 22.2380986, 114.1688243 22.2380822)"
1245182208,南朗山道 Nam Long Shan Road,unclassified,False,False,316.747,"LINESTRING (114.1688243 22.2380822, 114.1688853 22.2380986, 114.169011 22.2380949, 114.1691533 22.2380369, 114.1697905 22.2376311, 114.1699861 22.2374873, 114.1701415 22.2374419, 114.1702953 22.2374451, 114.1709328 22.2376108, 114.1715254 22.2377516, 114.1716014 22.2377532, 114.1716419 22.2377407)"
1245182209,南朗山道 Nam Long Shan Road,unclassified,True,False,50.797,"LINESTRING (114.1683522 22.2379493, 114.1685096 22.2379977, 114.1688243 22.2380822)"
