osmid,lanes,ref,name,highway,oneway,reversed,length,geometry,bridge
20148701,2,NY 69A,South Railroad Street,primary,False,False,72.38,"LINESTRING (-76.128094 43.406857, -76.127425 43.40729)",
198873206,,,North Railroad Street,tertiary,False,False,44.102999999999994,"LINESTRING (-76.125831 43.408301, -76.125735 43.408386, -76.125629 43.408539, -76.125581 43.408649)",
"[198873208, 20149904, 198873206]",,,North Railroad Street,tertiary,False,True,170.98000000000002,"LINESTRING (-76.125831 43.408301, -76.1262814 43.4080354, -76.1263794 43.4079754, -76.127425 43.40729)",yes
20148701,2,NY 69A,South Railroad Street,primary,False,True,72.38,"LINESTRING (-76.127425 43.40729, -76.128094 43.406857)",
"[20149904, 198873208, 198873206]",,,North Railroad Street,tertiary,False,False,170.98,"LINESTRING (-76.127425 43.40729, -76.1263794 43.4079754, -76.1262814 43.4080354, -76.125831 43.408301)",yes
20153618,,,Tannery Hill,residential,False,False,113.533,"LINESTRING (-76.125581 43.408649, -76.125392 43.408618, -76.1250009 43.408583, -76.12499 43.408582, -76.124798 43.408533, -76.12472 43.408488, -76.124671 43.408432, -76.124667 43.408323, -76.124675 43.408283, -76.124778 43.408153)",
198873206,,,North Railroad Street,tertiary,False,True,44.103,"LINESTRING (-76.125581 43.408649, -76.125629 43.408539, -76.125735 43.408386, -76.125831 43.408301)",
20153618,,,Tannery Hill,residential,False,True,113.533,"LINESTRING (-76.124778 43.408153, -76.124675 43.408283, -76.124667 43.408323, -76.124671 43.408432, -76.12472 43.408488, -76.124798 43.408533, -76.12499 43.408582, -76.1250009 43.408583, -76.125392 43.408618, -76.125581 43.408649)",
