osmid,ref,name,highway,oneway,reversed,length,geometry
20391015,SR 638,Miller Creek Road,tertiary,False,True,45.664,"LINESTRING (-78.506895 38.599713, -78.506982 38.599308)"
20391316,,Lakeside Drive,residential,False,False,57.555,"LINESTRING (-78.506895 38.599713, -78.506832 38.599686, -78.506676 38.599632, -78.506513 38.599612, -78.506267 38.59956)"
20391015,SR 638,Miller Creek Road,tertiary,False,False,45.664,"LINESTRING (-78.506982 38.599308, -78.506895 38.599713)"
"[20391965, 20391253]",,"['Chestnut Road', 'Oak Street']",residential,False,"[False, True]",201.58599999999998,"LINESTRING (-78.504921 38.598913, -78.505194 38.598829, -78.505564 38.598696, -78.505716 38.598659, -78.5058 38.598652, -78.505884 38.598661, -78.505954 38.598689, -78.506013 38.598729, -78.506082 38.598797, -78.506156 38.59891, -78.506198 38.598994, -78.506243 38.599083, -78.506287 38.599191, -78.506308 38.599269, -78.506311 38.599314, -78.506267 38.59956)"
20391316,,Lakeside Drive,residential,False,False,215.062,"LINESTRING (-78.506267 38.59956, -78.506151 38.599541, -78.506048 38.599543, -78.505972 38.599559, -78.505914 38.599586, -78.50587 38.599625, -78.505844 38.59967, -78.505812 38.599758, -78.505778 38.599902, -78.505738 38.600019, -78.505625 38.600265, -78.505539 38.600421, -78.505329 38.600758, -78.505243 38.600872, -78.505212 38.600885, -78.505149 38.600875, -78.50495 38.600806)"
20391316,,Lakeside Drive,residential,False,True,57.555,"LINESTRING (-78.506267 38.59956, -78.506513 38.599612, -78.506676 38.599632, -78.506832 38.599686, -78.506895 38.599713)"
"[20391253, 20391965]",,"['Chestnut Road', 'Oak Street']",residential,False,"[False, True]",201.586,"LINESTRING (-78.506267 38.59956, -78.506311 38.599314, -78.506308 38.599269, -78.506287 38.599191, -78.506243 38.599083, -78.506198 38.598994, -78.506156 38.59891, -78.506082 38.598797, -78.506013 38.598729, -78.505954 38.598689, -78.505884 38.598661, -78.5058 38.598652, -78.505716 38.598659, -78.505564 38.598696, -78.505194 38.598829, -78.504921 38.598913)"
20391316,,Lakeside Drive,residential,False,True,215.06200000000004,"LINESTRING (-78.50495 38.600806, -78.505149 38.600875, -78.505212 38.600885, -78.505243 38.600872, -78.505329 38.600758, -78.505539 38.600421, -78.505625 38.600265, -78.505738 38.600019, -78.505778 38.599902, -78.505812 38.599758, -78.505844 38.59967, -78.50587 38.599625, -78.505914 38.599586, -78.505972 38.599559, -78.506048 38.599543, -78.506151 38.599541, -78.506267 38.59956)"
