osmid,lanes,name,highway,oneway,reversed,length,geometry
131602232,2,Point Cabrillo Drive,tertiary,False,False,53.879,"LINESTRING (-123.8130332 39.3466188, -123.8130009 39.3471027)"
10307984,,,residential,False,False,213.833,"LINESTRING (-123.8130332 39.3466188, -123.81349 39.346652, -123.813988 39.346609, -123.8139266 39.3470559, -123.8137605 39.3471202, -123.8130009 39.3471027)"
131602232,2,Point Cabrillo Drive,tertiary,False,True,53.879,"LINESTRING (-123.8130009 39.3471027, -123.8130332 39.3466188)"
10307984,,,residential,False,True,213.833,"LINESTRING (-123.8130009 39.3471027, -123.8137605 39.3471202, -123.8139266 39.3470559, -123.813988 39.346609, -123.81349 39.346652, -123.8130332 39.3466188)"
