osmid,highway,oneway,reversed,length,geometry
464946681,residential,False,True,86.914,"LINESTRING (-118.370362 33.7507236, -118.370354 33.7508441, -118.3703285 33.750921, -118.370295 33.7509634, -118.3702346 33.7510325, -118.3701689 33.7511039, -118.3699141 33.75127, -118.3698707 33.751348)"
464946681,residential,False,False,86.914,"LINESTRING (-118.3698707 33.751348, -118.3699141 33.75127, -118.3701689 33.7511039, -118.3702346 33.7510325, -118.370295 33.7509634, -118.3703285 33.750921, -118.370354 33.7508441, -118.370362 33.7507236)"
