osmid,name,highway,oneway,reversed,length,geometry
5621786,Wilson Way,residential,False,False,408.48199999999997,"LINESTRING (-73.512931 42.706848, -73.512987 42.706895, -73.512992 42.706968, -73.512911 42.707135, -73.512755 42.707539, -73.512757 42.707624, -73.512804 42.707701, -73.512854 42.707741, -73.51302 42.707828, -73.513159 42.707862, -73.513318 42.707882, -73.513419 42.707875, -73.513475 42.707858, -73.513563 42.707795, -73.51387 42.707472, -73.513977 42.707394, -73.514114 42.707358, -73.514213 42.70736, -73.514359 42.707403, -73.514443 42.707446, -73.514554 42.707526, -73.514663 42.707626, -73.514723 42.70774, -73.514765 42.707891, -73.51481 42.707966, -73.514852 42.707979, -73.515054 42.708012, -73.51516 42.708069, -73.515243 42.708135, -73.515393 42.708292, -73.515447 42.708375)"
5621786,Wilson Way,residential,False,True,408.4820000000001,"LINESTRING (-73.515447 42.708375, -73.515393 42.708292, -73.515243 42.708135, -73.51516 42.708069, -73.515054 42.708012, -73.514852 42.707979, -73.51481 42.707966, -73.514765 42.707891, -73.514723 42.70774, -73.514663 42.707626, -73.514554 42.707526, -73.514443 42.707446, -73.514359 42.707403, -73.514213 42.70736, -73.514114 42.707358, -73.513977 42.707394, -73.51387 42.707472, -73.513563 42.707795, -73.513475 42.707858, -73.513419 42.707875, -73.513318 42.707882, -73.513159 42.707862, -73.51302 42.707828, -73.512854 42.707741, -73.512804 42.707701, -73.512757 42.707624, -73.512755 42.707539, -73.512911 42.707135, -73.512992 42.706968, -73.512987 42.706895, -73.512931 42.706848)"
