osmid,name,highway,oneway,reversed,length,geometry
6137781,Rosaryville Road,secondary,False,True,335.317,"LINESTRING (-76.823105 38.765521, -76.82326 38.765685, -76.8233925 38.7658086, -76.823454 38.765866, -76.823744 38.766145, -76.8245778 38.7669587, -76.8255186 38.767877)"
6137781,Rosaryville Road,secondary,False,False,335.317,"LINESTRING (-76.8255186 38.767877, -76.8245778 38.7669587, -76.823744 38.766145, -76.823454 38.765866, -76.8233925 38.7658086, -76.82326 38.765685, -76.823105 38.765521)"
225877423,del Ray Court,residential,False,False,188.337,"LINESTRING (-76.8255186 38.767877, -76.8265722 38.7672149, -76.8266679 38.767316, -76.8269754 38.7676071, -76.8271324 38.7676661)"
225877423,del Ray Court,residential,False,True,188.337,"LINESTRING (-76.8271324 38.7676661, -76.8269754 38.7676071, -76.8266679 38.767316, -76.8265722 38.7672149, -76.8255186 38.767877)"
