osmid,name,highway,oneway,reversed,length,geometry
10441222,Pacini Street,residential,False,True,403.75,"LINESTRING (-119.194321 35.390728, -119.194312 35.394359)"
10434470,Meacham Road,tertiary,False,False,405.01800000000003,"LINESTRING (-119.194321 35.390728, -119.1964673 35.390729, -119.198789 35.39073)"
10434470,Meacham Road,tertiary,False,True,405.01800000000003,"LINESTRING (-119.198789 35.39073, -119.1964673 35.390729, -119.194321 35.390728)"
10441222,Pacini Street,residential,False,False,403.75,"LINESTRING (-119.194312 35.394359, -119.194321 35.390728)"
