osmid,name,highway,oneway,reversed,length,geometry
16851980,Crest Road,residential,False,False,500.03999999999996,"LINESTRING (-109.0937399 35.6519296, -109.0949147 35.6524386, -109.0955493 35.6527286, -109.0956046 35.6527563, -109.0957317 35.65282, -109.0958773 35.6528476, -109.0963038 35.6528489, -109.0967289 35.6528882, -109.0969655 35.6529501, -109.0969958 35.652979, -109.0970744 35.653054, -109.0972919 35.6536163, -109.0976294 35.6544796)"
16851980,Crest Road,residential,False,True,131.57,"LINESTRING (-109.0981063 35.6555847, -109.0979854 35.655472, -109.0976707 35.6545853, -109.0976294 35.6544796)"
16851980,Crest Road,residential,False,False,131.57,"LINESTRING (-109.0976294 35.6544796, -109.0976707 35.6545853, -109.0979854 35.655472, -109.0981063 35.6555847)"
16851980,Crest Road,residential,False,True,500.03999999999996,"LINESTRING (-109.0976294 35.6544796, -109.0972919 35.6536163, -109.0970744 35.653054, -109.0969958 35.652979, -109.0969655 35.6529501, -109.0967289 35.6528882, -109.0963038 35.6528489, -109.0958773 35.6528476, -109.0957317 35.65282, -109.0956046 35.6527563, -109.0955493 35.6527286, -109.0949147 35.6524386, -109.0937399 35.6519296)"
419721429,,residential,False,False,132.875,"LINESTRING (-109.0976294 35.6544796, -109.0974391 35.6545019, -109.097085 35.6546, -109.0967793 35.6546283, -109.0966237 35.6546414, -109.09633 35.6546687, -109.096279 35.6547024, -109.0962603 35.6547646)"
419721429,,residential,False,True,132.875,"LINESTRING (-109.0962603 35.6547646, -109.096279 35.6547024, -109.09633 35.6546687, -109.0966237 35.6546414, -109.0967793 35.6546283, -109.097085 35.6546, -109.0974391 35.6545019, -109.0976294 35.6544796)"
