osmid,name,highway,oneway,reversed,length,geometry
13249554,Road 10 West,residential,False,False,151.559,"LINESTRING (-100.46067 39.348906, -100.460668 39.349634, -100.460665 39.350269)"
13249554,Road 10 West,residential,False,False,386.962,"LINESTRING (-100.460665 39.350269, -100.460673 39.351235, -100.460677 39.353749)"
13249554,Road 10 West,residential,False,True,151.559,"LINESTRING (-100.460665 39.350269, -100.460668 39.349634, -100.46067 39.348906)"
13249554,Road 10 West,residential,False,True,386.962,"LINESTRING (-100.460677 39.353749, -100.460673 39.351235, -100.460665 39.350269)"
