osmid,highway,oneway,reversed,length,geometry
21247620,residential,False,False,122.277,"LINESTRING (-100.540346 30.509877, -100.541219 30.510175, -100.541457 30.510381)"
21250057,residential,False,False,136.541,"LINESTRING (-100.540346 30.509877, -100.540372 30.510015, -100.541034 30.510702, -100.541113 30.510885)"
21247620,residential,False,True,122.277,"LINESTRING (-100.541457 30.510381, -100.541219 30.510175, -100.540346 30.509877)"
21248253,residential,False,True,66.32000000000001,"LINESTRING (-100.541457 30.510381, -100.54114 30.510748, -100.541113 30.510885)"
21248253,residential,False,False,66.32000000000001,"LINESTRING (-100.541113 30.510885, -100.54114 30.510748, -100.541457 30.510381)"
21250057,residential,False,True,136.541,"LINESTRING (-100.541113 30.510885, -100.541034 30.510702, -100.540372 30.510015, -100.540346 30.509877)"
