osmid,name,highway,oneway,reversed,length,geometry
17168485,Broad Way,tertiary,False,False,806.448,"LINESTRING (-72.3600432 41.8164488, -72.3597041 41.8164625, -72.3593378 41.8164682, -72.3587421 41.8164774, -72.3578826 41.8165156, -72.3575358 41.8165448, -72.3570617 41.8165847, -72.3568949 41.8165988, -72.3561806 41.8166788, -72.3561721 41.8166797, -72.3553478 41.8167662, -72.3552954 41.816773, -72.3547415 41.8168319, -72.354655 41.8168411, -72.3536558 41.8169555, -72.3536027 41.8169632, -72.3531741 41.8170252, -72.352769 41.8171183, -72.3526984 41.8171345, -72.3526615 41.8171451, -72.3522125 41.8172738, -72.3518916 41.8173657, -72.3513036 41.8175283, -72.3507343 41.8176858, -72.3505284 41.817726)"
17168485,Broad Way,tertiary,False,True,806.4480000000001,"LINESTRING (-72.3505284 41.817726, -72.3507343 41.8176858, -72.3513036 41.8175283, -72.3518916 41.8173657, -72.3522125 41.8172738, -72.3526615 41.8171451, -72.3526984 41.8171345, -72.352769 41.8171183, -72.3531741 41.8170252, -72.3536027 41.8169632, -72.3536558 41.8169555, -72.354655 41.8168411, -72.3547415 41.8168319, -72.3552954 41.816773, -72.3553478 41.8167662, -72.3561721 41.8166797, -72.3561806 41.8166788, -72.3568949 41.8165988, -72.3570617 41.8165847, -72.3575358 41.8165448, -72.3578826 41.8165156, -72.3587421 41.8164774, -72.3593378 41.8164682, -72.3597041 41.8164625, -72.3600432 41.8164488)"
