osmid,ref,highway,oneway,reversed,length,geometry
879032270,CR N4180,unclassified,False,False,21.783,"LINESTRING (-95.5651616 35.9517985, -95.5651618 35.9519944)"
879032270,CR N4180,unclassified,False,True,21.783,"LINESTRING (-95.5651618 35.9519944, -95.5651616 35.9517985)"
