osmid,name,highway,oneway,reversed,length,geometry,lanes,maxspeed
20193859,Mount Misery Road,residential,False,False,314.548,"LINESTRING (-73.43374 40.815803, -73.433885 40.815517, -73.4339199 40.8153348, -73.4339318 40.8152729, -73.4339695 40.8150764, -73.433991 40.814964, -73.434083 40.814773, -73.434296 40.8144, -73.434403 40.814167, -73.434463 40.813988, -73.434472 40.813751, -73.434458 40.813465, -73.4344464 40.8130657)",,
20235935,Hartman Hill Road,residential,False,False,593.353,"LINESTRING (-73.43374 40.815803, -73.433578 40.8161997, -73.433502 40.8165706, -73.4335257 40.8167103, -73.4335709 40.81685, -73.4336407 40.8169988, -73.4336881 40.8170588, -73.433717 40.817123, -73.4337427 40.8171839, -73.433824 40.817276, -73.4339313 40.8173729, -73.4342362 40.8176483, -73.434693 40.818061, -73.4351069 40.8183431, -73.435494 40.818607, -73.4365627 40.8198248, -73.43692 40.820232)",2,30 mph
20193859,Mount Misery Road,residential,False,False,53.257999999999996,"LINESTRING (-73.4344464 40.8130657, -73.4343482 40.8129468, -73.434061 40.812687)",,
20193859,Mount Misery Road,residential,False,True,314.548,"LINESTRING (-73.4344464 40.8130657, -73.434458 40.813465, -73.434472 40.813751, -73.434463 40.813988, -73.434403 40.814167, -73.434296 40.8144, -73.434083 40.814773, -73.433991 40.814964, -73.4339695 40.8150764, -73.4339318 40.8152729, -73.4339199 40.8153348, -73.433885 40.815517, -73.43374 40.815803)",,
20193859,Mount Misery Road,residential,False,True,53.257999999999996,"LINESTRING (-73.434061 40.812687, -73.4343482 40.8129468, -73.4344464 40.8130657)",,
20227183,Wesley Court,residential,False,False,101.977,"LINESTRING (-73.434061 40.812687, -73.433717 40.812786, -73.4330942 40.8128116, -73.433061 40.812813, -73.4328763 40.8128338)",,
20235935,Hartman Hill Road,residential,False,True,593.353,"LINESTRING (-73.43692 40.820232, -73.4365627 40.8198248, -73.435494 40.818607, -73.4351069 40.8183431, -73.434693 40.818061, -73.4342362 40.8176483, -73.4339313 40.8173729, -73.433824 40.817276, -73.4337427 40.8171839, -73.433717 40.817123, -73.4336881 40.8170588, -73.4336407 40.8169988, -73.4335709 40.81685, -73.4335257 40.8167103, -73.433502 40.8165706, -73.433578 40.8161997, -73.43374 40.815803)",2,30 mph
20227183,Wesley Court,residential,False,True,101.97699999999999,"LINESTRING (-73.4328763 40.8128338, -73.433061 40.812813, -73.4330942 40.8128116, -73.433717 40.812786, -73.434061 40.812687)",,
