osmid,name,highway,oneway,reversed,length,geometry
19360021,Robin Hollow Road,tertiary,False,False,513.6800000000001,"LINESTRING (-71.665161 41.621677, -71.665276 41.621697, -71.665505 41.621746, -71.665619 41.621779, -71.665726 41.621821, -71.66584 41.621873, -71.665913 41.621914, -71.665939 41.621929, -71.666046 41.621985, -71.666199 41.622072, -71.666275 41.62211, -71.666832 41.622444, -71.66687 41.62247, -71.6673819 41.622816, -71.6676997 41.6230292, -71.6678395 41.623123, -71.6681353 41.623363, -71.668451 41.623617, -71.6688427 41.623875, -71.6691405 41.6240716, -71.6693093 41.624183, -71.6697282 41.624481, -71.669881 41.6245938)"
19360021,Robin Hollow Road,tertiary,False,True,513.68,"LINESTRING (-71.669881 41.6245938, -71.6697282 41.624481, -71.6693093 41.624183, -71.6691405 41.6240716, -71.6688427 41.623875, -71.668451 41.623617, -71.6681353 41.623363, -71.6678395 41.623123, -71.6676997 41.6230292, -71.6673819 41.622816, -71.66687 41.62247, -71.666832 41.622444, -71.666275 41.62211, -71.666199 41.622072, -71.666046 41.621985, -71.665939 41.621929, -71.665913 41.621914, -71.66584 41.621873, -71.665726 41.621821, -71.665619 41.621779, -71.665505 41.621746, -71.665276 41.621697, -71.665161 41.621677)"
597020965,Valley Look Court,residential,False,True,215.926,"LINESTRING (-71.669881 41.6245938, -71.66889 41.625512, -71.6688395 41.6255661, -71.6687954 41.6256214, -71.6687596 41.6256784, -71.668732 41.6257341, -71.6687174 41.6257996, -71.668711 41.6258626, -71.6687166 41.6259223, -71.6687353 41.6259795, -71.6688341 41.6262299)"
597020965,Valley Look Court,residential,False,False,215.926,"LINESTRING (-71.6688341 41.6262299, -71.6687353 41.6259795, -71.6687166 41.6259223, -71.668711 41.6258626, -71.6687174 41.6257996, -71.668732 41.6257341, -71.6687596 41.6256784, -71.6687954 41.6256214, -71.6688395 41.6255661, -71.66889 41.625512, -71.669881 41.6245938)"
