osmid,name,highway,oneway,reversed,length,geometry
18287072,Almon Drive,residential,False,False,449.898,"LINESTRING (-91.779822 43.96217, -91.77507 43.9621774, -91.7748501 43.9622387, -91.7747681 43.9624, -91.7747559 43.9626839)"
18287072,Almon Drive,residential,False,True,449.89799999999997,"LINESTRING (-91.7747559 43.9626839, -91.7747681 43.9624, -91.7748501 43.9622387, -91.77507 43.9621774, -91.779822 43.96217)"
