osmid,ref,name,highway,oneway,reversed,length,geometry
11600052,CR 725,Hall Street,tertiary,False,False,237.40800000000002,"LINESTRING (-74.8623232 39.6573528, -74.8631137 39.6572309, -74.8650373 39.6569144)"
11600052,CR 725,Hall Street,tertiary,False,True,487.77900000000005,"LINESTRING (-74.8623232 39.6573528, -74.8613261 39.6574923, -74.8609068 39.657551, -74.8574809 39.6580304, -74.8572211 39.6580653, -74.857027 39.6580867, -74.8567188 39.6581422)"
"[11599505, 23455007]",,"['Hay Street', 'Central Avenue']",residential,False,False,581.875,"LINESTRING (-74.8623232 39.6573528, -74.8617915 39.655464, -74.8615722 39.654685, -74.8614989 39.6545969, -74.8614292 39.6545237, -74.8614011 39.6545144, -74.8612785 39.6544741, -74.8610863 39.6544619, -74.8606775 39.6545059, -74.858471 39.6547436)"
27894737,,Hall Street,residential,False,False,201.121,"LINESTRING (-74.8650373 39.6569144, -74.8673403 39.6565569)"
11600052,CR 725,Hall Street,tertiary,False,True,237.40800000000002,"LINESTRING (-74.8650373 39.6569144, -74.8631137 39.6572309, -74.8623232 39.6573528)"
11600052,CR 725,Hall Street,tertiary,False,False,487.779,"LINESTRING (-74.8567188 39.6581422, -74.857027 39.6580867, -74.8572211 39.6580653, -74.8574809 39.6580304, -74.8609068 39.657551, -74.8613261 39.6574923, -74.8623232 39.6573528)"
27894737,,Hall Street,residential,False,True,201.121,"LINESTRING (-74.8673403 39.6565569, -74.8650373 39.6569144)"
"[11599505, 23455007]",,"['Hay Street', 'Central Avenue']",residential,False,True,581.875,"LINESTRING (-74.858471 39.6547436, -74.8606775 39.6545059, -74.8610863 39.6544619, -74.8612785 39.6544741, -74.8614011 39.6545144, -74.8614292 39.6545237, -74.8614989 39.6545969, -74.8615722 39.654685, -74.8617915 39.655464, -74.8623232 39.6573528)"
