osmid,name,highway,oneway,reversed,length,geometry
18292042,Desoto Avenue Southwest,residential,False,True,76.272,"LINESTRING (-93.959083 45.1475185, -93.9590746 45.1482044)"
18292042,Desoto Avenue Southwest,residential,False,False,154.47799999999998,"LINESTRING (-93.959083 45.1475185, -93.9591014 45.1473683, -93.9590979 45.1464744, -93.9591023 45.1462725, -93.959141 45.1461897, -93.9591656 45.146137)"
18292042,Desoto Avenue Southwest,residential,False,True,154.478,"LINESTRING (-93.9591656 45.146137, -93.959141 45.1461897, -93.9591023 45.1462725, -93.9590979 45.1464744, -93.9591014 45.1473683, -93.959083 45.1475185)"
18292042,Desoto Avenue Southwest,residential,False,False,76.272,"LINESTRING (-93.9590746 45.1482044, -93.959083 45.1475185)"
