osmid,highway,oneway,reversed,length,geometry
655138694,residential,False,False,546.115,"LINESTRING (102.1069522 2.5538924, 102.107006 2.554041, 102.1072394 2.5543759, 102.1077651 2.5550351, 102.1084142 2.5558175, 102.1087841 2.556273, 102.1093907 2.5570394, 102.1099652 2.5577618)"
655138694,residential,False,True,546.115,"LINESTRING (102.1099652 2.5577618, 102.1093907 2.5570394, 102.1087841 2.556273, 102.1084142 2.5558175, 102.1077651 2.5550351, 102.1072394 2.5543759, 102.107006 2.554041, 102.1069522 2.5538924)"
