osmid,highway,oneway,reversed,length,geometry
714473797,residential,False,True,499.85,"LINESTRING (102.5797758 2.2515411, 102.5796356 2.250794, 102.5794509 2.2498439, 102.579192 2.2485579, 102.5789502 2.2474132, 102.5788915 2.2471337)"
714473797,residential,False,False,499.84999999999997,"LINESTRING (102.5788915 2.2471337, 102.5789502 2.2474132, 102.579192 2.2485579, 102.5794509 2.2498439, 102.5796356 2.250794, 102.5797758 2.2515411)"
