osmid,highway,oneway,reversed,length,geometry
"[503112208, 795123180]",unclassified,False,False,53.881,"LINESTRING (-35.7478052 -8.6921851, -35.7478239 -8.6922043, -35.7478682 -8.6922335, -35.7479178 -8.692258, -35.7479614 -8.6922958, -35.7480405 -8.6923793, -35.748121 -8.6924774, -35.7481526 -8.6925195)"
795136778,residential,False,False,114.42699999999999,"LINESTRING (-35.7478052 -8.6921851, -35.7477321 -8.6922368, -35.7476489 -8.6922825, -35.7473626 -8.6923998, -35.7471138 -8.6925039, -35.7469777 -8.6925788, -35.7469542 -8.6925967, -35.7469334 -8.6926206, -35.7469013 -8.692669)"
795136778,residential,False,True,114.42699999999999,"LINESTRING (-35.7469013 -8.692669, -35.7469334 -8.6926206, -35.7469542 -8.6925967, -35.7469777 -8.6925788, -35.7471138 -8.6925039, -35.7473626 -8.6923998, -35.7476489 -8.6922825, -35.7477321 -8.6922368, -35.7478052 -8.6921851)"
"[503112208, 795123180]",unclassified,False,True,53.881,"LINESTRING (-35.7481526 -8.6925195, -35.748121 -8.6924774, -35.7480405 -8.6923793, -35.7479614 -8.6922958, -35.7479178 -8.692258, -35.7478682 -8.6922335, -35.7478239 -8.6922043, -35.7478052 -8.6921851)"
