osmid,highway,oneway,reversed,length,geometry
"[465635625, 465635626]",unclassified,False,False,686.6230000000002,"LINESTRING (-42.4942961 -22.3083717, -42.4946558 -22.3080623, -42.4947779 -22.3079891, -42.4948711 -22.307968, -42.4949603 -22.3079667, -42.4955624 -22.3080288, -42.4960144 -22.308164, -42.4964435 -22.308329, -42.4965213 -22.308366, -42.4965394 -22.3084066, -42.49653 -22.3084674, -42.4964918 -22.3085176, -42.4963 -22.3086578, -42.4961451 -22.3087707, -42.4960942 -22.3088384, -42.4960674 -22.3089159, -42.4960637 -22.3090181, -42.4960969 -22.3090958, -42.496179 -22.309172, -42.496474 -22.3093941, -42.4967211 -22.3095822, -42.4967698 -22.3095986, -42.4968097 -22.3095986, -42.4968445 -22.3095766, -42.4969947 -22.3094705, -42.4971667 -22.3093872, -42.497267 -22.3093899, -42.497326 -22.3094209, -42.4973635 -22.309468, -42.4973659 -22.3095025, -42.4973508 -22.3095313, -42.4972579 -22.3096104, -42.4971982 -22.3097017, -42.4971449 -22.3098154, -42.4970588 -22.3100157, -42.4969934 -22.3101045, -42.4968767 -22.3101988, -42.4967034 -22.310306, -42.4965602 -22.3103316, -42.4964744 -22.3103297, -42.4963751 -22.3102943, -42.4962326 -22.310234)"
"[465635625, 465635626]",unclassified,False,True,686.623,"LINESTRING (-42.4962326 -22.310234, -42.4963751 -22.3102943, -42.4964744 -22.3103297, -42.4965602 -22.3103316, -42.4967034 -22.310306, -42.4968767 -22.3101988, -42.4969934 -22.3101045, -42.4970588 -22.3100157, -42.4971449 -22.3098154, -42.4971982 -22.3097017, -42.4972579 -22.3096104, -42.4973508 -22.3095313, -42.4973659 -22.3095025, -42.4973635 -22.309468, -42.497326 -22.3094209, -42.497267 -22.3093899, -42.4971667 -22.3093872, -42.4969947 -22.3094705, -42.4968445 -22.3095766, -42.4968097 -22.3095986, -42.4967698 -22.3095986, -42.4967211 -22.3095822, -42.496474 -22.3093941, -42.496179 -22.309172, -42.4960969 -22.3090958, -42.4960637 -22.3090181, -42.4960674 -22.3089159, -42.4960942 -22.3088384, -42.4961451 -22.3087707, -42.4963 -22.3086578, -42.4964918 -22.3085176, -42.49653 -22.3084674, -42.4965394 -22.3084066, -42.4965213 -22.308366, -42.4964435 -22.308329, -42.4960144 -22.308164, -42.4955624 -22.3080288, -42.4949603 -22.3079667, -42.4948711 -22.307968, -42.4947779 -22.3079891, -42.4946558 -22.3080623, -42.4942961 -22.3083717)"
