osmid,highway,oneway,reversed,length,geometry
662215614,residential,False,True,71.742,"LINESTRING (142.9719948 -5.8312147, 142.9716715 -5.8313834, 142.971467 -5.8315787)"
344686152,tertiary,False,True,77.678,"LINESTRING (142.971467 -5.8315787, 142.9714701 -5.8319212, 142.9714356 -5.8320539, 142.9713501 -5.8322557)"
662215614,residential,False,False,71.742,"LINESTRING (142.971467 -5.8315787, 142.9716715 -5.8313834, 142.9719948 -5.8312147)"
344686152,tertiary,False,False,77.678,"LINESTRING (142.9713501 -5.8322557, 142.9714356 -5.8320539, 142.9714701 -5.8319212, 142.971467 -5.8315787)"
344686152,tertiary,False,True,122.823,"LINESTRING (142.9713501 -5.8322557, 142.9713083 -5.8323817, 142.9713104 -5.8324906, 142.9712846 -5.8330758, 142.9712835 -5.833353)"
344686152,tertiary,False,False,122.82300000000001,"LINESTRING (142.9712835 -5.833353, 142.9712846 -5.8330758, 142.9713104 -5.8324906, 142.9713083 -5.8323817, 142.9713501 -5.8322557)"
