osmid,highway,junction,oneway,reversed,length,geometry
414503612,secondary,roundabout,True,False,44.74700000000001,"LINESTRING (146.9891856 -9.2867302, 146.9891688 -9.2867366, 146.9891509 -9.2867382, 146.9891332 -9.286735, 146.9891171 -9.2867271, 146.9891038 -9.2867151, 146.9890943 -9.2867, 146.9890894 -9.2866829, 146.9890894 -9.2866652, 146.9890943 -9.2866481, 146.9891038 -9.286633, 146.9891179 -9.2866205, 146.9891351 -9.2866125, 146.9891539 -9.2866098, 146.9891727 -9.2866125, 146.9891899 -9.2866205, 146.989204 -9.286633, 146.9892139 -9.286649, 146.9892186 -9.2866672, 146.9892179 -9.2866859, 146.9892117 -9.2867036, 146.9892006 -9.2867188, 146.9891856 -9.2867302)"
