osmid,lanes,ref,name,highway,maxspeed,oneway,reversed,length,geometry
678384331,2,50,Toodyay Road,primary,60,False,False,6.172,"LINESTRING (116.1966738 -31.7930254, 116.1966086 -31.7930223)"
678384331,2,50,Toodyay Road,primary,60,False,True,6.172,"LINESTRING (116.1966086 -31.7930223, 116.1966738 -31.7930254)"
678384331,2,50,Toodyay Road,primary,60,False,False,503.96500000000003,"LINESTRING (116.1966086 -31.7930223, 116.1965073 -31.7930202, 116.1961185 -31.7930504, 116.1958035 -31.79309, 116.1953968 -31.7931775, 116.1934135 -31.7939011, 116.1932503 -31.7939607, 116.1929129 -31.7940838, 116.1916268 -31.794553)"
678384331,2,50,Toodyay Road,primary,60,False,True,503.96500000000003,"LINESTRING (116.1916268 -31.794553, 116.1929129 -31.7940838, 116.1932503 -31.7939607, 116.1934135 -31.7939011, 116.1953968 -31.7931775, 116.1958035 -31.79309, 116.1961185 -31.7930504, 116.1965073 -31.7930202, 116.1966086 -31.7930223)"
