osmid,name,highway,oneway,reversed,length,geometry
225059843,Pomona Road,tertiary,False,True,362.87699999999995,"LINESTRING (141.8942163 -34.0245965, 141.893964 -34.0260298, 141.8935943 -34.0278187)"
225059850,Mitchell Road,residential,False,False,851.53,"LINESTRING (141.8942163 -34.0245965, 141.8940119 -34.0246183, 141.8938118 -34.0246312, 141.8935757 -34.024649, 141.8932217 -34.0246579, 141.8883293 -34.0242222, 141.885027 -34.0239285)"
225059843,Pomona Road,tertiary,False,True,113.052,"LINESTRING (141.8935943 -34.0278187, 141.8933722 -34.0288186)"
225059843,Pomona Road,tertiary,False,False,362.87699999999995,"LINESTRING (141.8935943 -34.0278187, 141.893964 -34.0260298, 141.8942163 -34.0245965)"
225060011,Willow Lane,residential,False,True,490.797,"LINESTRING (141.8935943 -34.0278187, 141.8932002 -34.0277878, 141.8928515 -34.0277923, 141.8926209 -34.0278101, 141.8924599 -34.0278278, 141.8923044 -34.027859, 141.8884924 -34.0289355)"
225060011,Willow Lane,residential,False,False,490.797,"LINESTRING (141.8884924 -34.0289355, 141.8923044 -34.027859, 141.8924599 -34.0278278, 141.8926209 -34.0278101, 141.8928515 -34.0277923, 141.8932002 -34.0277878, 141.8935943 -34.0278187)"
225059843,Pomona Road,tertiary,False,False,113.052,"LINESTRING (141.8933722 -34.0288186, 141.8935943 -34.0278187)"
225059850,Mitchell Road,residential,False,True,851.53,"LINESTRING (141.885027 -34.0239285, 141.8883293 -34.0242222, 141.8932217 -34.0246579, 141.8935757 -34.024649, 141.8938118 -34.0246312, 141.8940119 -34.0246183, 141.8942163 -34.0245965)"
