osmid,name,highway,maxspeed,oneway,reversed,length,geometry
700781273,Hoima - Kampala Road,primary,80,False,True,208.47899999999998,"LINESTRING (32.0962518 0.6465328, 32.0962116 0.6467688, 32.0960721 0.6474125, 32.0958699 0.6483682)"
700781273,Hoima - Kampala Road,primary,80,False,False,144.54100000000003,"LINESTRING (32.0955598 0.6496305, 32.0957369 0.6489305, 32.0958576 0.6484263, 32.0958699 0.6483682)"
1266397431,,unclassified,,False,False,394.425,"LINESTRING (32.0955598 0.6496305, 32.0958281 0.6496332, 32.0960158 0.6495206, 32.0966649 0.6495742, 32.0977646 0.6497941, 32.0980811 0.6498639, 32.098301 0.6496708, 32.0989716 0.6496654)"
1266397431,,unclassified,,False,True,394.42500000000007,"LINESTRING (32.0989716 0.6496654, 32.098301 0.6496708, 32.0980811 0.6498639, 32.0977646 0.6497941, 32.0966649 0.6495742, 32.0960158 0.6495206, 32.0958281 0.6496332, 32.0955598 0.6496305)"
700781273,Hoima - Kampala Road,primary,80,False,False,208.47899999999998,"LINESTRING (32.0958699 0.6483682, 32.0960721 0.6474125, 32.0962116 0.6467688, 32.0962518 0.6465328)"
700781273,Hoima - Kampala Road,primary,80,False,True,144.541,"LINESTRING (32.0958699 0.6483682, 32.0958576 0.6484263, 32.0957369 0.6489305, 32.0955598 0.6496305)"
