osmid,highway,oneway,reversed,length,geometry
958681161,unclassified,False,True,5.625,"LINESTRING (30.1731193 -0.4793883, 30.1730908 -0.4793465)"
958681161,unclassified,False,False,5.625,"LINESTRING (30.1730908 -0.4793465, 30.1731193 -0.4793883)"
958681161,unclassified,False,True,243.66399999999996,"LINESTRING (30.1730908 -0.4793465, 30.1729849 -0.4791842, 30.1725855 -0.4785525, 30.1725198 -0.478418, 30.1724964 -0.4784024, 30.1724087 -0.4782482, 30.1723075 -0.4781781, 30.1720458 -0.4780258, 30.1718795 -0.4778783, 30.1718554 -0.4777576, 30.1718044 -0.4776449)"
958681162,unclassified,False,False,237.43099999999995,"LINESTRING (30.1730908 -0.4793465, 30.1729864 -0.4793414, 30.1729347 -0.4794257, 30.1728497 -0.4795277, 30.1727433 -0.4797283, 30.1726324 -0.479884, 30.1725239 -0.4799571, 30.1724258 -0.4800568, 30.1722081 -0.4800991, 30.1721115 -0.4801608, 30.1720271 -0.4802439, 30.1719359 -0.4803203, 30.171838 -0.4803324, 30.1716784 -0.4803592, 30.1714075 -0.4804115)"
958681162,unclassified,False,True,237.43100000000004,"LINESTRING (30.1714075 -0.4804115, 30.1716784 -0.4803592, 30.171838 -0.4803324, 30.1719359 -0.4803203, 30.1720271 -0.4802439, 30.1721115 -0.4801608, 30.1722081 -0.4800991, 30.1724258 -0.4800568, 30.1725239 -0.4799571, 30.1726324 -0.479884, 30.1727433 -0.4797283, 30.1728497 -0.4795277, 30.1729347 -0.4794257, 30.1729864 -0.4793414, 30.1730908 -0.4793465)"
958681161,unclassified,False,False,243.66399999999996,"LINESTRING (30.1718044 -0.4776449, 30.1718554 -0.4777576, 30.1718795 -0.4778783, 30.1720458 -0.4780258, 30.1723075 -0.4781781, 30.1724087 -0.4782482, 30.1724964 -0.4784024, 30.1725198 -0.478418, 30.1725855 -0.4785525, 30.1729849 -0.4791842, 30.1730908 -0.4793465)"
