osmid,highway,oneway,reversed,length,geometry
502669954,unclassified,False,True,97.50099999999999,"LINESTRING (34.7495141 -0.7429269, 34.7499017 -0.7423852, 34.7499976 -0.7421975)"
502669954,unclassified,False,False,97.50099999999999,"LINESTRING (34.7499976 -0.7421975, 34.7499017 -0.7423852, 34.7495141 -0.7429269)"
502669954,unclassified,False,True,691.738,"LINESTRING (34.7499976 -0.7421975, 34.7502286 -0.7417454, 34.7505015 -0.7411783, 34.750637 -0.7408967, 34.7507194 -0.7407731, 34.7508174 -0.7405864, 34.7508909 -0.7404774, 34.7509923 -0.7403313, 34.751293 -0.7399097, 34.7513665 -0.7397847, 34.7518227 -0.7390862, 34.7525544 -0.7377657, 34.7527538 -0.737432, 34.7532162 -0.7368968)"
502669954,unclassified,False,False,691.7380000000002,"LINESTRING (34.7532162 -0.7368968, 34.7527538 -0.737432, 34.7525544 -0.7377657, 34.7518227 -0.7390862, 34.7513665 -0.7397847, 34.751293 -0.7399097, 34.7509923 -0.7403313, 34.7508909 -0.7404774, 34.7508174 -0.7405864, 34.7507194 -0.7407731, 34.750637 -0.7408967, 34.7505015 -0.7411783, 34.7502286 -0.7417454, 34.7499976 -0.7421975)"
"[677135923, 677135925]",residential,False,True,373.525,"LINESTRING (34.7532162 -0.7368968, 34.7531033 -0.7368683, 34.7524327 -0.7368951, 34.7522224 -0.7368871, 34.7517053 -0.7368973, 34.7513724 -0.7368905, 34.7512373 -0.7368652, 34.7510362 -0.7367841, 34.7507861 -0.7367047, 34.750585 -0.7366675, 34.7503569 -0.7366472, 34.7500697 -0.7366084, 34.7499049 -0.7365619)"
"[677135923, 677135925]",residential,False,False,373.52500000000003,"LINESTRING (34.7499049 -0.7365619, 34.7500697 -0.7366084, 34.7503569 -0.7366472, 34.750585 -0.7366675, 34.7507861 -0.7367047, 34.7510362 -0.7367841, 34.7512373 -0.7368652, 34.7513724 -0.7368905, 34.7517053 -0.7368973, 34.7522224 -0.7368871, 34.7524327 -0.7368951, 34.7531033 -0.7368683, 34.7532162 -0.7368968)"
