osmid,highway,oneway,reversed,length,geometry
475343642,unclassified,False,False,115.80699999999999,"LINESTRING (35.4756215 -1.2753206, 35.4760886 -1.2750233, 35.4762868 -1.2748535, 35.4762727 -1.274627)"
475343642,unclassified,False,True,115.807,"LINESTRING (35.4762727 -1.274627, 35.4762868 -1.2748535, 35.4760886 -1.2750233, 35.4756215 -1.2753206)"
