osmid,highway,oneway,reversed,length,geometry
517389752,road,False,False,56.092,"LINESTRING (84.853122 27.4832192, 84.8532255 27.4831079, 84.8532981 27.4830364, 84.8533999 27.4829715, 84.8535477 27.4828932)"
517389752,road,False,True,56.092,"LINESTRING (84.8535477 27.4828932, 84.8533999 27.4829715, 84.8532981 27.4830364, 84.8532255 27.4831079, 84.853122 27.4832192)"
