osmid,highway,oneway,reversed,length,geometry
480785603,residential,False,True,335.912,"LINESTRING (87.9163872 26.8843771, 87.91649 26.8843564, 87.9166384 26.8843588, 87.9166937 26.8843664, 87.917353 26.884521, 87.9176388 26.8845963, 87.9178095 26.8846566, 87.9180748 26.8846774, 87.9181995 26.8846566, 87.9183165 26.8846566, 87.9184103 26.8847123, 87.9191293 26.8856687)"
480785603,residential,False,False,335.912,"LINESTRING (87.9191293 26.8856687, 87.9184103 26.8847123, 87.9183165 26.8846566, 87.9181995 26.8846566, 87.9180748 26.8846774, 87.9178095 26.8846566, 87.9176388 26.8845963, 87.917353 26.884521, 87.9166937 26.8843664, 87.9166384 26.8843588, 87.91649 26.8843564, 87.9163872 26.8843771)"
