osmid,highway,oneway,reversed,length,geometry
479977297,residential,False,False,75.893,"LINESTRING (33.894805 -2.6872132, 33.8949094 -2.6871662, 33.8949798 -2.6871182, 33.8950562 -2.6870559, 33.8950966 -2.6870255, 33.8951587 -2.6869939, 33.8951917 -2.686987, 33.8952567 -2.6869819, 33.8954223 -2.6869759)"
1118318683,residential,False,True,11.543,"LINESTRING (33.895421 -2.6868721, 33.8954223 -2.6869759)"
1118318683,residential,False,False,11.543,"LINESTRING (33.8954223 -2.6869759, 33.895421 -2.6868721)"
479977297,residential,False,True,75.893,"LINESTRING (33.8954223 -2.6869759, 33.8952567 -2.6869819, 33.8951917 -2.686987, 33.8951587 -2.6869939, 33.8950966 -2.6870255, 33.8950562 -2.6870559, 33.8949798 -2.6871182, 33.8949094 -2.6871662, 33.894805 -2.6872132)"
