osmid,highway,oneway,reversed,length,geometry
37424574,tertiary,False,False,205.969,"LINESTRING (29.6732307 -4.7139387, 29.6721743 -4.7139359, 29.6716517 -4.7139748, 29.6714143 -4.7140706, 29.6713964 -4.7140834)"
37424574,tertiary,False,True,349.496,"LINESTRING (29.6732307 -4.7139387, 29.6735067 -4.7138762, 29.6738544 -4.7136845, 29.675013 -4.7128912, 29.675653 -4.7124602, 29.6758822 -4.7122747)"
158545281,unclassified,False,True,513.425,"LINESTRING (29.6732307 -4.7139387, 29.6737325 -4.7152852, 29.6741263 -4.7165106, 29.6745801 -4.7177873, 29.6747815 -4.7182884)"
37424574,tertiary,False,True,291.142,"LINESTRING (29.6696628 -4.7160305, 29.6703825 -4.7150527, 29.6708151 -4.7145622, 29.6711735 -4.7142428, 29.6713964 -4.7140834)"
158545281,unclassified,False,False,513.425,"LINESTRING (29.6747815 -4.7182884, 29.6745801 -4.7177873, 29.6741263 -4.7165106, 29.6737325 -4.7152852, 29.6732307 -4.7139387)"
37424574,tertiary,False,False,349.496,"LINESTRING (29.6758822 -4.7122747, 29.675653 -4.7124602, 29.675013 -4.7128912, 29.6738544 -4.7136845, 29.6735067 -4.7138762, 29.6732307 -4.7139387)"
37424574,tertiary,False,False,291.14199999999994,"LINESTRING (29.6713964 -4.7140834, 29.6711735 -4.7142428, 29.6708151 -4.7145622, 29.6703825 -4.7150527, 29.6696628 -4.7160305)"
37424574,tertiary,False,True,205.969,"LINESTRING (29.6713964 -4.7140834, 29.6714143 -4.7140706, 29.6716517 -4.7139748, 29.6721743 -4.7139359, 29.6732307 -4.7139387)"
