osmid,lanes,ref,name,highway,oneway,reversed,length,geometry
892866426,2,QL.12,Quốc lộ 12,trunk,False,True,154.135,"LINESTRING (103.1636864 22.0498631, 103.1637038 22.050574, 103.1636653 22.0508016, 103.1636143 22.0510603, 103.1635994 22.0511821, 103.163602 22.0512412)"
852767841,,,,unclassified,False,True,113.13,"LINESTRING (103.1633444 22.0521079, 103.1634101 22.0520682, 103.1634772 22.0520433, 103.1635402 22.0520023, 103.1635912 22.0519414, 103.1636126 22.0519053, 103.163618 22.0518705, 103.163618 22.0518133, 103.1635348 22.0514802, 103.1635268 22.0514156, 103.1635362 22.0513733, 103.163563 22.0513124, 103.163602 22.0512412)"
889432203,,,,residential,False,True,96.64000000000001,"LINESTRING (103.1633444 22.0521079, 103.1633122 22.0522459, 103.1632532 22.0524808, 103.1632344 22.0525094, 103.1631888 22.0525318, 103.1631728 22.0525529, 103.1630896 22.0529246)"
852767841,,,,unclassified,False,False,113.13,"LINESTRING (103.163602 22.0512412, 103.163563 22.0513124, 103.1635362 22.0513733, 103.1635268 22.0514156, 103.1635348 22.0514802, 103.163618 22.0518133, 103.163618 22.0518705, 103.1636126 22.0519053, 103.1635912 22.0519414, 103.1635402 22.0520023, 103.1634772 22.0520433, 103.1634101 22.0520682, 103.1633444 22.0521079)"
892866426,2,QL.12,Quốc lộ 12,trunk,False,False,154.135,"LINESTRING (103.163602 22.0512412, 103.1635994 22.0511821, 103.1636143 22.0510603, 103.1636653 22.0508016, 103.1637038 22.050574, 103.1636864 22.0498631)"
892866426,2,QL.12,Quốc lộ 12,trunk,False,True,161.598,"LINESTRING (103.163602 22.0512412, 103.163629 22.0513876, 103.163766 22.0517909, 103.1637676 22.0519561, 103.1635617 22.0525902, 103.163552 22.052644)"
889432203,,,,residential,False,False,96.64,"LINESTRING (103.1630896 22.0529246, 103.1631728 22.0525529, 103.1631888 22.0525318, 103.1632344 22.0525094, 103.1632532 22.0524808, 103.1633122 22.0522459, 103.1633444 22.0521079)"
892866426,2,QL.12,Quốc lộ 12,trunk,False,False,161.598,"LINESTRING (103.163552 22.052644, 103.1635617 22.0525902, 103.1637676 22.0519561, 103.163766 22.0517909, 103.163629 22.0513876, 103.163602 22.0512412)"
