osmid,name,highway,oneway,reversed,length,geometry
680997179,Calle 29,residential,False,False,84.187,"LINESTRING (-89.2394677 20.9804917, -89.2386979 20.9802538)"
186616813,Calle 27,residential,False,True,94.458,"LINESTRING (-89.2393738 20.9811216, -89.2393253 20.9811254, -89.2384645 20.9811478)"
680997181,Calle 36,residential,False,False,102.319,"LINESTRING (-89.2384645 20.9811478, -89.2386979 20.9802538)"
680997181,Calle 36,residential,False,True,74.565,"LINESTRING (-89.2384645 20.9811478, -89.2383936 20.9818151)"
186616813,Calle 27,residential,False,False,94.458,"LINESTRING (-89.2384645 20.9811478, -89.2393253 20.9811254, -89.2393738 20.9811216)"
680997179,Calle 29,residential,False,True,84.187,"LINESTRING (-89.2386979 20.9802538, -89.2394677 20.9804917)"
680997181,Calle 36,residential,False,True,102.319,"LINESTRING (-89.2386979 20.9802538, -89.2384645 20.9811478)"
680997181,Calle 36,residential,False,False,74.565,"LINESTRING (-89.2383936 20.9818151, -89.2384645 20.9811478)"
