osmid,highway,oneway,reversed,length,geometry
510829411,tertiary,False,False,141.405,"LINESTRING (-92.5191202 16.9700463, -92.5189403 16.9700243, -92.518778 16.9700537, -92.5186211 16.9702205, -92.5185501 16.9702667, -92.5182228 16.9703141, -92.5179988 16.970309, -92.5179049 16.970259)"
510829411,tertiary,False,True,594.6650000000001,"LINESTRING (-92.5191202 16.9700463, -92.5197784 16.9701897, -92.5199635 16.9702551, -92.5207722 16.9708118, -92.5208661 16.9709157, -92.5209909 16.9712429, -92.5210807 16.9713544, -92.521251 16.9714635, -92.5223547 16.9717354, -92.5224674 16.9717931, -92.5224845 16.9718066, -92.5229367 16.9721625, -92.5233109 16.9723165, -92.5238482 16.9725257)"
510829411,tertiary,False,True,141.405,"LINESTRING (-92.5179049 16.970259, -92.5179988 16.970309, -92.5182228 16.9703141, -92.5185501 16.9702667, -92.5186211 16.9702205, -92.518778 16.9700537, -92.5189403 16.9700243, -92.5191202 16.9700463)"
510829411,tertiary,False,False,594.665,"LINESTRING (-92.5238482 16.9725257, -92.5233109 16.9723165, -92.5229367 16.9721625, -92.5224845 16.9718066, -92.5224674 16.9717931, -92.5223547 16.9717354, -92.521251 16.9714635, -92.5210807 16.9713544, -92.5209909 16.9712429, -92.5208661 16.9709157, -92.5207722 16.9708118, -92.5199635 16.9702551, -92.5197784 16.9701897, -92.5191202 16.9700463)"
