osmid,highway,oneway,reversed,length,geometry
713975005,tertiary,False,False,30.614000000000004,"LINESTRING (-100.93033 20.4263816, -100.9303691 20.4263582, -100.9304118 20.4263461, -100.9304979 20.4263392, -100.9306113 20.4263637)"
"[749494676, 843800412]",residential,False,"[False, True]",152.19299999999998,"LINESTRING (-100.93033 20.4263816, -100.9300805 20.4259312, -100.9297992 20.4251113)"
713975005,tertiary,False,True,30.614,"LINESTRING (-100.9306113 20.4263637, -100.9304979 20.4263392, -100.9304118 20.4263461, -100.9303691 20.4263582, -100.93033 20.4263816)"
843811570,residential,False,False,420.322,"LINESTRING (-100.9306113 20.4263637, -100.9307132 20.426309, -100.9307494 20.4263021, -100.9307984 20.4263002, -100.9308875 20.426309, -100.932299 20.4264152, -100.9323292 20.4264096, -100.9323493 20.4263904, -100.9323621 20.4263474, -100.9323044 20.4258968, -100.9323031 20.4258459, -100.9323084 20.4258047, -100.9323353 20.4257388, -100.9323674 20.4256816, -100.9323748 20.425648, -100.9323778 20.4256008, -100.9323326 20.4249856, -100.932236 20.4242931)"
"[749494676, 843800412]",residential,False,"[False, True]",152.19299999999998,"LINESTRING (-100.9297992 20.4251113, -100.9300805 20.4259312, -100.93033 20.4263816)"
843811570,residential,False,True,420.3220000000001,"LINESTRING (-100.932236 20.4242931, -100.9323326 20.4249856, -100.9323778 20.4256008, -100.9323748 20.425648, -100.9323674 20.4256816, -100.9323353 20.4257388, -100.9323084 20.4258047, -100.9323031 20.4258459, -100.9323044 20.4258968, -100.9323621 20.4263474, -100.9323493 20.4263904, -100.9323292 20.4264096, -100.932299 20.4264152, -100.9308875 20.426309, -100.9307984 20.4263002, -100.9307494 20.4263021, -100.9307132 20.426309, -100.9306113 20.4263637)"
