osmid,highway,oneway,reversed,length,geometry
922382692,residential,False,False,636.0859999999999,"LINESTRING (-103.0328213 20.9477525, -103.0329233 20.9480614, -103.0332506 20.9491861, -103.0332747 20.9492813, -103.0331916 20.9493289, -103.0330414 20.9493314, -103.0329582 20.949379, -103.0329528 20.9494967, -103.0329475 20.9496821, -103.0328724 20.9498574, -103.0327356 20.9503985, -103.032572 20.9510773, -103.0324084 20.9517862, -103.0323279 20.9518613, -103.0312577 20.9520116, -103.0311692 20.9520617, -103.0311075 20.9521769)"
922382692,residential,False,True,636.086,"LINESTRING (-103.0311075 20.9521769, -103.0311692 20.9520617, -103.0312577 20.9520116, -103.0323279 20.9518613, -103.0324084 20.9517862, -103.032572 20.9510773, -103.0327356 20.9503985, -103.0328724 20.9498574, -103.0329475 20.9496821, -103.0329528 20.9494967, -103.0329582 20.949379, -103.0330414 20.9493314, -103.0331916 20.9493289, -103.0332747 20.9492813, -103.0332506 20.9491861, -103.0329233 20.9480614, -103.0328213 20.9477525)"
