osmid,highway,oneway,reversed,length,geometry
700898793,unclassified,False,False,356.639,"LINESTRING (-100.3634526 21.1494806, -100.3637961 21.1492762, -100.3644043 21.1489615, -100.3664334 21.1478821)"
700901629,residential,False,False,85.107,"LINESTRING (-100.3664334 21.1478821, -100.3671274 21.1474736)"
700898793,unclassified,False,True,356.639,"LINESTRING (-100.3664334 21.1478821, -100.3644043 21.1489615, -100.3637961 21.1492762, -100.3634526 21.1494806)"
700901629,residential,False,True,85.107,"LINESTRING (-100.3671274 21.1474736, -100.3664334 21.1478821)"
