osmid,highway,oneway,reversed,length,geometry
785720892,tertiary,False,True,112.01100000000001,"LINESTRING (-99.4110601 25.2696574, -99.4109917 25.2695264, -99.4109695 25.2694579, -99.4109635 25.269393, -99.4109635 25.2693087, -99.4109903 25.2691856, -99.4110507 25.2690267, -99.4111955 25.2687041)"
785720892,tertiary,False,False,112.011,"LINESTRING (-99.4111955 25.2687041, -99.4110507 25.2690267, -99.4109903 25.2691856, -99.4109635 25.2693087, -99.4109635 25.269393, -99.4109695 25.2694579, -99.4109917 25.2695264, -99.4110601 25.2696574)"
