osmid,highway,oneway,reversed,length,geometry
782462708,unclassified,False,False,155.122,"LINESTRING (-99.6885974 18.8377089, -99.6892334 18.8382069, -99.6893269 18.8383643, -99.6894791 18.8387729)"
782462709,unclassified,False,True,159.326,"LINESTRING (-99.6893729 18.8401061, -99.6893517 18.8399051, -99.6894118 18.8396606, -99.6895853 18.8394228, -99.6896419 18.839195, -99.6896313 18.8390577, -99.6894791 18.8387729)"
782462710,unclassified,False,True,156.24900000000002,"LINESTRING (-99.6893729 18.8401061, -99.6892632 18.8399051, -99.6892632 18.8397778, -99.6893446 18.8395333, -99.6894897 18.8392553, -99.6895109 18.8389907, -99.6894791 18.8387729)"
782462708,unclassified,False,True,155.122,"LINESTRING (-99.6894791 18.8387729, -99.6893269 18.8383643, -99.6892334 18.8382069, -99.6885974 18.8377089)"
782462709,unclassified,False,False,159.32600000000002,"LINESTRING (-99.6894791 18.8387729, -99.6896313 18.8390577, -99.6896419 18.839195, -99.6895853 18.8394228, -99.6894118 18.8396606, -99.6893517 18.8399051, -99.6893729 18.8401061)"
782462710,unclassified,False,False,156.249,"LINESTRING (-99.6894791 18.8387729, -99.6895109 18.8389907, -99.6894897 18.8392553, -99.6893446 18.8395333, -99.6892632 18.8397778, -99.6892632 18.8399051, -99.6893729 18.8401061)"
