osmid,highway,oneway,reversed,length,geometry
868968660,residential,False,True,375.529,"LINESTRING (-92.4177566 17.8591237, -92.4191621 17.8592488, -92.4204013 17.859328, -92.4205314 17.8593229, -92.4206065 17.8592986, -92.4206923 17.8592501, -92.4211583 17.8589131)"
868968660,residential,False,False,375.529,"LINESTRING (-92.4211583 17.8589131, -92.4206923 17.8592501, -92.4206065 17.8592986, -92.4205314 17.8593229, -92.4204013 17.859328, -92.4191621 17.8592488, -92.4177566 17.8591237)"
