osmid,highway,oneway,reversed,length,geometry
935622994,unclassified,False,False,372.3380000000001,"LINESTRING (-97.3171413 18.6124676, -97.3174444 18.6129823, -97.3176402 18.6133305, -97.3180211 18.6140499, -97.318182 18.6143397, -97.3182571 18.6146879, -97.3182437 18.614937, -97.3181847 18.6153768, -97.3181793 18.6155178, -97.3181749 18.6155605)"
935622994,unclassified,False,True,372.33799999999997,"LINESTRING (-97.3181749 18.6155605, -97.3181793 18.6155178, -97.3181847 18.6153768, -97.3182437 18.614937, -97.3182571 18.6146879, -97.318182 18.6143397, -97.3180211 18.6140499, -97.3176402 18.6133305, -97.3174444 18.6129823, -97.3171413 18.6124676)"
945698392,residential,False,True,75.143,"LINESTRING (-97.3181749 18.6155605, -97.318473 18.6154676, -97.3186098 18.6154397, -97.3188686 18.6154238)"
945698392,residential,False,False,75.143,"LINESTRING (-97.3188686 18.6154238, -97.3186098 18.6154397, -97.318473 18.6154676, -97.3181749 18.6155605)"
