osmid,highway,oneway,reversed,length,geometry
773807438,residential,False,True,95.313,"LINESTRING (-98.5260402 19.2625921, -98.5268505 19.2622053)"
773807438,residential,False,False,95.313,"LINESTRING (-98.5268505 19.2622053, -98.5260402 19.2625921)"
773807439,residential,False,True,57.313,"LINESTRING (-98.5268505 19.2622053, -98.5271156 19.2626559)"
773807439,residential,False,False,169.58299999999997,"LINESTRING (-98.5268505 19.2622053, -98.5263123 19.2611672, -98.5259566 19.2610134)"
773807439,residential,False,False,57.313,"LINESTRING (-98.5271156 19.2626559, -98.5268505 19.2622053)"
773807439,residential,False,True,169.58299999999997,"LINESTRING (-98.5259566 19.2610134, -98.5263123 19.2611672, -98.5268505 19.2622053)"
