osmid,highway,oneway,reversed,length,geometry
37054718,tertiary,False,False,457.03999999999996,"LINESTRING (-89.3478799 20.9732163, -89.3474924 20.9746651, -89.3473783 20.975037, -89.3470494 20.9760208, -89.3466897 20.9771723)"
208439419,unclassified,False,True,105.108,"LINESTRING (-89.3478799 20.9732163, -89.3480755 20.9732989, -89.3481319 20.9733315, -89.3481642 20.9733816, -89.3482021 20.9735899, -89.3483008 20.9739926)"
208439419,unclassified,False,False,105.108,"LINESTRING (-89.3483008 20.9739926, -89.3482021 20.9735899, -89.3481642 20.9733816, -89.3481319 20.9733315, -89.3480755 20.9732989, -89.3478799 20.9732163)"
37054718,tertiary,False,True,457.03999999999996,"LINESTRING (-89.3466897 20.9771723, -89.3470494 20.9760208, -89.3473783 20.975037, -89.3474924 20.9746651, -89.3478799 20.9732163)"
