osmid,highway,oneway,reversed,length,geometry
562656958,tertiary,False,False,97.673,"LINESTRING (-98.1665917 19.6176843, -98.1670649 19.6184412)"
846510560,unclassified,False,True,461.174,"LINESTRING (-98.1665917 19.6176843, -98.166896 19.6177134, -98.1672366 19.6177854, -98.168343 19.6182212, -98.1692335 19.6184966, -98.1699832 19.6185699, -98.1705961 19.6185724, -98.1708401 19.6185522)"
846510560,unclassified,False,False,461.174,"LINESTRING (-98.1708401 19.6185522, -98.1705961 19.6185724, -98.1699832 19.6185699, -98.1692335 19.6184966, -98.168343 19.6182212, -98.1672366 19.6177854, -98.166896 19.6177134, -98.1665917 19.6176843)"
562656958,tertiary,False,True,97.673,"LINESTRING (-98.1670649 19.6184412, -98.1665917 19.6176843)"
