osmid,highway,oneway,reversed,length,geometry
"[708505536, 730240001]",residential,False,False,219.062,"LINESTRING (-102.0518196 20.0146454, -102.050346 20.0141197, -102.0503041 20.0140976, -102.050282 20.0140765, -102.0502723 20.0140422, -102.0502723 20.0140255, -102.0502823 20.013993, -102.050575 20.0138138)"
"[708505536, 730240001]",residential,False,True,219.062,"LINESTRING (-102.050575 20.0138138, -102.0502823 20.013993, -102.0502723 20.0140255, -102.0502723 20.0140422, -102.050282 20.0140765, -102.0503041 20.0140976, -102.050346 20.0141197, -102.0518196 20.0146454)"
"[730240000, 708505537]",residential,False,False,235.76,"LINESTRING (-102.050575 20.0138138, -102.0503846 20.0136802, -102.0500721 20.0134534, -102.0499554 20.0133299, -102.0499393 20.0132795, -102.0499474 20.0131837, -102.0500641 20.012846, -102.0501794 20.0124919, -102.0501941 20.0124226, -102.0502183 20.0123659, -102.0502813 20.0122865, -102.0504811 20.0121126)"
"[730240000, 708505537]",residential,False,True,235.76000000000002,"LINESTRING (-102.0504811 20.0121126, -102.0502813 20.0122865, -102.0502183 20.0123659, -102.0501941 20.0124226, -102.0501794 20.0124919, -102.0500641 20.012846, -102.0499474 20.0131837, -102.0499393 20.0132795, -102.0499554 20.0133299, -102.0500721 20.0134534, -102.0503846 20.0136802, -102.050575 20.0138138)"
