osmid,name,highway,oneway,reversed,length,geometry
429415966,Calle Arroyo Seco,residential,False,False,301.752,"LINESTRING (-99.2291509 18.7691179, -99.2293315 18.7682944, -99.23022 18.7667368, -99.2302066 18.7666352)"
674778999,Calle Arroyo Escondido,residential,False,True,141.083,"LINESTRING (-99.2308522 18.7655267, -99.2302908 18.7664224, -99.2302066 18.7666352)"
429415966,Calle Arroyo Seco,residential,False,True,301.752,"LINESTRING (-99.2302066 18.7666352, -99.23022 18.7667368, -99.2293315 18.7682944, -99.2291509 18.7691179)"
674778999,Calle Arroyo Escondido,residential,False,False,141.083,"LINESTRING (-99.2302066 18.7666352, -99.2302908 18.7664224, -99.2308522 18.7655267)"
