osmid,highway,oneway,reversed,length,geometry
944589991,residential,False,False,827.1489999999999,"LINESTRING (-97.663925 18.7716481, -97.6649299 18.7711455, -97.6669791 18.7700916, -97.668964 18.7690847, -97.6690035 18.7690371, -97.6690122 18.7689818, -97.6687843 18.7671508, -97.668791 18.7670886)"
944589990,residential,False,True,638.788,"LINESTRING (-97.6717642 18.7632347, -97.6712646 18.7637216, -97.6712345 18.7637375, -97.6711996 18.7637324, -97.6711064 18.7636785, -97.6710608 18.7636753, -97.6710065 18.763688, -97.6696104 18.7644156, -97.6685509 18.7649794, -97.6685187 18.7650124, -97.6685053 18.7650759, -97.668791 18.7670886)"
944589991,residential,False,True,204.234,"LINESTRING (-97.6704499 18.76614, -97.6688352 18.7670467, -97.668791 18.7670886)"
944589990,residential,False,False,638.788,"LINESTRING (-97.668791 18.7670886, -97.6685053 18.7650759, -97.6685187 18.7650124, -97.6685509 18.7649794, -97.6696104 18.7644156, -97.6710065 18.763688, -97.6710608 18.7636753, -97.6711064 18.7636785, -97.6711996 18.7637324, -97.6712345 18.7637375, -97.6712646 18.7637216, -97.6717642 18.7632347)"
944589991,residential,False,False,204.234,"LINESTRING (-97.668791 18.7670886, -97.6688352 18.7670467, -97.6704499 18.76614)"
944589991,residential,False,True,827.149,"LINESTRING (-97.668791 18.7670886, -97.6687843 18.7671508, -97.6690122 18.7689818, -97.6690035 18.7690371, -97.668964 18.7690847, -97.6669791 18.7700916, -97.6649299 18.7711455, -97.663925 18.7716481)"
