osmid,highway,oneway,reversed,length,geometry
759843375,unclassified,False,True,538.0219999999999,"LINESTRING (28.7047702 -25.4227568, 28.704683 -25.4229118, 28.7045167 -25.4231401, 28.7043276 -25.4233721, 28.7041453 -25.4235404, 28.7038448 -25.4237633, 28.7035914 -25.4239474, 28.7033755 -25.4240492, 28.7032413 -25.4240903, 28.703008 -25.4241194, 28.7026995 -25.4241509, 28.7019592 -25.4242333, 28.7009561 -25.4242817, 28.700071 -25.4243326)"
759843375,unclassified,False,False,538.0219999999999,"LINESTRING (28.700071 -25.4243326, 28.7009561 -25.4242817, 28.7019592 -25.4242333, 28.7026995 -25.4241509, 28.703008 -25.4241194, 28.7032413 -25.4240903, 28.7033755 -25.4240492, 28.7035914 -25.4239474, 28.7038448 -25.4237633, 28.7041453 -25.4235404, 28.7043276 -25.4233721, 28.7045167 -25.4231401, 28.704683 -25.4229118, 28.7047702 -25.4227568)"
