osmid,lanes,ref,name,highway,maxspeed,oneway,reversed,length,geometry
263904988,4,US 60,Southeast Adams Boulevard,primary,50 mph,False,False,213.002,"LINESTRING (-95.9534094 36.7425472, -95.9543286 36.7426459, -95.9552823 36.7428039, -95.9557514 36.7429151)"
263904988,4,US 60,Southeast Adams Boulevard,primary,50 mph,False,True,213.002,"LINESTRING (-95.9557514 36.7429151, -95.9552823 36.7428039, -95.9543286 36.7426459, -95.9534094 36.7425472)"
1218770839,,,,road,,False,False,172.091,"LINESTRING (-95.9557514 36.7429151, -95.9558191 36.7426922, -95.9558075 36.7425931, -95.9557397 36.7425051, -95.9555203 36.7423929, -95.9545839 36.7418839)"
1218770839,,,,road,,False,True,172.091,"LINESTRING (-95.9545839 36.7418839, -95.9555203 36.7423929, -95.9557397 36.7425051, -95.9558075 36.7425931, -95.9558191 36.7426922, -95.9557514 36.7429151)"
