osmid,lanes,name,highway,oneway,reversed,length,geometry
418400742,2,Point Barrow Road,tertiary,False,False,12.571,"LINESTRING (-94.8368823 29.7393667, -94.8368743 29.739334, -94.8368689 29.7392781, -94.836876 29.7392554)"
418400742,2,Point Barrow Road,tertiary,False,True,12.571000000000002,"LINESTRING (-94.836876 29.7392554, -94.8368689 29.7392781, -94.8368743 29.739334, -94.8368823 29.7393667)"
"[418714556, 418714557]",,Kai Drive,residential,True,False,74.91000000000001,"LINESTRING (-94.836876 29.7392554, -94.8367927 29.7392414, -94.836723 29.739232, -94.8366532 29.739232, -94.8365996 29.7392414, -94.836562 29.73926, -94.8365111 29.7392949, -94.8365674 29.7392949, -94.836613 29.7393066, -94.8366532 29.7393275, -94.8366908 29.7393415, -94.8367337 29.7393555, -94.8367873 29.7393671, -94.8368276 29.7393695, -94.8368823 29.7393667)"
