osmid,ref,name,highway,oneway,reversed,length,geometry
62210356,CR 59,55th Avenue Northeast,unclassified,False,False,814.3399999999999,"LINESTRING (-94.0485744 45.7130735, -94.0485379 45.7174953, -94.048526 45.7189477, -94.048514 45.7203969)"
62210356,CR 59,55th Avenue Northeast,unclassified,False,True,814.3399999999999,"LINESTRING (-94.048514 45.7203969, -94.048526 45.7189477, -94.0485379 45.7174953, -94.0485744 45.7130735)"
