osmid,highway,oneway,reversed,length,geometry
416589351,unclassified,False,False,87.27799999999999,"LINESTRING (-94.0534766 44.0074109, -94.0539114 44.0074204, -94.0541971 44.0074551, -94.0543205 44.0074966, -94.0544893 44.0076093)"
416589348,unclassified,False,False,32.847,"LINESTRING (-94.0544893 44.0076093, -94.0544043 44.0078983)"
416589351,unclassified,False,False,76.26400000000001,"LINESTRING (-94.0544893 44.0076093, -94.054582 44.0076712, -94.0548167 44.0077561, -94.0549763 44.0078602, -94.0550084 44.0081101)"
416589351,unclassified,False,True,87.27799999999999,"LINESTRING (-94.0544893 44.0076093, -94.0543205 44.0074966, -94.0541971 44.0074551, -94.0539114 44.0074204, -94.0534766 44.0074109)"
416589348,unclassified,False,True,32.847,"LINESTRING (-94.0544043 44.0078983, -94.0544893 44.0076093)"
416589351,unclassified,False,True,76.264,"LINESTRING (-94.0550084 44.0081101, -94.0549763 44.0078602, -94.0548167 44.0077561, -94.054582 44.0076712, -94.0544893 44.0076093)"
