osmid,highway,oneway,reversed,length,geometry
18352848,residential,False,False,243.48,"LINESTRING (-94.799949 39.675181, -94.799623 39.675202, -94.79801 39.675214, -94.79785 39.675036, -94.797753 39.674947, -94.797691 39.674926, -94.79761 39.674924, -94.797453 39.675005, -94.797344 39.675066)"
18352848,residential,False,True,243.48,"LINESTRING (-94.797344 39.675066, -94.797453 39.675005, -94.79761 39.674924, -94.797691 39.674926, -94.797753 39.674947, -94.79785 39.675036, -94.79801 39.675214, -94.799623 39.675202, -94.799949 39.675181)"
