osmid,lanes,name,highway,oneway,reversed,length,geometry
242855904,2,Bulverde Road,tertiary,False,True,104.368,"LINESTRING (-98.453378 29.744007, -98.453272 29.7439718, -98.453146 29.74393, -98.4528173 29.7437982, -98.45239 29.743627)"
15202087,,Heimer Cove,residential,False,True,463.58600000000007,"LINESTRING (-98.451229 29.743168, -98.451069 29.7434, -98.450969 29.743526, -98.4509492 29.743545, -98.450895 29.743597, -98.450743 29.743702, -98.450676 29.743762, -98.450618 29.74383, -98.450572 29.743894, -98.4505456 29.7439469, -98.450534 29.74397, -98.450226 29.744881, -98.450032 29.74547, -98.44999 29.745614, -98.449965 29.745736, -98.449952 29.745865, -98.449951 29.746009, -98.4499075 29.7469775, -98.449904 29.747055)"
242855904,2,Bulverde Road,tertiary,False,False,123.18000000000002,"LINESTRING (-98.451229 29.743168, -98.451859 29.743407, -98.452176 29.743538, -98.452288 29.743585, -98.45239 29.743627)"
242855904,2,Bulverde Road,tertiary,False,False,104.368,"LINESTRING (-98.45239 29.743627, -98.4528173 29.7437982, -98.453146 29.74393, -98.453272 29.7439718, -98.453378 29.744007)"
242855904,2,Bulverde Road,tertiary,False,True,123.18,"LINESTRING (-98.45239 29.743627, -98.452288 29.743585, -98.452176 29.743538, -98.451859 29.743407, -98.451229 29.743168)"
15202087,,Heimer Cove,residential,False,False,463.586,"LINESTRING (-98.449904 29.747055, -98.4499075 29.7469775, -98.449951 29.746009, -98.449952 29.745865, -98.449965 29.745736, -98.44999 29.745614, -98.450032 29.74547, -98.450226 29.744881, -98.450534 29.74397, -98.4505456 29.7439469, -98.450572 29.743894, -98.450618 29.74383, -98.450676 29.743762, -98.450743 29.743702, -98.450895 29.743597, -98.4509492 29.743545, -98.450969 29.743526, -98.451069 29.7434, -98.451229 29.743168)"
