osmid,highway,oneway,reversed,length,geometry,lanes,name,maxspeed
15140509,residential,False,False,353.728,"LINESTRING (-98.165504 30.7797, -98.166631 30.778825, -98.1674 30.778339, -98.168467 30.777815)",,,
15140509,residential,False,True,353.728,"LINESTRING (-98.168467 30.777815, -98.1674 30.778339, -98.166631 30.778825, -98.165504 30.7797)",,,
15143564,residential,False,True,296.02900000000005,"LINESTRING (-98.168467 30.777815, -98.168369 30.777789, -98.168271 30.777661, -98.167942 30.777336, -98.16778 30.777103, -98.167547 30.776992, -98.167358 30.77695, -98.167137 30.776784, -98.167028 30.776683, -98.166817 30.776622, -98.166224 30.776604, -98.165955 30.776607)",2,County Road 200C,30 mph
15143564,residential,False,False,296.029,"LINESTRING (-98.165955 30.776607, -98.166224 30.776604, -98.166817 30.776622, -98.167028 30.776683, -98.167137 30.776784, -98.167358 30.77695, -98.167547 30.776992, -98.16778 30.777103, -98.167942 30.777336, -98.168271 30.777661, -98.168369 30.777789, -98.168467 30.777815)",2,County Road 200C,30 mph
