osmid,oneway,lanes,ref,name,highway,reversed,length,geometry
40791641,True,2,US 69,US Highway 69 North,trunk,False,230.591,"LINESTRING (-95.18005 31.841844, -95.1793502 31.8412729, -95.1786493 31.8407397, -95.1782877 31.8404107)"
20784593,False,,,County Road 1505,residential,False,31.098,"LINESTRING (-95.1782877 31.8404107, -95.1780429 31.8405977)"
20784589,False,,,County Road 1505,residential,True,372.1120000000001,"LINESTRING (-95.1765286 31.8426662, -95.1769992 31.8423737, -95.1779178 31.8423655, -95.1794576 31.8424456, -95.179873 31.8423916, -95.1803102 31.8422346)"
20784593,False,,,County Road 1505,residential,True,31.098,"LINESTRING (-95.1780429 31.8405977, -95.1782877 31.8404107)"
20775215,True,2,US 69,US Highway 69 North,trunk,False,281.06899999999996,"LINESTRING (-95.1780429 31.8405977, -95.1785778 31.8409812, -95.1793502 31.8415427, -95.1803102 31.8422346)"
20784589,False,,,County Road 1505,residential,True,17.801,"LINESTRING (-95.1803102 31.8422346, -95.1804413 31.8421196)"
20784589,False,,,County Road 1505,residential,False,372.112,"LINESTRING (-95.1803102 31.8422346, -95.179873 31.8423916, -95.1794576 31.8424456, -95.1779178 31.8423655, -95.1769992 31.8423737, -95.1765286 31.8426662)"
20784589,False,,,County Road 1505,residential,False,17.801,"LINESTRING (-95.1804413 31.8421196, -95.1803102 31.8422346)"
40791641,True,2,US 69,US Highway 69 North,trunk,False,48.014,"LINESTRING (-95.1804413 31.8421196, -95.18005 31.841844)"
