osmid,lanes,ref,highway,oneway,reversed,length,geometry
763040558,2,FM 3381,tertiary,False,False,403.03499999999997,"LINESTRING (-98.5307869 31.911016, -98.5286389 31.9110261, -98.5265189 31.9109508)"
763040558,2,FM 3381,tertiary,False,True,403.03499999999997,"LINESTRING (-98.5265189 31.9109508, -98.5286389 31.9110261, -98.5307869 31.911016)"
