osmid,name,highway,oneway,reversed,length,geometry
6257266,Chambers County 83,tertiary,False,True,142.66,"LINESTRING (-85.306556 32.786747, -85.30635 32.786316, -85.306253 32.786121, -85.305998 32.785553)"
6257266,Chambers County 83,tertiary,False,False,19.064,"LINESTRING (-85.305614 32.784706, -85.305646 32.7847691, -85.3056626 32.7848083, -85.305687 32.784866)"
6257266,Chambers County 83,tertiary,False,False,81.736,"LINESTRING (-85.305687 32.784866, -85.305998 32.785553)"
6257266,Chambers County 83,tertiary,False,True,19.064,"LINESTRING (-85.305687 32.784866, -85.3056626 32.7848083, -85.305646 32.7847691, -85.305614 32.784706)"
6257266,Chambers County 83,tertiary,False,True,81.736,"LINESTRING (-85.305998 32.785553, -85.305687 32.784866)"
6257266,Chambers County 83,tertiary,False,False,142.66,"LINESTRING (-85.305998 32.785553, -85.306253 32.786121, -85.30635 32.786316, -85.306556 32.786747)"
