osmid,name,highway,oneway,reversed,length,geometry
12340078,Old Latta Highway,tertiary,False,False,234.14600000000004,"LINESTRING (-79.388678 34.397863, -79.388602 34.398, -79.388518 34.398164, -79.388174 34.398675, -79.388053 34.398839, -79.387679 34.399327, -79.387564 34.399507, -79.3874095 34.3996858)"
12340078,Old Latta Highway,tertiary,False,True,400.92099999999994,"LINESTRING (-79.385077 34.402734, -79.386054 34.401445, -79.386183 34.401281, -79.386298 34.401116, -79.386427 34.400953, -79.386564 34.400792, -79.386817 34.40046, -79.386961 34.400281, -79.387069 34.400128, -79.387198 34.399965, -79.3874095 34.3996858)"
12340078,Old Latta Highway,tertiary,False,False,400.92099999999994,"LINESTRING (-79.3874095 34.3996858, -79.387198 34.399965, -79.387069 34.400128, -79.386961 34.400281, -79.386817 34.40046, -79.386564 34.400792, -79.386427 34.400953, -79.386298 34.401116, -79.386183 34.401281, -79.386054 34.401445, -79.385077 34.402734)"
12340078,Old Latta Highway,tertiary,False,True,234.146,"LINESTRING (-79.3874095 34.3996858, -79.387564 34.399507, -79.387679 34.399327, -79.388053 34.398839, -79.388174 34.398675, -79.388518 34.398164, -79.388602 34.398, -79.388678 34.397863)"
