osmid,name,highway,oneway,reversed,length,geometry
17157150,Mackinnon Place,residential,False,False,32.43000000000001,"LINESTRING (-72.2295498 41.3599934, -72.2294696 41.3599759, -72.2293393 41.3599475, -72.2292491 41.3599679, -72.2291771 41.3599841)"
17157886,Seebeck Road,residential,False,False,199.094,"LINESTRING (-72.2295498 41.3599934, -72.2295861 41.3599075, -72.2297296 41.3595552, -72.2298463 41.3592562, -72.2299446 41.3590123, -72.2299767 41.3589319, -72.2300452 41.3587605, -72.2301814 41.3584198, -72.23015 41.3582747)"
17157150,Mackinnon Place,residential,False,True,32.43,"LINESTRING (-72.2291771 41.3599841, -72.2292491 41.3599679, -72.2293393 41.3599475, -72.2294696 41.3599759, -72.2295498 41.3599934)"
17157886,Seebeck Road,residential,False,True,199.094,"LINESTRING (-72.23015 41.3582747, -72.2301814 41.3584198, -72.2300452 41.3587605, -72.2299767 41.3589319, -72.2299446 41.3590123, -72.2298463 41.3592562, -72.2297296 41.3595552, -72.2295861 41.3599075, -72.2295498 41.3599934)"
