osmid,highway,oneway,reversed,length,geometry
11889373,residential,False,False,455.17500000000007,"LINESTRING (-79.2657725 41.5356052, -79.2656115 41.5356156, -79.2652317 41.535731, -79.2648654 41.5359517, -79.2646808 41.5359663, -79.264349 41.5359007, -79.2640335 41.535925, -79.2638177 41.5359434, -79.2635579 41.5359849, -79.2632743 41.53609, -79.2631494 41.5361299, -79.2629435 41.5361904, -79.2627886 41.5362549, -79.2626784 41.5362471, -79.2625545 41.5362085, -79.262465 41.536108, -79.2623204 41.5358993, -79.2620519 41.5356261, -79.2617937 41.5353813, -79.2617627 41.535304, -79.2617318 41.5351236, -79.2617421 41.5348943)"
11889373,residential,False,True,455.175,"LINESTRING (-79.2617421 41.5348943, -79.2617318 41.5351236, -79.2617627 41.535304, -79.2617937 41.5353813, -79.2620519 41.5356261, -79.2623204 41.5358993, -79.262465 41.536108, -79.2625545 41.5362085, -79.2626784 41.5362471, -79.2627886 41.5362549, -79.2629435 41.5361904, -79.2631494 41.5361299, -79.2632743 41.53609, -79.2635579 41.5359849, -79.2638177 41.5359434, -79.2640335 41.535925, -79.264349 41.5359007, -79.2646808 41.5359663, -79.2648654 41.5359517, -79.2652317 41.535731, -79.2656115 41.5356156, -79.2657725 41.5356052)"
