osmid,ref,highway,oneway,reversed,length,name,geometry
20870848,TX 37 Bus,secondary,False,True,46.798,,"LINESTRING (-95.2263513 33.204234, -95.2259516 33.2039785)"
20870668,TX 37,primary,False,False,51.856,State Highway 37 North,"LINESTRING (-95.2263513 33.204234, -95.2265229 33.2039228, -95.2265924 33.2038137)"
20870848,TX 37 Bus,secondary,False,False,602.591,,"LINESTRING (-95.2241136 33.1988743, -95.2242095 33.1991961, -95.224224 33.1992447, -95.2243653 33.1997457, -95.2247812 33.2014482, -95.2251351 33.202897, -95.2252959 33.2032756, -95.2253908 33.2034473, -95.2255613 33.2036684, -95.225775 33.2038656, -95.2259516 33.2039785)"
20870668,TX 37,primary,False,True,51.856,State Highway 37 North,"LINESTRING (-95.2265924 33.2038137, -95.2265229 33.2039228, -95.2263513 33.204234)"
866791816,,secondary,True,False,65.47200000000001,,"LINESTRING (-95.2265924 33.2038137, -95.2264206 33.203927, -95.2263683 33.2039517, -95.226312 33.203973, -95.226253 33.2039831, -95.2261819 33.203991, -95.2261081 33.2039921, -95.2260263 33.2039842, -95.2259516 33.2039785)"
20870848,TX 37 Bus,secondary,False,False,46.798,,"LINESTRING (-95.2259516 33.2039785, -95.2263513 33.204234)"
20870848,TX 37 Bus,secondary,False,True,602.5910000000001,,"LINESTRING (-95.2259516 33.2039785, -95.225775 33.2038656, -95.2255613 33.2036684, -95.2253908 33.2034473, -95.2252959 33.2032756, -95.2251351 33.202897, -95.2247812 33.2014482, -95.2243653 33.1997457, -95.224224 33.1992447, -95.2242095 33.1991961, -95.2241136 33.1988743)"
