osmid,highway,oneway,reversed,length,geometry
538813519,residential,False,False,84.744,"LINESTRING (-75.6899603 5.8735308, -75.6898905 5.8735255, -75.6897216 5.8735882, -75.68968 5.8735775, -75.689389 5.8732067)"
1077037742,residential,False,True,55.386,"LINESTRING (-75.689389 5.8732067, -75.6894091 5.872709)"
538813519,residential,False,True,84.744,"LINESTRING (-75.689389 5.8732067, -75.68968 5.8735775, -75.6897216 5.8735882, -75.6898905 5.8735255, -75.6899603 5.8735308)"
1077037742,residential,False,False,55.386,"LINESTRING (-75.6894091 5.872709, -75.689389 5.8732067)"
