osmid,highway,oneway,reversed,length,geometry
219465868,residential,False,False,170.032,"LINESTRING (-76.6943025 36.4383471, -76.6943574 36.4382787, -76.6945828 36.4381061, -76.6946042 36.4379248, -76.6945909 36.437898, -76.6945398 36.4377953, -76.6945072 36.4377881, -76.6943467 36.4377522, -76.6942279 36.4377761, -76.694218 36.4377781, -76.6941751 36.4379593, -76.6941561 36.4381117, -76.6941536 36.438132, -76.6942072 36.4382528, -76.6943025 36.4383471)"
219465868,residential,False,True,170.032,"LINESTRING (-76.6943025 36.4383471, -76.6942072 36.4382528, -76.6941536 36.438132, -76.6941561 36.4381117, -76.6941751 36.4379593, -76.694218 36.4377781, -76.6942279 36.4377761, -76.6943467 36.4377522, -76.6945072 36.4377881, -76.6945398 36.4377953, -76.6945909 36.437898, -76.6946042 36.4379248, -76.6945828 36.4381061, -76.6943574 36.4382787, -76.6943025 36.4383471)"
