osmid,highway,oneway,reversed,length,geometry
858601260,unclassified,False,True,294.03800000000007,"LINESTRING (-99.0001091 20.5019864, -98.999109 20.5019864, -98.998938 20.501993, -98.9989152 20.5019971, -98.9988944 20.5020037, -98.9988739 20.5020124, -98.9988542 20.5020238, -98.9987462 20.5021061, -98.9987368 20.5021136, -98.9987254 20.5021212, -98.9983753 20.5023361, -98.9983539 20.5023492, -98.9983298 20.502362, -98.9982769 20.5023863, -98.9982601 20.5023903, -98.9982399 20.5023928, -98.9982203 20.5023914, -98.9982004 20.5023857, -98.9981089 20.5023367, -98.998071 20.5023165, -98.9980472 20.502309, -98.998031 20.5023056, -98.9980158 20.5023052, -98.9979989 20.5023061, -98.9979829 20.5023116, -98.9979707 20.5023177, -98.9979556 20.5023288, -98.9979429 20.5023429, -98.997926 20.5023748, -98.9978894 20.5024662, -98.9978755 20.5024921, -98.9978556 20.5025187, -98.9978312 20.5025407, -98.9978023 20.5025601, -98.9976111 20.5026556)"
865291602,residential,False,True,73.605,"LINESTRING (-98.997281 20.5020703, -98.9976111 20.5026556)"
865291602,residential,False,False,73.605,"LINESTRING (-98.9976111 20.5026556, -98.997281 20.5020703)"
858601260,unclassified,False,False,294.038,"LINESTRING (-98.9976111 20.5026556, -98.9978023 20.5025601, -98.9978312 20.5025407, -98.9978556 20.5025187, -98.9978755 20.5024921, -98.9978894 20.5024662, -98.997926 20.5023748, -98.9979429 20.5023429, -98.9979556 20.5023288, -98.9979707 20.5023177, -98.9979829 20.5023116, -98.9979989 20.5023061, -98.9980158 20.5023052, -98.998031 20.5023056, -98.9980472 20.502309, -98.998071 20.5023165, -98.9981089 20.5023367, -98.9982004 20.5023857, -98.9982203 20.5023914, -98.9982399 20.5023928, -98.9982601 20.5023903, -98.9982769 20.5023863, -98.9983298 20.502362, -98.9983539 20.5023492, -98.9983753 20.5023361, -98.9987254 20.5021212, -98.9987368 20.5021136, -98.9987462 20.5021061, -98.9988542 20.5020238, -98.9988739 20.5020124, -98.9988944 20.5020037, -98.9989152 20.5019971, -98.998938 20.501993, -98.999109 20.5019864, -99.0001091 20.5019864)"
