osmid,name,highway,oneway,reversed,length,geometry
15125828,South Roderick Drive,residential,False,True,128.726,"LINESTRING (-78.3724833 35.5329409, -78.3732763 35.5319798)"
15121686,Pine Circle,residential,False,False,112.895,"LINESTRING (-78.374012 35.5325222, -78.374854 35.531773)"
15121828,Elm Drive,residential,False,True,89.831,"LINESTRING (-78.374012 35.5325222, -78.3732763 35.5319798)"
15121686,Pine Circle,residential,False,True,112.895,"LINESTRING (-78.374854 35.531773, -78.374012 35.5325222)"
15121828,Elm Drive,residential,False,False,73.598,"LINESTRING (-78.372721 35.5314962, -78.3732763 35.5319798)"
15121828,Elm Drive,residential,False,False,89.831,"LINESTRING (-78.3732763 35.5319798, -78.374012 35.5325222)"
15121828,Elm Drive,residential,False,True,73.598,"LINESTRING (-78.3732763 35.5319798, -78.372721 35.5314962)"
15125828,South Roderick Drive,residential,False,False,128.726,"LINESTRING (-78.3732763 35.5319798, -78.3724833 35.5329409)"
