osmid,lanes,name,highway,maxspeed,oneway,reversed,length,geometry
265863055,2,Cascade Road Southeast,secondary,55 mph,False,False,400.626,"LINESTRING (-85.37101 42.8855417, -85.3715309 42.8855461, -85.3719423 42.8855537, -85.3719937 42.8855546, -85.372821 42.885557, -85.375927 42.885548)"
265863055,2,Cascade Road Southeast,secondary,55 mph,False,True,400.62600000000003,"LINESTRING (-85.375927 42.885548, -85.372821 42.885557, -85.3719937 42.8855546, -85.3719423 42.8855537, -85.3715309 42.8855461, -85.37101 42.8855417)"
