osmid,ref,highway,maxspeed,oneway,reversed,length,geometry
845530701,FM 829,secondary,75 mph,False,False,763.154,"LINESTRING (-101.9193765 32.2713348, -101.9192431 32.2708955, -101.9172223 32.2647178)"
845530701,FM 829,secondary,75 mph,False,True,763.154,"LINESTRING (-101.9172223 32.2647178, -101.9192431 32.2708955, -101.9193765 32.2713348)"
