osmid,highway,oneway,reversed,length,geometry
15346727,residential,False,False,463.903,"LINESTRING (-99.220103 30.705837, -99.220583 30.705842, -99.221359 30.706205, -99.22192 30.706422, -99.222816 30.70605, -99.223732 30.706453, -99.223872 30.706945, -99.224115 30.707026)"
15346727,residential,False,True,463.9030000000001,"LINESTRING (-99.224115 30.707026, -99.223872 30.706945, -99.223732 30.706453, -99.222816 30.70605, -99.22192 30.706422, -99.221359 30.706205, -99.220583 30.705842, -99.220103 30.705837)"
