osmid,lanes,name,highway,oneway,reversed,length,geometry,ref
"[55836107, 55836108]",1,Queen Street,"['unclassified', 'residential']",False,True,343.282,"LINESTRING (-64.0680471 46.7918797, -64.0673223 46.7919165, -64.0669283 46.7918662, -64.0662605 46.7918904, -64.0656905 46.7918957, -64.0656055 46.7918965, -64.0651997 46.7919183, -64.0635491 46.7919336)",
55836106,1,Commercial Street,unclassified,False,True,238.868,"LINESTRING (-64.0679333 46.7946713, -64.0651108 46.7947093, -64.0647961 46.7947135)",
55836105,2,Route 152,tertiary,False,True,206.119,"LINESTRING (-64.0635491 46.7919336, -64.0635725 46.7937872)",152
"[55836107, 55836108]",1,Queen Street,"['residential', 'unclassified']",False,False,343.282,"LINESTRING (-64.0635491 46.7919336, -64.0651997 46.7919183, -64.0656055 46.7918965, -64.0656905 46.7918957, -64.0662605 46.7918904, -64.0669283 46.7918662, -64.0673223 46.7919165, -64.0680471 46.7918797)",
55836105,2,Route 152,tertiary,False,False,206.119,"LINESTRING (-64.0635725 46.7937872, -64.0635491 46.7919336)",152
55836109,2,Lupin Lane,residential,False,False,183.86199999999997,"LINESTRING (-64.0635725 46.7937872, -64.0636202 46.7945342, -64.0636386 46.7945968, -64.0636865 46.7946516, -64.0637585 46.7946923, -64.0638463 46.794714, -64.0639047 46.7947143, -64.0639396 46.7947144, -64.0647961 46.7947135)",
55836106,1,Commercial Street,unclassified,False,False,238.868,"LINESTRING (-64.0647961 46.7947135, -64.0651108 46.7947093, -64.0679333 46.7946713)",
55836109,2,Lupin Lane,residential,False,True,183.86199999999997,"LINESTRING (-64.0647961 46.7947135, -64.0639396 46.7947144, -64.0639047 46.7947143, -64.0638463 46.794714, -64.0637585 46.7946923, -64.0636865 46.7946516, -64.0636386 46.7945968, -64.0636202 46.7945342, -64.0635725 46.7937872)",
