osmid,name,highway,oneway,reversed,length,geometry
8643557,Brophy Road,residential,False,False,473.559,"LINESTRING (-83.856579 42.644842, -83.8564203 42.6448437, -83.8559651 42.6448487, -83.851911 42.644893, -83.851389 42.644883, -83.850974 42.644846, -83.8507957 42.6448227)"
8643557,Brophy Road,residential,False,True,473.55899999999997,"LINESTRING (-83.8507957 42.6448227, -83.850974 42.644846, -83.851389 42.644883, -83.851911 42.644893, -83.8559651 42.6448487, -83.8564203 42.6448437, -83.856579 42.644842)"
8643559,Brophy Road,residential,False,False,187.157,"LINESTRING (-83.8507957 42.6448227, -83.850336 42.645724, -83.850241 42.645907, -83.850253 42.645998, -83.850469 42.646401)"
8643559,Brophy Road,residential,False,True,187.15699999999998,"LINESTRING (-83.850469 42.646401, -83.850253 42.645998, -83.850241 42.645907, -83.850336 42.645724, -83.8507957 42.6448227)"
