osmid,name,highway,oneway,reversed,length,geometry
9429086,Tuscany Trace,residential,False,False,471.11899999999997,"LINESTRING (-84.859663 33.895009, -84.858216 33.895253, -84.857639 33.895259, -84.857459 33.895237, -84.857354 33.895167, -84.857321 33.895056, -84.857341 33.894585, -84.857383 33.894383, -84.857424 33.894313, -84.857556 33.894242, -84.857722 33.894201, -84.857856 33.894229, -84.857975 33.894327, -84.858151 33.894404, -84.85834 33.894442, -84.858529 33.894451, -84.858718 33.894439, -84.858895 33.894407, -84.85896 33.894346)"
9429086,Tuscany Trace,residential,False,True,471.11899999999997,"LINESTRING (-84.85896 33.894346, -84.858895 33.894407, -84.858718 33.894439, -84.858529 33.894451, -84.85834 33.894442, -84.858151 33.894404, -84.857975 33.894327, -84.857856 33.894229, -84.857722 33.894201, -84.857556 33.894242, -84.857424 33.894313, -84.857383 33.894383, -84.857341 33.894585, -84.857321 33.895056, -84.857354 33.895167, -84.857459 33.895237, -84.857639 33.895259, -84.858216 33.895253, -84.859663 33.895009)"
