osmid,lanes,name,highway,maxspeed,oneway,reversed,length,geometry
23272851,1,Long Lane,tertiary,40 mph,False,False,828.8719999999998,"LINESTRING (-1.7763509 50.8303634, -1.7747648 50.8285398, -1.7746839 50.8284802, -1.7746029 50.8284417, -1.7744716 50.8284387, -1.7742276 50.8284494, -1.7729429 50.82853, -1.7728168 50.828518, -1.7727387 50.8284945, -1.7727191 50.8284797, -1.772671 50.8284434, -1.7725816 50.8283312, -1.7724454 50.8280941, -1.7723427 50.8277847, -1.7721888 50.8272084, -1.7720713 50.8267819, -1.7720176 50.8265728, -1.7719396 50.8264525, -1.7718378 50.8263715, -1.7716593 50.8262851, -1.7713865 50.8261917, -1.7710182 50.8261022, -1.7708439 50.8260368, -1.7706878 50.8259415, -1.7705692 50.8258567, -1.7705195 50.8257485, -1.770341 50.8250158)"
24339137,,Green Lane,unclassified,,False,True,589.333,"LINESTRING (-1.7763509 50.8303634, -1.7752999 50.8303198, -1.774838 50.8303459, -1.7740458 50.8304398, -1.7734352 50.8304579, -1.7729036 50.8304802, -1.7726697 50.8305285, -1.7725895 50.8305761, -1.7725779 50.8306408, -1.7727005 50.8309099, -1.7729064 50.831216, -1.7730052 50.8316128, -1.7730178 50.8317867, -1.772953 50.8334179)"
24339137,,Green Lane,unclassified,,False,False,589.3330000000001,"LINESTRING (-1.772953 50.8334179, -1.7730178 50.8317867, -1.7730052 50.8316128, -1.7729064 50.831216, -1.7727005 50.8309099, -1.7725779 50.8306408, -1.7725895 50.8305761, -1.7726697 50.8305285, -1.7729036 50.8304802, -1.7734352 50.8304579, -1.7740458 50.8304398, -1.774838 50.8303459, -1.7752999 50.8303198, -1.7763509 50.8303634)"
23272851,1,Long Lane,tertiary,40 mph,False,True,828.872,"LINESTRING (-1.770341 50.8250158, -1.7705195 50.8257485, -1.7705692 50.8258567, -1.7706878 50.8259415, -1.7708439 50.8260368, -1.7710182 50.8261022, -1.7713865 50.8261917, -1.7716593 50.8262851, -1.7718378 50.8263715, -1.7719396 50.8264525, -1.7720176 50.8265728, -1.7720713 50.8267819, -1.7721888 50.8272084, -1.7723427 50.8277847, -1.7724454 50.8280941, -1.7725816 50.8283312, -1.772671 50.8284434, -1.7727191 50.8284797, -1.7727387 50.8284945, -1.7728168 50.828518, -1.7729429 50.82853, -1.7742276 50.8284494, -1.7744716 50.8284387, -1.7746029 50.8284417, -1.7746839 50.8284802, -1.7747648 50.8285398, -1.7763509 50.8303634)"
