osmid,name,highway,oneway,reversed,length,geometry
484709665,Whitesides Road,unclassified,False,False,509.63699999999994,"LINESTRING (-81.9071344 35.3961366, -81.9061779 35.3965906, -81.9058724 35.3967356, -81.9055679 35.3968635, -81.9053426 35.3969619, -81.9051771 35.3970357, -81.9051415 35.3970516, -81.9048531 35.3971522, -81.9048211 35.3971622, -81.9046372 35.3972199, -81.9044249 35.3972842, -81.9042033 35.3973316, -81.9040447 35.3973618, -81.9037887 35.3973958, -81.9035241 35.3974309, -81.9030641 35.3974736, -81.90282 35.3974889, -81.9022769 35.3975249, -81.9018866 35.3975468)"
484709665,Whitesides Road,unclassified,False,True,146.123,"LINESTRING (-81.899933 35.397675, -81.9001859 35.3976583, -81.9003526 35.3976398, -81.9007199 35.3976211, -81.9015393 35.3975665)"
484709665,Whitesides Road,unclassified,False,True,31.556,"LINESTRING (-81.9015393 35.3975665, -81.9018866 35.3975468)"
484709665,Whitesides Road,unclassified,False,False,146.123,"LINESTRING (-81.9015393 35.3975665, -81.9007199 35.3976211, -81.9003526 35.3976398, -81.9001859 35.3976583, -81.899933 35.397675)"
484709665,Whitesides Road,unclassified,False,False,31.556,"LINESTRING (-81.9018866 35.3975468, -81.9015393 35.3975665)"
16765626,Kitten Trail,residential,False,False,327.145,"LINESTRING (-81.9018866 35.3975468, -81.9021911 35.3966367, -81.9025022 35.3959289, -81.9027388 35.395481, -81.9028198 35.3952729, -81.9028181 35.3951885, -81.9027888 35.3951224, -81.902765 35.3950855, -81.9026749 35.3950591, -81.9025697 35.3950464, -81.9023505 35.3950661)"
484709665,Whitesides Road,unclassified,False,True,509.63699999999994,"LINESTRING (-81.9018866 35.3975468, -81.9022769 35.3975249, -81.90282 35.3974889, -81.9030641 35.3974736, -81.9035241 35.3974309, -81.9037887 35.3973958, -81.9040447 35.3973618, -81.9042033 35.3973316, -81.9044249 35.3972842, -81.9046372 35.3972199, -81.9048211 35.3971622, -81.9048531 35.3971522, -81.9051415 35.3970516, -81.9051771 35.3970357, -81.9053426 35.3969619, -81.9055679 35.3968635, -81.9058724 35.3967356, -81.9061779 35.3965906, -81.9071344 35.3961366)"
16765626,Kitten Trail,residential,False,True,327.145,"LINESTRING (-81.9023505 35.3950661, -81.9025697 35.3950464, -81.9026749 35.3950591, -81.902765 35.3950855, -81.9027888 35.3951224, -81.9028181 35.3951885, -81.9028198 35.3952729, -81.9027388 35.395481, -81.9025022 35.3959289, -81.9021911 35.3966367, -81.9018866 35.3975468)"
