osmid,name,highway,junction,oneway,reversed,length,geometry
813607413,Tierra Verde Place,residential,roundabout,True,False,31.739,"LINESTRING (-106.6830453 35.0129582, -106.6830455 35.0129441, -106.6830341 35.0129155, -106.6830118 35.0128914, -106.6829813 35.0128746, -106.6829457 35.0128668, -106.682909 35.0128688, -106.6828751 35.0128806, -106.6828476 35.0129007, -106.6828296 35.012927, -106.682823 35.0129566)"
813607414,Tierra Verde Place,residential,,False,False,68.131,"LINESTRING (-106.682823 35.0129566, -106.6820751 35.0129421)"
813607413,Tierra Verde Place,residential,roundabout,True,False,31.997,"LINESTRING (-106.682823 35.0129566, -106.6828286 35.0129865, -106.6828456 35.0130132, -106.6828724 35.013034, -106.6829059 35.0130465, -106.6829426 35.0130494, -106.6829784 35.0130424, -106.6830096 35.0130263, -106.6830326 35.0130027, -106.683045 35.0129743, -106.6830453 35.0129582)"
813607414,Tierra Verde Place,residential,,False,True,68.131,"LINESTRING (-106.6820751 35.0129421, -106.682823 35.0129566)"
813607415,Tierra Verde Place,residential,roundabout,True,False,30.441000000000003,"LINESTRING (-106.6820751 35.0129421, -106.6820738 35.0129117, -106.6820603 35.0128834, -106.6820359 35.0128604, -106.6820036 35.0128454, -106.681967 35.0128402, -106.6819304 35.0128453, -106.681898 35.0128601, -106.6818734 35.0128829, -106.6818597 35.0129112)"
813607415,Tierra Verde Place,residential,roundabout,True,False,31.88,"LINESTRING (-106.6818597 35.0129112, -106.681858 35.0129398, -106.6818674 35.0129674, -106.681887 35.0129912, -106.6819147 35.0130087, -106.6819478 35.0130181, -106.6819828 35.0130184, -106.6820162 35.0130097, -106.6820445 35.0129928, -106.6820648 35.0129695, -106.6820751 35.0129421)"
813607416,Tierra Verde Place,residential,,False,False,216.108,"LINESTRING (-106.6818597 35.0129112, -106.6818133 35.012886, -106.6817344 35.0128769, -106.6816223 35.0128619, -106.6814406 35.0128589, -106.6805537 35.0128574, -106.6804049 35.0128634, -106.6803094 35.0128814, -106.6802195 35.0129085, -106.6801497 35.0129551, -106.6800432 35.0130514, -106.6797292 35.0133311)"
813607416,Tierra Verde Place,residential,,False,True,216.10799999999998,"LINESTRING (-106.6797292 35.0133311, -106.6800432 35.0130514, -106.6801497 35.0129551, -106.6802195 35.0129085, -106.6803094 35.0128814, -106.6804049 35.0128634, -106.6805537 35.0128574, -106.6814406 35.0128589, -106.6816223 35.0128619, -106.6817344 35.0128769, -106.6818133 35.012886, -106.6818597 35.0129112)"
