osmid,highway,oneway,reversed,length,geometry
148855493,unclassified,False,False,175.48999999999998,"LINESTRING (-4.3584303 50.5172877, -4.3584484 50.5173135, -4.3587136 50.5176408, -4.3595499 50.5186962)"
1094521770,tertiary,False,True,167.07199999999997,"LINESTRING (-4.3584303 50.5172877, -4.359084 50.517102, -4.3594128 50.5170065, -4.359582 50.5169535, -4.359864 50.5168795, -4.360114 50.5168018, -4.3604278 50.5167313, -4.3604666 50.5167223, -4.3605222 50.5167093, -4.3605559 50.5167014, -4.3605997 50.516697)"
1094521770,tertiary,False,False,167.072,"LINESTRING (-4.3605997 50.516697, -4.3605559 50.5167014, -4.3605222 50.5167093, -4.3604666 50.5167223, -4.3604278 50.5167313, -4.360114 50.5168018, -4.359864 50.5168795, -4.359582 50.5169535, -4.3594128 50.5170065, -4.359084 50.517102, -4.3584303 50.5172877)"
148855493,unclassified,False,False,85.336,"LINESTRING (-4.3595499 50.5186962, -4.3592582 50.5194409)"
148855493,unclassified,False,True,175.48999999999998,"LINESTRING (-4.3595499 50.5186962, -4.3587136 50.5176408, -4.3584484 50.5173135, -4.3584303 50.5172877)"
148855493,unclassified,False,True,85.336,"LINESTRING (-4.3592582 50.5194409, -4.3595499 50.5186962)"
