osmid,ref,name,highway,maxspeed,oneway,reversed,length,geometry,bridge
17862010,B-72,13 Mile Road Northwest,tertiary,55 mph,False,False,413.20300000000003,"LINESTRING (-85.725118 43.161018, -85.7264019 43.1610378, -85.727769 43.161039, -85.727852 43.161034, -85.728171 43.161014, -85.728789 43.160923, -85.729035 43.160874, -85.72945 43.160779, -85.730128 43.160604)",
"[344534737, 344534734]",M 37,M-37,trunk,55 mph,False,True,319.447,"LINESTRING (-85.725118 43.161018, -85.7243921 43.1635928, -85.7243327 43.1638331)",yes
17862010,B-72,13 Mile Road Northwest,tertiary,55 mph,False,True,413.203,"LINESTRING (-85.730128 43.160604, -85.72945 43.160779, -85.729035 43.160874, -85.728789 43.160923, -85.728171 43.161014, -85.727852 43.161034, -85.727769 43.161039, -85.7264019 43.1610378, -85.725118 43.161018)",
"[344534737, 344534734]",M 37,M-37,trunk,55 mph,False,False,319.447,"LINESTRING (-85.7243327 43.1638331, -85.7243921 43.1635928, -85.725118 43.161018)",yes
