osmid,name,highway,oneway,reversed,length,geometry
17547330,County Road 1000 North,unclassified,False,True,64.301,"LINESTRING (-87.000162 38.03149, -87.000896 38.031502)"
17536960,,residential,False,False,184.599,"LINESTRING (-87.000162 38.03149, -87.000182 38.031944, -87.000193 38.032036, -87.000232 38.032076, -87.00031 38.032104, -87.000764 38.032098, -87.000841 38.032064, -87.000884 38.031975, -87.000896 38.031502)"
17547330,County Road 1000 North,unclassified,False,False,530.492,"LINESTRING (-87.000162 38.03149, -86.998252 38.031472, -86.9976792 38.031456, -86.995713 38.031401, -86.994107 38.031417)"
17547330,County Road 1000 North,unclassified,False,False,64.301,"LINESTRING (-87.000896 38.031502, -87.000162 38.03149)"
17536960,,residential,False,True,184.599,"LINESTRING (-87.000896 38.031502, -87.000884 38.031975, -87.000841 38.032064, -87.000764 38.032098, -87.00031 38.032104, -87.000232 38.032076, -87.000193 38.032036, -87.000182 38.031944, -87.000162 38.03149)"
17547330,County Road 1000 North,unclassified,False,True,8.672,"LINESTRING (-86.994008 38.031416, -86.994107 38.031417)"
17547330,County Road 1000 North,unclassified,False,False,8.672,"LINESTRING (-86.994107 38.031417, -86.994008 38.031416)"
17547330,County Road 1000 North,unclassified,False,True,530.492,"LINESTRING (-86.994107 38.031417, -86.995713 38.031401, -86.9976792 38.031456, -86.998252 38.031472, -87.000162 38.03149)"
