osmid,name,highway,oneway,reversed,length,geometry
8717582,Meadow Lane,residential,False,False,168.57,"LINESTRING (-83.5132245 42.743904, -83.513226 42.743733, -83.5132397 42.7436886, -83.513278 42.743564, -83.5133236 42.7434182, -83.5133418 42.74336, -83.513388 42.743215, -83.5134041 42.7431825, -83.5134593 42.7430748, -83.5135026 42.7429477, -83.5135194 42.7428086, -83.5135243 42.742715, -83.5135169 42.7425906, -83.5134711 42.7424189)"
8717582,Meadow Lane,residential,False,True,168.57,"LINESTRING (-83.5134711 42.7424189, -83.5135169 42.7425906, -83.5135243 42.742715, -83.5135194 42.7428086, -83.5135026 42.7429477, -83.5134593 42.7430748, -83.5134041 42.7431825, -83.513388 42.743215, -83.5133418 42.74336, -83.5133236 42.7434182, -83.513278 42.743564, -83.5132397 42.7436886, -83.513226 42.743733, -83.5132245 42.743904)"
