osmid,name,highway,oneway,reversed,length,geometry
21642204,Louis Avenue,residential,False,False,152.249,"LINESTRING (-88.315318 43.058008, -88.315385 43.058144, -88.315509 43.058427, -88.31556 43.058507, -88.315583 43.058532, -88.3156139 43.0585582, -88.315622 43.058565, -88.315645 43.058584, -88.315677 43.058603, -88.31575 43.05864, -88.316237 43.05884, -88.316515 43.058962)"
21669874,Louis Court,residential,False,False,45.082,"LINESTRING (-88.315318 43.058008, -88.315067 43.05808, -88.314977 43.058115, -88.314879 43.058165, -88.314834 43.058198)"
21631435,Louis Court,residential,True,False,70.55499999999999,"LINESTRING (-88.314834 43.058198, -88.314688 43.058302, -88.314647 43.058336, -88.314635 43.058358, -88.314637 43.058382, -88.314652 43.058399, -88.314684 43.058421, -88.314723 43.058432, -88.314756 43.058435, -88.314786 43.058433, -88.314818 43.058422, -88.314855 43.058395, -88.314862 43.058377, -88.314863 43.058358, -88.314843 43.058273, -88.314834 43.058198)"
21669874,Louis Court,residential,False,True,45.082,"LINESTRING (-88.314834 43.058198, -88.314879 43.058165, -88.314977 43.058115, -88.315067 43.05808, -88.315318 43.058008)"
21642204,Louis Avenue,residential,False,False,110.716,"LINESTRING (-88.316515 43.058962, -88.316727 43.059055, -88.316945 43.059181, -88.317177 43.059342, -88.317403 43.059528, -88.317512 43.05963)"
21642204,Louis Avenue,residential,False,True,152.249,"LINESTRING (-88.316515 43.058962, -88.316237 43.05884, -88.31575 43.05864, -88.315677 43.058603, -88.315645 43.058584, -88.315622 43.058565, -88.3156139 43.0585582, -88.315583 43.058532, -88.31556 43.058507, -88.315509 43.058427, -88.315385 43.058144, -88.315318 43.058008)"
21642204,Louis Avenue,residential,False,True,110.716,"LINESTRING (-88.317512 43.05963, -88.317403 43.059528, -88.317177 43.059342, -88.316945 43.059181, -88.316727 43.059055, -88.316515 43.058962)"
