osmid,name,highway,oneway,reversed,length,geometry
22052155,County Road 1200N,residential,False,True,25.267,"LINESTRING (-88.422987 38.428113, -88.422942 38.428112, -88.422697 38.428108)"
22052155,County Road 1200N,residential,False,False,25.267,"LINESTRING (-88.422697 38.428108, -88.422942 38.428112, -88.422987 38.428113)"
