osmid,name,highway,oneway,reversed,length,lanes,maxspeed,geometry
"[1087371128, 1087371129, 117318948]",Township Parkway,tertiary,False,True,522.957,"['3', '2']",30 mph,"LINESTRING (-93.0459908 45.0937704, -93.045979 45.0928172, -93.0459792 45.0923705, -93.0459796 45.0916861, -93.0459925 45.0914635, -93.046022 45.0912937, -93.0460601 45.0911227, -93.0461497 45.0907911, -93.0461892 45.0905647, -93.0461975 45.0904128, -93.0461991 45.0903824, -93.0462006 45.09035, -93.0462017 45.0903178, -93.0462027 45.0902837, -93.0462122 45.0896395, -93.0462147 45.0894654, -93.0462117 45.0892095, -93.0462104 45.0891679, -93.0462101 45.0891606, -93.0461999 45.0890792)"
986738223,Hammond Road,residential,False,True,250.418,,,"LINESTRING (-93.0459908 45.0937704, -93.0461077 45.0937701, -93.0461997 45.0937699, -93.0469762 45.0937682, -93.0472519 45.0937676, -93.047559 45.093767, -93.0480135 45.0937686, -93.0486422 45.0937708, -93.0491809 45.0937727)"
986738223,Hammond Road,residential,False,False,250.41799999999998,,,"LINESTRING (-93.0491809 45.0937727, -93.0486422 45.0937708, -93.0480135 45.0937686, -93.047559 45.093767, -93.0472519 45.0937676, -93.0469762 45.0937682, -93.0461997 45.0937699, -93.0461077 45.0937701, -93.0459908 45.0937704)"
"[1087371128, 1087371129, 117318948]",Township Parkway,tertiary,False,False,522.9570000000001,"['3', '2']",30 mph,"LINESTRING (-93.0461999 45.0890792, -93.0462101 45.0891606, -93.0462104 45.0891679, -93.0462117 45.0892095, -93.0462147 45.0894654, -93.0462122 45.0896395, -93.0462027 45.0902837, -93.0462017 45.0903178, -93.0462006 45.09035, -93.0461991 45.0903824, -93.0461975 45.0904128, -93.0461892 45.0905647, -93.0461497 45.0907911, -93.0460601 45.0911227, -93.046022 45.0912937, -93.0459925 45.0914635, -93.0459796 45.0916861, -93.0459792 45.0923705, -93.045979 45.0928172, -93.0459908 45.0937704)"
