osmid,highway,oneway,reversed,length,geometry
812418288,residential,False,True,257.896,"LINESTRING (-97.658922 33.2131091, -97.659849 33.2131035, -97.6600589 33.2131069, -97.6603574 33.2131118, -97.6608391 33.2131196, -97.6616938 33.2131335)"
812418288,residential,False,False,257.896,"LINESTRING (-97.6616938 33.2131335, -97.6608391 33.2131196, -97.6603574 33.2131118, -97.6600589 33.2131069, -97.659849 33.2131035, -97.658922 33.2131091)"
