osmid,highway,oneway,reversed,length,geometry
21397967,residential,False,False,291.73699999999997,"LINESTRING (-99.162854 26.991905, -99.162956 26.990873, -99.163929 26.989543)"
21397967,residential,False,True,291.73699999999997,"LINESTRING (-99.163929 26.989543, -99.162956 26.990873, -99.162854 26.991905)"
21399401,residential,False,False,798.8309999999999,"LINESTRING (-99.163929 26.989543, -99.164646 26.989703, -99.164953 26.989887, -99.165747 26.990758, -99.166156 26.99085, -99.168409 26.990965, -99.170994 26.99085, -99.171353 26.991056)"
21399401,residential,False,True,798.8309999999999,"LINESTRING (-99.171353 26.991056, -99.170994 26.99085, -99.168409 26.990965, -99.166156 26.99085, -99.165747 26.990758, -99.164953 26.989887, -99.164646 26.989703, -99.163929 26.989543)"
