osmid,highway,oneway,reversed,length,geometry
376198842,unclassified,False,False,601.3790000000001,"LINESTRING (114.1422282 -8.3329992, 114.1420841 -8.3325867, 114.1420571 -8.3324353, 114.1420349 -8.3322399, 114.1420136 -8.3320925, 114.1417383 -8.331421, 114.1415425 -8.3307529, 114.1414583 -8.3305282, 114.14142 -8.3304341, 114.1413617 -8.3303504, 114.1412355 -8.3302044, 114.1411284 -8.3300952, 114.1410559 -8.3299868, 114.1404591 -8.3283055, 114.140439 -8.3282763, 114.1404162 -8.3282564, 114.140384 -8.3282524, 114.1402727 -8.3282697, 114.140199 -8.3282869, 114.1401299 -8.3282989)"
795536748,residential,False,False,52.928,"LINESTRING (114.1401299 -8.3282989, 114.1396491 -8.3283148)"
376198842,unclassified,False,True,601.379,"LINESTRING (114.1401299 -8.3282989, 114.140199 -8.3282869, 114.1402727 -8.3282697, 114.140384 -8.3282524, 114.1404162 -8.3282564, 114.140439 -8.3282763, 114.1404591 -8.3283055, 114.1410559 -8.3299868, 114.1411284 -8.3300952, 114.1412355 -8.3302044, 114.1413617 -8.3303504, 114.14142 -8.3304341, 114.1414583 -8.3305282, 114.1415425 -8.3307529, 114.1417383 -8.331421, 114.1420136 -8.3320925, 114.1420349 -8.3322399, 114.1420571 -8.3324353, 114.1420841 -8.3325867, 114.1422282 -8.3329992)"
795536748,residential,False,True,52.928,"LINESTRING (114.1396491 -8.3283148, 114.1401299 -8.3282989)"
