osmid,highway,oneway,reversed,length,geometry
190792031,tertiary,False,False,63.91499999999999,"LINESTRING (113.8782995 -7.9425167, 113.8783631 -7.9425338, 113.8784033 -7.9425478, 113.8784551 -7.942585, 113.8785884 -7.9427756, 113.8786823 -7.9429204)"
792511454,residential,False,True,94.086,"LINESTRING (113.8795151 -7.9430572, 113.8791141 -7.9429324, 113.8789438 -7.9429084, 113.878803 -7.9429098, 113.8786823 -7.9429204)"
190792031,tertiary,False,True,63.915,"LINESTRING (113.8786823 -7.9429204, 113.8785884 -7.9427756, 113.8784551 -7.942585, 113.8784033 -7.9425478, 113.8783631 -7.9425338, 113.8782995 -7.9425167)"
792511454,residential,False,False,94.086,"LINESTRING (113.8786823 -7.9429204, 113.878803 -7.9429098, 113.8789438 -7.9429084, 113.8791141 -7.9429324, 113.8795151 -7.9430572)"
