osmid,highway,oneway,reversed,length,geometry
708743540,residential,False,True,96.279,"LINESTRING (108.8008603 -7.4623295, 108.8017335 -7.4623203)"
708743540,residential,False,False,96.279,"LINESTRING (108.8017335 -7.4623203, 108.8008603 -7.4623295)"
