osmid,highway,oneway,reversed,length,geometry
529276415,unclassified,False,False,518.688,"LINESTRING (122.4526692 0.7198632, 122.4528717 0.7201555, 122.4529924 0.7202574, 122.4531762 0.7204264, 122.4533303 0.7205363, 122.4534779 0.7206383, 122.4536133 0.7206839, 122.4537394 0.7206946, 122.4538762 0.720716, 122.4539942 0.720775, 122.4540774 0.7208368, 122.454127 0.7209091, 122.4541511 0.7209668, 122.4541766 0.7210392, 122.4542262 0.7212605, 122.4542745 0.721353, 122.4543268 0.7214227, 122.454422 0.7215045, 122.4545333 0.7215555, 122.4546755 0.7215716, 122.4547533 0.7215676, 122.4549638 0.7215702, 122.4550657 0.7215837, 122.4551636 0.7216145, 122.4552495 0.7216748, 122.4562096 0.7224821)"
529276415,unclassified,False,True,518.6880000000001,"LINESTRING (122.4562096 0.7224821, 122.4552495 0.7216748, 122.4551636 0.7216145, 122.4550657 0.7215837, 122.4549638 0.7215702, 122.4547533 0.7215676, 122.4546755 0.7215716, 122.4545333 0.7215555, 122.454422 0.7215045, 122.4543268 0.7214227, 122.4542745 0.721353, 122.4542262 0.7212605, 122.4541766 0.7210392, 122.4541511 0.7209668, 122.454127 0.7209091, 122.4540774 0.7208368, 122.4539942 0.720775, 122.4538762 0.720716, 122.4537394 0.7206946, 122.4536133 0.7206839, 122.4534779 0.7206383, 122.4533303 0.7205363, 122.4531762 0.7204264, 122.4529924 0.7202574, 122.4528717 0.7201555, 122.4526692 0.7198632)"
951939632,residential,False,True,65.98400000000001,"LINESTRING (122.4562096 0.7224821, 122.4562392 0.7224553, 122.456376 0.7223588, 122.4565235 0.7222649, 122.4567005 0.7221496)"
951939632,residential,False,False,65.984,"LINESTRING (122.4567005 0.7221496, 122.4565235 0.7222649, 122.456376 0.7223588, 122.4562392 0.7224553, 122.4562096 0.7224821)"
