osmid,highway,oneway,reversed,length,geometry
795498881,residential,False,True,216.73000000000002,"LINESTRING (112.1038686 -7.0413944, 112.1056402 -7.0414305, 112.1058319 -7.0414212)"
795498881,residential,False,False,216.73000000000002,"LINESTRING (112.1058319 -7.0414212, 112.1056402 -7.0414305, 112.1038686 -7.0413944)"
