osmid,highway,oneway,reversed,length,geometry
846523228,unclassified,False,True,137.239,"LINESTRING (111.9899108 -7.0813103, 111.9906902 -7.0822721)"
846523228,unclassified,False,False,137.239,"LINESTRING (111.9906902 -7.0822721, 111.9899108 -7.0813103)"
