osmid,name,highway,oneway,reversed,length,geometry
"[208902220, 746779477]","['V천san천mme tee', 'Lao']",residential,False,False,372.834,"LINESTRING (24.9926553 59.4652364, 24.992783 59.4654948, 24.9929908 59.4659668, 24.9932847 59.4666949, 24.9933356 59.4667951, 24.9933804 59.4668834, 24.9934523 59.4672215, 24.9932274 59.4680594, 24.9932051 59.4681423, 24.9931655 59.4682792, 24.9931609 59.4684081, 24.9931588 59.4684669, 24.9931977 59.4685335)"
"[208902220, 746779477]","['V천san천mme tee', 'Lao']",residential,False,True,372.834,"LINESTRING (24.9931977 59.4685335, 24.9931588 59.4684669, 24.9931609 59.4684081, 24.9931655 59.4682792, 24.9932051 59.4681423, 24.9932274 59.4680594, 24.9934523 59.4672215, 24.9933804 59.4668834, 24.9933356 59.4667951, 24.9932847 59.4666949, 24.9929908 59.4659668, 24.992783 59.4654948, 24.9926553 59.4652364)"
