osmid,oneway,lanes,highway,reversed,length,geometry
315260895,False,2,tertiary,False,27.482,"LINESTRING (-1.8197668 11.0560431, -1.8195397 11.0559363)"
315260895,False,2,tertiary,True,554.822,"LINESTRING (-1.8197668 11.0560431, -1.8199003 11.0561303, -1.8200908 11.0562619, -1.8202517 11.0563777, -1.8204556 11.0565488, -1.8212111 11.0572391, -1.8215474 11.0575309, -1.8222555 11.0580995, -1.8227471 11.058467, -1.8230548 11.0587155, -1.8234785 11.0590945, -1.8236396 11.0592653)"
315260895,False,2,tertiary,True,31.767,"LINESTRING (-1.8236396 11.0592653, -1.8238146 11.0594936)"
315260895,False,2,tertiary,False,554.8219999999999,"LINESTRING (-1.8236396 11.0592653, -1.8234785 11.0590945, -1.8230548 11.0587155, -1.8227471 11.058467, -1.8222555 11.0580995, -1.8215474 11.0575309, -1.8212111 11.0572391, -1.8204556 11.0565488, -1.8202517 11.0563777, -1.8200908 11.0562619, -1.8199003 11.0561303, -1.8197668 11.0560431)"
315260895,False,2,tertiary,False,31.767,"LINESTRING (-1.8238146 11.0594936, -1.8236396 11.0592653)"
315260895,False,2,tertiary,True,27.482,"LINESTRING (-1.8195397 11.0559363, -1.8197668 11.0560431)"
