osmid,ref,highway,oneway,reversed,length,geometry
386783705,N 9,primary,False,True,319.723,"LINESTRING (-4.5537928 11.5785937, -4.5557556 11.5807315)"
386783705,N 9,primary,False,False,319.723,"LINESTRING (-4.5557556 11.5807315, -4.5537928 11.5785937)"
