osmid,highway,oneway,reversed,length,geometry
701751945,tertiary,False,False,376.361,"LINESTRING (-3.0422869 11.9714304, -3.0412652 11.9700421, -3.0409035 11.9693189, -3.0406022 11.9685015)"
701751945,tertiary,False,True,376.361,"LINESTRING (-3.0406022 11.9685015, -3.0409035 11.9693189, -3.0412652 11.9700421, -3.0422869 11.9714304)"
701751946,unclassified,False,True,72.812,"LINESTRING (-3.0406022 11.9685015, -3.0411905 11.9685265, -3.041271 11.9685252)"
701751946,unclassified,False,False,72.812,"LINESTRING (-3.041271 11.9685252, -3.0411905 11.9685265, -3.0406022 11.9685015)"
