osmid,highway,oneway,reversed,length,geometry
540798308,residential,False,False,153.842,"LINESTRING (51.1934251 36.0357255, 51.193749 36.0357683, 51.1940416 36.0358289, 51.1942793 36.0359673, 51.1944184 36.0362013, 51.1944364 36.0364683, 51.1944685 36.0365752)"
540798308,residential,False,True,153.842,"LINESTRING (51.1944685 36.0365752, 51.1944364 36.0364683, 51.1944184 36.0362013, 51.1942793 36.0359673, 51.1940416 36.0358289, 51.193749 36.0357683, 51.1934251 36.0357255)"
540798346,residential,False,False,778.1089999999999,"LINESTRING (51.1944685 36.0365752, 51.1945172 36.0366636, 51.1947291 36.0367662, 51.1948348 36.0368372, 51.1950251 36.037042, 51.1953106 36.0372608, 51.1957101 36.0373376, 51.1965331 36.0376726, 51.1967331 36.0376933, 51.1969813 36.037713, 51.1972269 36.0379502, 51.1973821 36.0381582, 51.1977864 36.0386043, 51.1979348 36.0387303, 51.1981096 36.0389353, 51.1982203 36.0390769, 51.1986663 36.039539, 51.1988341 36.0397888, 51.199273 36.0402393, 51.2000937 36.0406462, 51.2007711 36.0410067)"
540798346,residential,False,True,778.109,"LINESTRING (51.2007711 36.0410067, 51.2000937 36.0406462, 51.199273 36.0402393, 51.1988341 36.0397888, 51.1986663 36.039539, 51.1982203 36.0390769, 51.1981096 36.0389353, 51.1979348 36.0387303, 51.1977864 36.0386043, 51.1973821 36.0381582, 51.1972269 36.0379502, 51.1969813 36.037713, 51.1967331 36.0376933, 51.1965331 36.0376726, 51.1957101 36.0373376, 51.1953106 36.0372608, 51.1950251 36.037042, 51.1948348 36.0368372, 51.1947291 36.0367662, 51.1945172 36.0366636, 51.1944685 36.0365752)"
