osmid,highway,oneway,reversed,length,geometry
912476489,tertiary,False,False,61.178,"LINESTRING (61.1412898 35.5985283, 61.1414762 35.5979994)"
912476489,tertiary,False,False,37.693,"LINESTRING (61.1414762 35.5979994, 61.1415909 35.5976735)"
912476489,tertiary,False,True,61.178,"LINESTRING (61.1414762 35.5979994, 61.1412898 35.5985283)"
912476488,residential,False,False,277.21000000000004,"LINESTRING (61.1414762 35.5979994, 61.1426056 35.5982285, 61.1429075 35.597996, 61.1438111 35.5983377, 61.14408 35.5986704)"
912476489,tertiary,False,True,37.693,"LINESTRING (61.1415909 35.5976735, 61.1414762 35.5979994)"
912476488,residential,False,True,277.21000000000004,"LINESTRING (61.14408 35.5986704, 61.1438111 35.5983377, 61.1429075 35.597996, 61.1426056 35.5982285, 61.1414762 35.5979994)"
