osmid,highway,oneway,reversed,length,geometry
669810232,residential,False,False,70.762,"LINESTRING (48.5795374 33.6222112, 48.5797371 33.62232, 48.5801498 33.622591)"
669810233,residential,False,False,110.715,"LINESTRING (48.5795374 33.6222112, 48.5797119 33.6221106, 48.5796112 33.6216441, 48.5795743 33.6213005)"
669810233,residential,False,True,110.715,"LINESTRING (48.5795743 33.6213005, 48.5796112 33.6216441, 48.5797119 33.6221106, 48.5795374 33.6222112)"
669810232,residential,False,True,70.762,"LINESTRING (48.5801498 33.622591, 48.5797371 33.62232, 48.5795374 33.6222112)"
