osmid,highway,oneway,reversed,length,geometry,name
318207873,residential,False,False,236.20700000000002,"LINESTRING (50.0573948 33.3766118, 50.0580396 33.3772687, 50.0584036 33.3775672, 50.0585011 33.3777137, 50.0589496 33.3781534, 50.0590406 33.3782239)",
604921328,tertiary,False,True,333.57500000000005,"LINESTRING (50.0573948 33.3766118, 50.0568589 33.3771348, 50.0556579 33.3784463, 50.0550694 33.3788877)",جاده ویست
318207873,residential,False,True,236.207,"LINESTRING (50.0590406 33.3782239, 50.0589496 33.3781534, 50.0585011 33.3777137, 50.0584036 33.3775672, 50.0580396 33.3772687, 50.0573948 33.3766118)",
"[604921332, 604921334]",residential,False,True,447.94000000000005,"LINESTRING (50.0590406 33.3782239, 50.0588916 33.3783856, 50.0585268 33.3786063, 50.058036 33.3788381, 50.0575116 33.3791606, 50.0573909 33.3792032, 50.0570811 33.3793084, 50.0566909 33.3794719, 50.0566158 33.3795302, 50.0565299 33.3795626, 50.0564575 33.379519, 50.0563824 33.3794316, 50.0562724 33.379351, 50.0561544 33.3793275, 50.0559452 33.3793633, 50.0557172 33.3793756, 50.0555877 33.3793432, 50.0550694 33.3788877)",
604921328,tertiary,False,False,333.575,"LINESTRING (50.0550694 33.3788877, 50.0556579 33.3784463, 50.0568589 33.3771348, 50.0573948 33.3766118)",جاده ویست
"[604921332, 604921334]",residential,False,False,447.94,"LINESTRING (50.0550694 33.3788877, 50.0555877 33.3793432, 50.0557172 33.3793756, 50.0559452 33.3793633, 50.0561544 33.3793275, 50.0562724 33.379351, 50.0563824 33.3794316, 50.0564575 33.379519, 50.0565299 33.3795626, 50.0566158 33.3795302, 50.0566909 33.3794719, 50.0570811 33.3793084, 50.0573909 33.3792032, 50.0575116 33.3791606, 50.058036 33.3788381, 50.0585268 33.3786063, 50.0588916 33.3783856, 50.0590406 33.3782239)",
