osmid,highway,oneway,reversed,length,geometry
"[1001209036, 1001209037]",residential,False,False,167.749,"LINESTRING (45.1238228 37.3814596, 45.123914 37.3814369, 45.1239972 37.3814401, 45.124429 37.3814988, 45.1244961 37.3814977, 45.1245296 37.3814806, 45.1245444 37.381454, 45.1246262 37.3812132, 45.1246622 37.3809444, 45.124659 37.3807702, 45.1246494 37.3806297, 45.124653 37.3805601)"
1001214300,residential,False,True,28.853,"LINESTRING (45.1243493 37.3804648, 45.1246186 37.3805502, 45.124653 37.3805601)"
"[1001209036, 1001209037]",residential,False,True,167.749,"LINESTRING (45.124653 37.3805601, 45.1246494 37.3806297, 45.124659 37.3807702, 45.1246622 37.3809444, 45.1246262 37.3812132, 45.1245444 37.381454, 45.1245296 37.3814806, 45.1244961 37.3814977, 45.124429 37.3814988, 45.1239972 37.3814401, 45.123914 37.3814369, 45.1238228 37.3814596)"
1001214300,residential,False,False,28.853,"LINESTRING (45.124653 37.3805601, 45.1246186 37.3805502, 45.1243493 37.3804648)"
