osmid,highway,oneway,reversed,length,geometry
744452944,residential,False,False,310.337,"LINESTRING (60.3092692 35.0179139, 60.3095125 35.017817, 60.3100735 35.017568, 60.3103438 35.0173881, 60.3105635 35.017258, 60.3110839 35.0171058, 60.3114726 35.0169591, 60.3122059 35.0165329)"
744452944,residential,False,True,310.337,"LINESTRING (60.3122059 35.0165329, 60.3114726 35.0169591, 60.3110839 35.0171058, 60.3105635 35.017258, 60.3103438 35.0173881, 60.3100735 35.017568, 60.3095125 35.017817, 60.3092692 35.0179139)"
