osmid,highway,oneway,reversed,length,geometry
386901064,residential,False,True,140.22199999999998,"LINESTRING (56.4593737 29.9201475, 56.4591308 29.9209246, 56.459411 29.9212525, 56.4594424 29.9212919)"
386901064,residential,False,False,140.222,"LINESTRING (56.4594424 29.9212919, 56.459411 29.9212525, 56.4591308 29.9209246, 56.4593737 29.9201475)"
386901065,residential,False,False,148.391,"LINESTRING (56.4594424 29.9212919, 56.4588133 29.9222684, 56.4586941 29.9224582)"
386901065,residential,False,False,323.384,"LINESTRING (56.4586941 29.9224582, 56.4584397 29.9228634, 56.457459 29.9224303, 56.4577111 29.9219689, 56.4586941 29.9224582)"
386901065,residential,False,True,323.384,"LINESTRING (56.4586941 29.9224582, 56.4577111 29.9219689, 56.457459 29.9224303, 56.4584397 29.9228634, 56.4586941 29.9224582)"
386901065,residential,False,True,148.391,"LINESTRING (56.4586941 29.9224582, 56.4588133 29.9222684, 56.4594424 29.9212919)"
