osmid,name,highway,oneway,reversed,length,geometry
296716097,خیابان اول,tertiary,False,False,725.0300000000001,"LINESTRING (46.2571139 35.1828297, 46.2563759 35.1819669, 46.2554834 35.1806164, 46.2553275 35.1803525, 46.2551956 35.1800559, 46.2551397 35.1799075, 46.2550941 35.1797782, 46.2550566 35.1796927, 46.2549841 35.1796401, 46.2549224 35.179594, 46.2548573 35.1795577, 46.2547186 35.1795414, 46.2545872 35.1795502, 46.2544236 35.1795874, 46.2543033 35.1796328, 46.2540078 35.1797562, 46.2536323 35.1800785, 46.2532907 35.1803675, 46.2528491 35.1806244, 46.2526023 35.1807713, 46.2523846 35.1808295, 46.2520793 35.180916)"
198518652,خیابان دوم,tertiary,False,False,206.262,"LINESTRING (46.2541051 35.180298, 46.2540104 35.1802977, 46.2539838 35.1803029, 46.2539659 35.1803074, 46.2539302 35.1803159, 46.2538553 35.1803523, 46.2537471 35.1804291, 46.2536267 35.180541, 46.2535782 35.1805753, 46.2534772 35.1806551, 46.2534101 35.1806836, 46.2533208 35.1807054, 46.2531773 35.1807336, 46.2530025 35.1807867, 46.2528711 35.1808576, 46.2527329 35.1809209, 46.2526227 35.1809336, 46.2525103 35.1809358, 46.2520793 35.180916)"
198518652,خیابان دوم,tertiary,False,True,206.26199999999997,"LINESTRING (46.2520793 35.180916, 46.2525103 35.1809358, 46.2526227 35.1809336, 46.2527329 35.1809209, 46.2528711 35.1808576, 46.2530025 35.1807867, 46.2531773 35.1807336, 46.2533208 35.1807054, 46.2534101 35.1806836, 46.2534772 35.1806551, 46.2535782 35.1805753, 46.2536267 35.180541, 46.2537471 35.1804291, 46.2538553 35.1803523, 46.2539302 35.1803159, 46.2539659 35.1803074, 46.2539838 35.1803029, 46.2540104 35.1802977, 46.2541051 35.180298)"
296716097,خیابان اول,tertiary,False,True,725.03,"LINESTRING (46.2520793 35.180916, 46.2523846 35.1808295, 46.2526023 35.1807713, 46.2528491 35.1806244, 46.2532907 35.1803675, 46.2536323 35.1800785, 46.2540078 35.1797562, 46.2543033 35.1796328, 46.2544236 35.1795874, 46.2545872 35.1795502, 46.2547186 35.1795414, 46.2548573 35.1795577, 46.2549224 35.179594, 46.2549841 35.1796401, 46.2550566 35.1796927, 46.2550941 35.1797782, 46.2551397 35.1799075, 46.2551956 35.1800559, 46.2553275 35.1803525, 46.2554834 35.1806164, 46.2563759 35.1819669, 46.2571139 35.1828297)"
