osmid,name,highway,maxspeed,oneway,reversed,length,geometry
6732535,Zeilhoekweg,unclassified,60,False,False,494.863,"LINESTRING (5.7949129 51.3838742, 5.7946 51.38374, 5.79439 51.3837, 5.79372 51.38371, 5.79053 51.3833, 5.79032 51.38335, 5.78894 51.38456)"
6732535,Zeilhoekweg,unclassified,60,False,True,494.863,"LINESTRING (5.78894 51.38456, 5.79032 51.38335, 5.79053 51.3833, 5.79372 51.38371, 5.79439 51.3837, 5.7946 51.38374, 5.7949129 51.3838742)"
