osmid,name,highway,maxspeed,oneway,reversed,length,geometry
1023990964,Koningsduin,residential,30,False,True,30.952,"LINESTRING (4.6464011 52.5611185, 4.6463696 52.5608408)"
1023990964,Koningsduin,residential,30,False,False,84.025,"LINESTRING (4.6464011 52.5611185, 4.6463484 52.56132, 4.6463612 52.5615857, 4.6464095 52.56187)"
1023990964,Koningsduin,residential,30,False,False,30.952,"LINESTRING (4.6463696 52.5608408, 4.6464011 52.5611185)"
1023990964,Koningsduin,residential,30,False,True,84.02499999999999,"LINESTRING (4.6464095 52.56187, 4.6463612 52.5615857, 4.6463484 52.56132, 4.6464011 52.5611185)"
