osmid,name,highway,oneway,reversed,length,geometry
42105093,Drieërweg,unclassified,False,False,385.0350000000001,"LINESTRING (5.6521988 52.2849965, 5.6524382 52.2851496, 5.6529034 52.2854173, 5.6537164 52.2858851, 5.6548348 52.2865301, 5.65616 52.2872796, 5.6563201 52.2873697)"
42105093,Drieërweg,unclassified,False,True,385.035,"LINESTRING (5.6563201 52.2873697, 5.65616 52.2872796, 5.6548348 52.2865301, 5.6537164 52.2858851, 5.6529034 52.2854173, 5.6524382 52.2851496, 5.6521988 52.2849965)"
