osmid,name,highway,maxspeed,oneway,reversed,length,geometry
7596597,Oude Graauwsedijk,unclassified,60,False,False,95.04499999999999,"LINESTRING (4.0835955 51.3285907, 4.0835566 51.3287218, 4.0835671 51.3294432)"
7596597,Oude Graauwsedijk,unclassified,60,False,True,95.04499999999999,"LINESTRING (4.0835671 51.3294432, 4.0835566 51.3287218, 4.0835955 51.3285907)"
444579623,Graauwsepad,residential,60,False,False,193.60899999999998,"LINESTRING (4.0835671 51.3294432, 4.0821961 51.3294519, 4.0807807 51.3294621)"
444579623,Graauwsepad,residential,60,False,True,193.60899999999998,"LINESTRING (4.0807807 51.3294621, 4.0821961 51.3294519, 4.0835671 51.3294432)"
