osmid,name,highway,maxspeed,oneway,reversed,length,geometry
6648092,Lossersestraat,tertiary,60,False,False,565.59,"LINESTRING (6.9952975 52.2979365, 6.9951109 52.2985592, 6.9949134 52.2991794, 6.9948192 52.2995348, 6.9948015 52.2996344, 6.9947911 52.2997336, 6.9947883 52.2999418, 6.9947873 52.3001506, 6.9947873 52.3002544, 6.9947789 52.3003127, 6.994767 52.3003565, 6.9947524 52.3004044, 6.9947345 52.3004517, 6.9946783 52.3005702, 6.9945799 52.3007008, 6.9945515 52.3007384, 6.994427 52.3009016, 6.9941351 52.3012117, 6.9940611 52.3012886, 6.9940111 52.3013538, 6.9939892 52.3013988, 6.9939431 52.3014865, 6.993913 52.3015736, 6.9938526 52.3017547, 6.9937328 52.3021256, 6.9935001 52.302854)"
6648092,Lossersestraat,tertiary,60,False,True,565.59,"LINESTRING (6.9935001 52.302854, 6.9937328 52.3021256, 6.9938526 52.3017547, 6.993913 52.3015736, 6.9939431 52.3014865, 6.9939892 52.3013988, 6.9940111 52.3013538, 6.9940611 52.3012886, 6.9941351 52.3012117, 6.994427 52.3009016, 6.9945515 52.3007384, 6.9945799 52.3007008, 6.9946783 52.3005702, 6.9947345 52.3004517, 6.9947524 52.3004044, 6.994767 52.3003565, 6.9947789 52.3003127, 6.9947873 52.3002544, 6.9947873 52.3001506, 6.9947883 52.2999418, 6.9947911 52.2997336, 6.9948015 52.2996344, 6.9948192 52.2995348, 6.9949134 52.2991794, 6.9951109 52.2985592, 6.9952975 52.2979365)"
