osmid,name,highway,oneway,reversed,length,geometry,lanes,ref,maxspeed
6846513,Elspeterweg,unclassified,False,False,60.79900000000001,"LINESTRING (5.7918678 52.3329698, 5.7916605 52.3330121, 5.791101 52.3331405, 5.7910321 52.3331636)",,,
6846495,Elspeterweg,unclassified,False,False,80.128,"LINESTRING (5.7910321 52.3331636, 5.7909667 52.3338831)",,,
6846496,Elspeterweg,unclassified,False,False,88.047,"LINESTRING (5.7910321 52.3331636, 5.7908665 52.3332184, 5.7906827 52.3332658, 5.7906331 52.3332945, 5.7905915 52.3333289, 5.7904775 52.3334444, 5.7904132 52.3334747, 5.7903433 52.3334952, 5.7902469 52.3335083, 5.7901669 52.333512, 5.7899564 52.333523)",,,
6846513,Elspeterweg,unclassified,False,True,60.799,"LINESTRING (5.7910321 52.3331636, 5.791101 52.3331405, 5.7916605 52.3330121, 5.7918678 52.3329698)",,,
6846496,Elspeterweg,unclassified,False,True,88.047,"LINESTRING (5.7899564 52.333523, 5.7901669 52.333512, 5.7902469 52.3335083, 5.7903433 52.3334952, 5.7904132 52.3334747, 5.7904775 52.3334444, 5.7905915 52.3333289, 5.7906331 52.3332945, 5.7906827 52.3332658, 5.7908665 52.3332184, 5.7910321 52.3331636)",,,
6846606,Elspeterweg,secondary,False,False,837.1730000000001,"LINESTRING (5.7899564 52.333523, 5.7899246 52.3338718, 5.7897551 52.3355992, 5.7896409 52.3368212, 5.7896386 52.3368562, 5.7895386 52.3379006, 5.7894295 52.339085, 5.7893569 52.3397821, 5.789229 52.3409013, 5.7892279 52.3410384)",2,N310,80
6846495,Elspeterweg,unclassified,False,True,80.128,"LINESTRING (5.7909667 52.3338831, 5.7910321 52.3331636)",,,
6846606,Elspeterweg,secondary,False,True,837.173,"LINESTRING (5.7892279 52.3410384, 5.789229 52.3409013, 5.7893569 52.3397821, 5.7894295 52.339085, 5.7895386 52.3379006, 5.7896386 52.3368562, 5.7896409 52.3368212, 5.7897551 52.3355992, 5.7899246 52.3338718, 5.7899564 52.333523)",2,N310,80
