osmid,name,highway,oneway,reversed,length,geometry
6370633,Vledderweg,unclassified,False,False,108.502,"LINESTRING (7.00434 52.99775, 7.0041506 52.9987191)"
6370630,,unclassified,False,False,133.01600000000002,"LINESTRING (7.00434 52.99775, 7.0042 52.99778, 7.00401 52.99804, 7.00382 52.99823, 7.00356 52.99845, 7.0031402 52.9986639)"
6370241,Vledderhuizen,unclassified,False,False,72.833,"LINESTRING (7.0020708 52.9985448, 7.0023439 52.9985799, 7.0027001 52.9986273, 7.0031402 52.9986639)"
6370241,Vledderhuizen,unclassified,False,False,67.895,"LINESTRING (7.0031402 52.9986639, 7.0041506 52.9987191)"
6370241,Vledderhuizen,unclassified,False,True,72.833,"LINESTRING (7.0031402 52.9986639, 7.0027001 52.9986273, 7.0023439 52.9985799, 7.0020708 52.9985448)"
6370630,,unclassified,False,True,133.016,"LINESTRING (7.0031402 52.9986639, 7.00356 52.99845, 7.00382 52.99823, 7.00401 52.99804, 7.0042 52.99778, 7.00434 52.99775)"
6370241,Vledderhuizen,unclassified,False,True,67.895,"LINESTRING (7.0041506 52.9987191, 7.0031402 52.9986639)"
6370633,Vledderweg,unclassified,False,True,108.502,"LINESTRING (7.0041506 52.9987191, 7.00434 52.99775)"
