osmid,name,highway,maxspeed,oneway,reversed,length,geometry
7080269,Kruishoeveweg,unclassified,60,False,False,198.155,"LINESTRING (5.2407408 51.6505106, 5.23987 51.65086, 5.23957 51.651, 5.2393193 51.6511181, 5.2390849 51.6512442, 5.2387457 51.6514718, 5.2387329 51.6514794, 5.2385334 51.6516326)"
7080269,Kruishoeveweg,unclassified,60,False,True,198.15500000000003,"LINESTRING (5.2385334 51.6516326, 5.2387329 51.6514794, 5.2387457 51.6514718, 5.2390849 51.6512442, 5.2393193 51.6511181, 5.23957 51.651, 5.23987 51.65086, 5.2407408 51.6505106)"
