osmid,name,highway,oneway,reversed,length,geometry,lanes,ref
"[388043840, 34294218]","['Falzebenstraße - Via Falzeben', 'Falzebenerstraße - Via Falzeben']",unclassified,False,True,446.012,"LINESTRING (11.2303085 46.6550238, 11.2299475 46.6550683, 11.2297927 46.6550601, 11.2295343 46.6550505, 11.2291512 46.6551372, 11.2287221 46.6552379, 11.228627 46.6552779, 11.2285046 46.6553435, 11.2282242 46.6555591, 11.2279853 46.6557645, 11.2278622 46.6559503, 11.2278258 46.6561618, 11.2278199 46.6565256, 11.2278482 46.6566992, 11.2280224 46.6570524, 11.2283204 46.6574139, 11.2285213 46.6577981)",,
160087330,Falzebenerstraße - Via Falzeben,tertiary,False,False,365.688,"LINESTRING (11.2243516 46.6591531, 11.2246611 46.6591885, 11.2247794 46.6591904, 11.2248943 46.6591838, 11.2250079 46.6591547, 11.2251408 46.6590949, 11.22542 46.6589304, 11.225513 46.6588801, 11.2256223 46.6588368, 11.2259229 46.6587486, 11.2262345 46.6586749, 11.2271699 46.6584975, 11.2274364 46.658436, 11.227521 46.6584064, 11.2277675 46.6582927, 11.228321 46.6579603, 11.2284311 46.657901, 11.2284784 46.6578596, 11.2285213 46.6577981)",2,LS/SP167
160087330,Falzebenerstraße - Via Falzeben,tertiary,False,True,365.688,"LINESTRING (11.2285213 46.6577981, 11.2284784 46.6578596, 11.2284311 46.657901, 11.228321 46.6579603, 11.2277675 46.6582927, 11.227521 46.6584064, 11.2274364 46.658436, 11.2271699 46.6584975, 11.2262345 46.6586749, 11.2259229 46.6587486, 11.2256223 46.6588368, 11.225513 46.6588801, 11.22542 46.6589304, 11.2251408 46.6590949, 11.2250079 46.6591547, 11.2248943 46.6591838, 11.2247794 46.6591904, 11.2246611 46.6591885, 11.2243516 46.6591531)",2,LS/SP167
"[388043840, 34294218]","['Falzebenstraße - Via Falzeben', 'Falzebenerstraße - Via Falzeben']",unclassified,False,False,446.012,"LINESTRING (11.2285213 46.6577981, 11.2283204 46.6574139, 11.2280224 46.6570524, 11.2278482 46.6566992, 11.2278199 46.6565256, 11.2278258 46.6561618, 11.2278622 46.6559503, 11.2279853 46.6557645, 11.2282242 46.6555591, 11.2285046 46.6553435, 11.228627 46.6552779, 11.2287221 46.6552379, 11.2291512 46.6551372, 11.2295343 46.6550505, 11.2297927 46.6550601, 11.2299475 46.6550683, 11.2303085 46.6550238)",,
