osmid,oneway,lanes,ref,name,highway,maxspeed,reversed,length,geometry
405516767,False,2,SP48,Strada Provinciale 48,secondary,50,True,151.192,"LINESTRING (17.689907 40.6383583, 17.6906704 40.6386011, 17.6908791 40.6387062, 17.691259 40.6389624, 17.6914046 40.6390723)"
428224562,False,,,,unclassified,,False,388.676,"LINESTRING (17.689907 40.6383583, 17.6903798 40.6368021, 17.6905368 40.6362171, 17.6906225 40.6356322, 17.6908672 40.6349439)"
428224562,False,,,,unclassified,,True,156.542,"LINESTRING (17.6913505 40.6335847, 17.6908672 40.6349439)"
428224562,False,,,,unclassified,,False,156.542,"LINESTRING (17.6908672 40.6349439, 17.6913505 40.6335847)"
428224562,False,,,,unclassified,,True,388.67600000000004,"LINESTRING (17.6908672 40.6349439, 17.6906225 40.6356322, 17.6905368 40.6362171, 17.6903798 40.6368021, 17.689907 40.6383583)"
439888883,False,,,,unclassified,,False,749.97,"LINESTRING (17.6908672 40.6349439, 17.690166 40.6347774, 17.6898441 40.6346899, 17.6892248 40.6344226, 17.6887754 40.6342152, 17.6877128 40.6337083, 17.6865061 40.6332155, 17.6859099 40.6330049, 17.6855825 40.6328569, 17.6852565 40.6326538, 17.6849662 40.632453, 17.6847037 40.6323086, 17.6842573 40.6320777, 17.6840761 40.6320338, 17.6830801 40.6318092)"
439888883,False,,,,unclassified,,True,749.97,"LINESTRING (17.6830801 40.6318092, 17.6840761 40.6320338, 17.6842573 40.6320777, 17.6847037 40.6323086, 17.6849662 40.632453, 17.6852565 40.6326538, 17.6855825 40.6328569, 17.6859099 40.6330049, 17.6865061 40.6332155, 17.6877128 40.6337083, 17.6887754 40.6342152, 17.6892248 40.6344226, 17.6898441 40.6346899, 17.690166 40.6347774, 17.6908672 40.6349439)"
405516767,False,2,SP48,Strada Provinciale 48,secondary,50,False,151.192,"LINESTRING (17.6914046 40.6390723, 17.691259 40.6389624, 17.6908791 40.6387062, 17.6906704 40.6386011, 17.689907 40.6383583)"
