osmid,highway,oneway,reversed,length,name,geometry
273716533,unclassified,False,False,8.918,,"LINESTRING (13.5744997 41.6297084, 13.5745778 41.6297634)"
273765455,unclassified,False,False,78.836,Santuario Madonna di Loreto,"LINESTRING (13.5744997 41.6297084, 13.5743033 41.6294897, 13.5741609 41.6293661, 13.5739518 41.6291308)"
273716533,unclassified,False,True,8.918,,"LINESTRING (13.5745778 41.6297634, 13.5744997 41.6297084)"
273765450,unclassified,False,False,51.255,,"LINESTRING (13.5745778 41.6297634, 13.5745307 41.6296099, 13.57434 41.629342)"
273765450,unclassified,False,True,39.91,,"LINESTRING (13.5739518 41.6291308, 13.5741494 41.6292356, 13.57434 41.629342)"
273765455,unclassified,False,True,78.836,Santuario Madonna di Loreto,"LINESTRING (13.5739518 41.6291308, 13.5741609 41.6293661, 13.5743033 41.6294897, 13.5744997 41.6297084)"
273765450,unclassified,False,False,39.91,,"LINESTRING (13.57434 41.629342, 13.5741494 41.6292356, 13.5739518 41.6291308)"
273765450,unclassified,False,True,51.255,,"LINESTRING (13.57434 41.629342, 13.5745307 41.6296099, 13.5745778 41.6297634)"
