osmid,name,highway,oneway,reversed,length,geometry
374736931,Via di Pupigliana,unclassified,False,True,80.45200000000001,"LINESTRING (10.8737943 43.9723602, 10.873637 43.9724982, 10.8734432 43.9727034, 10.8733647 43.972798, 10.8732693 43.9728145, 10.8731123 43.9727877)"
794667844,,residential,False,False,59.458,"LINESTRING (10.8737943 43.9723602, 10.8737743 43.9725031, 10.8737594 43.9726711, 10.8737557 43.9728258, 10.8736853 43.9728712)"
374736931,Via di Pupigliana,unclassified,False,False,80.452,"LINESTRING (10.8731123 43.9727877, 10.8732693 43.9728145, 10.8733647 43.972798, 10.8734432 43.9727034, 10.873637 43.9724982, 10.8737943 43.9723602)"
794667843,,residential,False,False,95.09,"LINESTRING (10.8731123 43.9727877, 10.873033 43.9729399, 10.8728456 43.9730594, 10.8724198 43.9732616, 10.8722538 43.9733443)"
794667843,,residential,False,True,95.09,"LINESTRING (10.8722538 43.9733443, 10.8724198 43.9732616, 10.8728456 43.9730594, 10.873033 43.9729399, 10.8731123 43.9727877)"
794667844,,residential,False,True,59.458,"LINESTRING (10.8736853 43.9728712, 10.8737557 43.9728258, 10.8737594 43.9726711, 10.8737743 43.9725031, 10.8737943 43.9723602)"
