osmid,highway,oneway,reversed,length,geometry
485811592,residential,False,False,281.32199999999995,"LINESTRING (15.8246281 40.5141171, 15.8243501 40.5143231, 15.8239254 40.5147345, 15.8237683 40.5149535, 15.8236693 40.5151216, 15.8235501 40.515575, 15.8233323 40.5163739)"
485811592,residential,False,True,281.322,"LINESTRING (15.8233323 40.5163739, 15.8235501 40.515575, 15.8236693 40.5151216, 15.8237683 40.5149535, 15.8239254 40.5147345, 15.8243501 40.5143231, 15.8246281 40.5141171)"
