osmid,oneway,ref,name,highway,reversed,length,geometry
174893485,False,SP100,Via Due Giugno,tertiary,True,138.436,"LINESTRING (12.0972958 45.7377364, 12.0976282 45.7374116, 12.0985174 45.7368369)"
144532310,False,,Via Campagnola,residential,True,82.943,"LINESTRING (12.0989565 45.7355913, 12.0998507 45.7359998)"
144532310,False,,Via Campagnola,residential,False,82.943,"LINESTRING (12.0998507 45.7359998, 12.0989565 45.7355913)"
174893485,False,SP100,Via Due Giugno,tertiary,False,139.182,"LINESTRING (12.0998507 45.7359998, 12.0985174 45.7368369)"
174893485,False,SP100,Via Due Giugno,tertiary,True,139.182,"LINESTRING (12.0985174 45.7368369, 12.0998507 45.7359998)"
174893484,False,,Via Due Giugno,residential,True,134.60199999999998,"LINESTRING (12.0985174 45.7368369, 12.0985767 45.7368606, 12.0994028 45.7371905, 12.09997 45.7374935)"
174893485,False,SP100,Via Due Giugno,tertiary,False,138.436,"LINESTRING (12.0985174 45.7368369, 12.0976282 45.7374116, 12.0972958 45.7377364)"
174893484,False,,Via Due Giugno,residential,False,134.60199999999998,"LINESTRING (12.09997 45.7374935, 12.0994028 45.7371905, 12.0985767 45.7368606, 12.0985174 45.7368369)"
