osmid,highway,junction,oneway,reversed,length,geometry,name
203775381,tertiary,roundabout,True,False,28.526000000000003,"LINESTRING (9.7729749 45.581118, 9.7728342 45.5811377, 9.7727308 45.5811064, 9.7726625 45.5810457)",
"[203775385, 223602501]",unclassified,,False,"[False, True]",358.805,"LINESTRING (9.7729749 45.581118, 9.7730406 45.5812527, 9.772478 45.5834458, 9.772478 45.583485, 9.7724868 45.5835236, 9.7725041 45.5835608, 9.7725297 45.5835956, 9.7725701 45.583633, 9.7726199 45.5836644, 9.7726773 45.5836886, 9.773457 45.5838102)",Strada Provinciale 99
"[203775385, 223602501]",unclassified,,False,"[False, True]",358.80499999999995,"LINESTRING (9.773457 45.5838102, 9.7726773 45.5836886, 9.7726199 45.5836644, 9.7725701 45.583633, 9.7725297 45.5835956, 9.7725041 45.5835608, 9.7724868 45.5835236, 9.772478 45.583485, 9.772478 45.5834458, 9.7730406 45.5812527, 9.7729749 45.581118)",Strada Provinciale 99
203775381,tertiary,roundabout,True,False,31.732999999999997,"LINESTRING (9.7729729 45.5808757, 9.7730662 45.5809678, 9.7730652 45.5810298, 9.7730436 45.5810681, 9.7729749 45.581118)",
203775381,tertiary,roundabout,True,False,10.855,"LINESTRING (9.7726625 45.5810457, 9.7726657 45.5809481)",
225719612,tertiary,,True,False,15.202,"LINESTRING (9.7726625 45.5810457, 9.7724785 45.5809998)",
203775381,tertiary,roundabout,True,False,28.368000000000002,"LINESTRING (9.7726657 45.5809481, 9.7726659 45.5809411, 9.7727334 45.5808902, 9.7728163 45.5808595, 9.7728934 45.5808562, 9.7729729 45.5808757)",
441623421,tertiary,,True,False,15.662,"LINESTRING (9.7724785 45.5809998, 9.7726657 45.5809481)",
