osmid,highway,oneway,reversed,length,geometry
219131717,residential,False,False,61.483,"LINESTRING (101.1544926 4.3035091, 101.1541498 4.3039437)"
219131717,residential,False,True,61.483,"LINESTRING (101.1541498 4.3039437, 101.1544926 4.3035091)"
