osmid,highway,oneway,reversed,length,geometry
704563090,residential,False,True,305.993,"LINESTRING (111.8730124 2.2962897, 111.8729739 2.296045, 111.872932 2.2958142, 111.8729704 2.2956394, 111.8729424 2.2955205, 111.872876 2.2954156, 111.8726975 2.2950555, 111.8726345 2.2948772, 111.872526 2.2946289, 111.8724744 2.2944897, 111.8724664 2.2944254, 111.8724811 2.2943812, 111.8725844 2.2942887, 111.8730122 2.2938907)"
704563091,residential,False,True,104.97299999999998,"LINESTRING (111.8730124 2.2962897, 111.8730981 2.2962585, 111.8731815 2.2962326, 111.8732966 2.2961608, 111.8734576 2.29602, 111.8735382 2.2959338, 111.8737136 2.2956924)"
704563091,residential,False,False,104.973,"LINESTRING (111.8737136 2.2956924, 111.8735382 2.2959338, 111.8734576 2.29602, 111.8732966 2.2961608, 111.8731815 2.2962326, 111.8730981 2.2962585, 111.8730124 2.2962897)"
704563090,residential,False,False,305.993,"LINESTRING (111.8730122 2.2938907, 111.8725844 2.2942887, 111.8724811 2.2943812, 111.8724664 2.2944254, 111.8724744 2.2944897, 111.872526 2.2946289, 111.8726345 2.2948772, 111.8726975 2.2950555, 111.872876 2.2954156, 111.8729424 2.2955205, 111.8729704 2.2956394, 111.872932 2.2958142, 111.8729739 2.296045, 111.8730124 2.2962897)"
