osmid,highway,oneway,reversed,length,geometry
548635854,unclassified,False,True,325.347,"LINESTRING (-73.0189709 5.6766375, -73.0190306 5.6765369, -73.0191222 5.6757526, -73.0193461 5.6754618, -73.0196425 5.6752267, -73.0205693 5.6743449)"
548635854,unclassified,False,False,147.25400000000002,"LINESTRING (-73.0216725 5.6736267, -73.0211782 5.6738456, -73.0210892 5.6739032, -73.0205693 5.6743449)"
548635854,unclassified,False,False,325.347,"LINESTRING (-73.0205693 5.6743449, -73.0196425 5.6752267, -73.0193461 5.6754618, -73.0191222 5.6757526, -73.0190306 5.6765369, -73.0189709 5.6766375)"
548635854,unclassified,False,True,147.25400000000002,"LINESTRING (-73.0205693 5.6743449, -73.0210892 5.6739032, -73.0211782 5.6738456, -73.0216725 5.6736267)"
