osmid,highway,oneway,reversed,length,geometry
684665712,unclassified,False,False,5.504,"LINESTRING (-72.7018867 6.4279832, -72.7019081 6.4280279)"
684665712,unclassified,False,True,393.81899999999996,"LINESTRING (-72.7018867 6.4279832, -72.7016803 6.4277157, -72.701135 6.4270696, -72.700705 6.4267896, -72.7004159 6.4266791, -72.7003492 6.4266055, -72.7003195 6.4264802, -72.7004159 6.4259425, -72.7003566 6.4258393, -72.7000897 6.425832, -72.6997149 6.4259279)"
684665712,unclassified,False,True,447.41599999999994,"LINESTRING (-72.6991174 6.4305854, -72.6992253 6.430302, -72.6998534 6.4299738, -72.7006593 6.4297201, -72.7010397 6.429546, -72.7015952 6.4286259, -72.7017904 6.4283921, -72.7019081 6.4280279)"
834239950,unclassified,False,False,417.558,"LINESTRING (-72.6991174 6.4305854, -72.6989707 6.4305205, -72.698792 6.4302236, -72.6985362 6.4301286, -72.6982189 6.4296725, -72.6980494 6.4296663, -72.6979478 6.4298225, -72.6979662 6.4299541, -72.6979354 6.4300062, -72.6978861 6.4300031, -72.6974887 6.4297919, -72.6972853 6.429801, -72.6969094 6.4300031, -72.6967277 6.4302358, -72.6966414 6.4304287, -72.6965336 6.4305052, -72.6964196 6.4305236)"
684665712,unclassified,False,True,5.504,"LINESTRING (-72.7019081 6.4280279, -72.7018867 6.4279832)"
684665712,unclassified,False,False,447.41600000000005,"LINESTRING (-72.7019081 6.4280279, -72.7017904 6.4283921, -72.7015952 6.4286259, -72.7010397 6.429546, -72.7006593 6.4297201, -72.6998534 6.4299738, -72.6992253 6.430302, -72.6991174 6.4305854)"
684665712,unclassified,False,False,393.81899999999996,"LINESTRING (-72.6997149 6.4259279, -72.7000897 6.425832, -72.7003566 6.4258393, -72.7004159 6.4259425, -72.7003195 6.4264802, -72.7003492 6.4266055, -72.7004159 6.4266791, -72.700705 6.4267896, -72.701135 6.4270696, -72.7016803 6.4277157, -72.7018867 6.4279832)"
834239950,unclassified,False,True,417.558,"LINESTRING (-72.6964196 6.4305236, -72.6965336 6.4305052, -72.6966414 6.4304287, -72.6967277 6.4302358, -72.6969094 6.4300031, -72.6972853 6.429801, -72.6974887 6.4297919, -72.6978861 6.4300031, -72.6979354 6.4300062, -72.6979662 6.4299541, -72.6979478 6.4298225, -72.6980494 6.4296663, -72.6982189 6.4296725, -72.6985362 6.4301286, -72.698792 6.4302236, -72.6989707 6.4305205, -72.6991174 6.4305854)"
