osmid,highway,oneway,reversed,length,geometry
25427177,unclassified,False,False,321.309,"LINESTRING (34.0401399 -11.6095796, 34.0401587 -11.6094693, 34.0402123 -11.6093248, 34.0402687 -11.6091303, 34.0403706 -11.6089333, 34.0404591 -11.6088308, 34.0405771 -11.6086837, 34.0406603 -11.6085786, 34.0407783 -11.6084761, 34.0409097 -11.6084183, 34.041025 -11.6083921, 34.041127 -11.6083474, 34.0412477 -11.6081898, 34.0413415 -11.6080137, 34.0413952 -11.6078955, 34.0414596 -11.607793, 34.0415186 -11.6077405, 34.0415722 -11.6077116, 34.0416634 -11.6076801, 34.0417492 -11.6076433, 34.0418377 -11.607596, 34.0418824 -11.6075632, 34.0419129 -11.6075408, 34.0419289 -11.6074777)"
25427177,unclassified,False,True,321.3089999999999,"LINESTRING (34.0419289 -11.6074777, 34.0419129 -11.6075408, 34.0418824 -11.6075632, 34.0418377 -11.607596, 34.0417492 -11.6076433, 34.0416634 -11.6076801, 34.0415722 -11.6077116, 34.0415186 -11.6077405, 34.0414596 -11.607793, 34.0413952 -11.6078955, 34.0413415 -11.6080137, 34.0412477 -11.6081898, 34.041127 -11.6083474, 34.041025 -11.6083921, 34.0409097 -11.6084183, 34.0407783 -11.6084761, 34.0406603 -11.6085786, 34.0405771 -11.6086837, 34.0404591 -11.6088308, 34.0403706 -11.6089333, 34.0402687 -11.6091303, 34.0402123 -11.6093248, 34.0401587 -11.6094693, 34.0401399 -11.6095796)"
681301450,residential,False,False,248.69700000000003,"LINESTRING (34.0419289 -11.6074777, 34.0421254 -11.6075507, 34.0422186 -11.6075566, 34.0422642 -11.6075631, 34.0423366 -11.607571, 34.0424332 -11.607592, 34.0425204 -11.6076117, 34.0426344 -11.6076328, 34.0427859 -11.6076512, 34.0429723 -11.607684, 34.0430984 -11.6076998, 34.0432392 -11.6077011, 34.0433948 -11.6076932, 34.0435396 -11.6076814, 34.0436912 -11.6076656, 34.0437756 -11.6076406, 34.0438588 -11.6075842, 34.0439165 -11.6075461, 34.0439782 -11.6075198, 34.0440425 -11.6074961, 34.0441284 -11.6074502)"
681301450,residential,False,True,248.697,"LINESTRING (34.0441284 -11.6074502, 34.0440425 -11.6074961, 34.0439782 -11.6075198, 34.0439165 -11.6075461, 34.0438588 -11.6075842, 34.0437756 -11.6076406, 34.0436912 -11.6076656, 34.0435396 -11.6076814, 34.0433948 -11.6076932, 34.0432392 -11.6077011, 34.0430984 -11.6076998, 34.0429723 -11.607684, 34.0427859 -11.6076512, 34.0426344 -11.6076328, 34.0425204 -11.6076117, 34.0424332 -11.607592, 34.0423366 -11.607571, 34.0422642 -11.6075631, 34.0422186 -11.6075566, 34.0421254 -11.6075507, 34.0419289 -11.6074777)"
