osmid,ref,name,highway,maxspeed,oneway,reversed,length,geometry
941858835,N562,Rue du Spamboux,secondary,90,False,False,668.607,"LINESTRING (4.2425127 50.352974, 4.2423394 50.3529932, 4.2421525 50.3530253, 4.2419715 50.3530651, 4.2418511 50.3531013, 4.2416308 50.3532021, 4.2403487 50.3538882, 4.2400507 50.3540657, 4.239089 50.3547395, 4.2385698 50.3551032, 4.237166 50.3560766, 4.2370378 50.3561655, 4.2364215 50.3565929, 4.2360744 50.3568336, 4.235731 50.3570595)"
941858835,N562,Rue du Spamboux,secondary,90,False,True,668.6069999999999,"LINESTRING (4.235731 50.3570595, 4.2360744 50.3568336, 4.2364215 50.3565929, 4.2370378 50.3561655, 4.237166 50.3560766, 4.2385698 50.3551032, 4.239089 50.3547395, 4.2400507 50.3540657, 4.2403487 50.3538882, 4.2416308 50.3532021, 4.2418511 50.3531013, 4.2419715 50.3530651, 4.2421525 50.3530253, 4.2423394 50.3529932, 4.2425127 50.352974)"
