osmid,highway,oneway,reversed,length,geometry
303686396,unclassified,False,False,136.416,"LINESTRING (-62.9853821 -18.1659803, -62.9853572 -18.1662677, -62.9853511 -18.1665173, -62.985319 -18.1672054)"
303686396,unclassified,False,True,136.416,"LINESTRING (-62.985319 -18.1672054, -62.9853511 -18.1665173, -62.9853572 -18.1662677, -62.9853821 -18.1659803)"
