osmid,oneway,name,highway,width,reversed,length,geometry
"[636601104, 42361001, 4866288]",True,"['Barnsdorfer Weg', 'Barnstorfer Weg']",unclassified,3.5,False,128.835,"LINESTRING (12.4097217 54.3368749, 12.4097581 54.3368277, 12.4097959 54.3367134, 12.4098637 54.3366366, 12.4099633 54.3365878, 12.4100426 54.3365544, 12.4101546 54.3365386, 12.4102793 54.3365545, 12.4103831 54.336625, 12.4104038 54.3366719, 12.4104172 54.3367283, 12.4098691 54.3368489, 12.4097217 54.3368749)"
