osmid,name,highway,oneway,reversed,length,geometry,ref,maxspeed
40554029,Bühne,residential,False,False,255.46800000000002,"LINESTRING (11.3480295 52.6909224, 11.3476233 52.6905178, 11.3470053 52.689911, 11.3460593 52.6889597)",,
620576145,Waldstraße,tertiary,False,True,133.029,"LINESTRING (11.3480295 52.6909224, 11.3493252 52.6905068, 11.3497632 52.690351)",K 1088,
620576146,Bühne,tertiary,False,False,130.214,"LINESTRING (11.3480295 52.6909224, 11.3484363 52.6913595, 11.3490277 52.6919246)",K 1088,
620576146,Bühne,tertiary,False,True,130.214,"LINESTRING (11.3490277 52.6919246, 11.3484363 52.6913595, 11.3480295 52.6909224)",K 1088,
620576145,Waldstraße,tertiary,False,False,133.029,"LINESTRING (11.3497632 52.690351, 11.3493252 52.6905068, 11.3480295 52.6909224)",K 1088,
"[92002298, 1047164730]",Altmerslebener Weg,residential,False,False,157.62,"LINESTRING (11.3497632 52.690351, 11.3498278 52.6903955, 11.3499256 52.6904209, 11.3507471 52.6903656, 11.352049 52.6902897)",,10
40554029,Bühne,residential,False,True,255.46800000000002,"LINESTRING (11.3460593 52.6889597, 11.3470053 52.689911, 11.3476233 52.6905178, 11.3480295 52.6909224)",,
"[92002298, 1047164730]",Altmerslebener Weg,residential,False,True,157.62,"LINESTRING (11.352049 52.6902897, 11.3507471 52.6903656, 11.3499256 52.6904209, 11.3498278 52.6903955, 11.3497632 52.690351)",,10
