osmid,ref,highway,oneway,reversed,length,geometry
65689778,TIR 28,tertiary,False,False,506.52799999999996,"LINESTRING (11.9339402 49.8550147, 11.9339571 49.8552644, 11.9340297 49.8556416, 11.9340908 49.8558176, 11.9341829 49.8560208, 11.9346624 49.8571061, 11.9347111 49.8572796, 11.9347328 49.8575083, 11.9347316 49.8576171, 11.9347292 49.857827, 11.9347531 49.8582965, 11.9348185 49.8588775, 11.934833 49.8590061, 11.9348392 49.8590615, 11.9348484 49.859123, 11.9348777 49.8593201, 11.9348824 49.8594317, 11.9348854 49.8595041)"
65689778,TIR 28,tertiary,False,True,506.52800000000013,"LINESTRING (11.9348854 49.8595041, 11.9348824 49.8594317, 11.9348777 49.8593201, 11.9348484 49.859123, 11.9348392 49.8590615, 11.934833 49.8590061, 11.9348185 49.8588775, 11.9347531 49.8582965, 11.9347292 49.857827, 11.9347316 49.8576171, 11.9347328 49.8575083, 11.9347111 49.8572796, 11.9346624 49.8571061, 11.9341829 49.8560208, 11.9340908 49.8558176, 11.9340297 49.8556416, 11.9339571 49.8552644, 11.9339402 49.8550147)"
