osmid,ref,name,highway,oneway,reversed,length,geometry
539075958,D 53,Rue Principale,tertiary,False,True,14.346,"LINESTRING (6.4366704 49.218105, 6.4367441 49.2182247)"
539075957,,Rue Principale,residential,False,False,101.494,"LINESTRING (6.4366704 49.218105, 6.4370213 49.2180728, 6.437263 49.2180781, 6.437303 49.2181131, 6.437299 49.2182182, 6.4372708 49.2182375, 6.4372252 49.2182506, 6.4367441 49.2182247)"
539075958,D 53,Rue Principale,tertiary,False,False,14.346,"LINESTRING (6.4367441 49.2182247, 6.4366704 49.218105)"
539075957,,Rue Principale,residential,False,True,101.494,"LINESTRING (6.4367441 49.2182247, 6.4372252 49.2182506, 6.4372708 49.2182375, 6.437299 49.2182182, 6.437303 49.2181131, 6.437263 49.2180781, 6.4370213 49.2180728, 6.4366704 49.218105)"
