osmid,lanes,name,highway,oneway,reversed,length,geometry
24658918,2,Zum Gewerbegebiet,unclassified,False,True,5.935,"LINESTRING (13.0208955 51.2299407, 13.0209001 51.2298874)"
24658918,2,Zum Gewerbegebiet,unclassified,False,False,168.37399999999997,"LINESTRING (13.0208955 51.2299407, 13.0208759 51.2300788, 13.020867 51.2301482, 13.0208352 51.2302125, 13.0207544 51.2302538, 13.0205874 51.2302674, 13.0194613 51.2302552, 13.0192748 51.2303, 13.0191034 51.2304223, 13.0190448 51.2304875)"
24658918,2,Zum Gewerbegebiet,unclassified,False,False,5.935,"LINESTRING (13.0209001 51.2298874, 13.0208955 51.2299407)"
24658918,2,Zum Gewerbegebiet,unclassified,False,True,50.538,"LINESTRING (13.0209001 51.2298874, 13.0209449 51.2297575, 13.0210149 51.2296605, 13.0210923 51.2295913, 13.0211279 51.2295687, 13.0212371 51.2294972)"
24658919,,Zum Gewerbegebiet,unclassified,False,True,192.97599999999997,"LINESTRING (13.0209001 51.2298874, 13.0210195 51.2298994, 13.0212849 51.2299606, 13.0214323 51.230024, 13.0214901 51.230123, 13.021694 51.2309356, 13.0217412 51.2313773)"
24658919,,Zum Gewerbegebiet,unclassified,False,False,192.976,"LINESTRING (13.0217412 51.2313773, 13.021694 51.2309356, 13.0214901 51.230123, 13.0214323 51.230024, 13.0212849 51.2299606, 13.0210195 51.2298994, 13.0209001 51.2298874)"
24658918,2,Zum Gewerbegebiet,unclassified,False,False,50.538,"LINESTRING (13.0212371 51.2294972, 13.0211279 51.2295687, 13.0210923 51.2295913, 13.0210149 51.2296605, 13.0209449 51.2297575, 13.0209001 51.2298874)"
24658918,2,Zum Gewerbegebiet,unclassified,False,True,168.37400000000002,"LINESTRING (13.0190448 51.2304875, 13.0191034 51.2304223, 13.0192748 51.2303, 13.0194613 51.2302552, 13.0205874 51.2302674, 13.0207544 51.2302538, 13.0208352 51.2302125, 13.020867 51.2301482, 13.0208759 51.2300788, 13.0208955 51.2299407)"
