osmid,lanes,ref,name,highway,maxspeed,oneway,reversed,length,geometry
258909402,2,DC156,Strada Muncitorilor,residential,50,False,False,92.969,"LINESTRING (26.7227537 46.4246713, 26.7227317 46.4246668, 26.7226352 46.4245975, 26.7224272 46.424449, 26.7223468 46.4244098, 26.722194 46.4243503, 26.7217889 46.4242934, 26.7217281 46.4242801)"
1150814356,,,Strada Privighetorilor,living_street,,False,False,45.394999999999996,"LINESTRING (26.7227537 46.4246713, 26.7226567 46.4247701, 26.7225551 46.4249167, 26.7224164 46.4249995)"
1150814356,,,Strada Privighetorilor,living_street,,False,True,45.394999999999996,"LINESTRING (26.7224164 46.4249995, 26.7225551 46.4249167, 26.7226567 46.4247701, 26.7227537 46.4246713)"
258909402,2,DC156,Strada Muncitorilor,residential,50,False,True,92.969,"LINESTRING (26.7217281 46.4242801, 26.7217889 46.4242934, 26.722194 46.4243503, 26.7223468 46.4244098, 26.7224272 46.424449, 26.7226352 46.4245975, 26.7227317 46.4246668, 26.7227537 46.4246713)"
1150814357,,,Strada Cojocarilor,living_street,,False,False,76.12700000000001,"LINESTRING (26.7217281 46.4242801, 26.7216215 46.4243263, 26.7215537 46.4245344, 26.7215691 46.4249188)"
1150814357,,,Strada Cojocarilor,living_street,,False,True,76.127,"LINESTRING (26.7215691 46.4249188, 26.7215537 46.4245344, 26.7216215 46.4243263, 26.7217281 46.4242801)"
