osmid,oneway,lanes,ref,highway,maxspeed,reversed,length,geometry
879149476,True,1,DN19,trunk,RO:urban,False,59.407000000000004,"LINESTRING (21.9858238 47.2814391, 21.9858923 47.2814914, 21.9859484 47.2815437, 21.9859999 47.2815939, 21.9860529 47.2816545, 21.9860913 47.2817188, 21.9861189 47.2817831, 21.986145 47.2818485, 21.9861588 47.2819117)"
879149475,False,2,DN19,trunk,RO:urban,False,40.292,"LINESTRING (21.9861588 47.2819117, 21.9863644 47.2821419, 21.9864407 47.2822194)"
879150138,True,1,DN19,trunk,RO:urban,False,59.67,"LINESTRING (21.9861588 47.2819117, 21.9860963 47.2818654, 21.986042 47.2818192, 21.9859856 47.2817688, 21.9859353 47.281717, 21.9858907 47.2816482, 21.9858603 47.2815781, 21.985839 47.2815065, 21.9858238 47.2814391)"
879148302,True,1,DN19,trunk,RO:urban,False,64.89399999999999,"LINESTRING (21.995248 47.2867785, 21.9953527 47.2867955, 21.9954601 47.2868161, 21.9955622 47.2868395, 21.9956642 47.2868701, 21.9957548 47.2869098, 21.9958428 47.2869532, 21.9959294 47.2869966, 21.9960053 47.2870381)"
879149475,False,2,DN19,trunk,RO:urban,True,836.444,"LINESTRING (21.995248 47.2867785, 21.9950666 47.2867123, 21.994904 47.2866478, 21.9944492 47.2864271, 21.9942041 47.2862943, 21.9872678 47.2826983, 21.9870158 47.282569, 21.9867102 47.282417, 21.9864989 47.2822621, 21.9864407 47.2822194)"
879149104,True,1,DN19,trunk,RO:urban,False,64.954,"LINESTRING (21.9960053 47.2870381, 21.9958959 47.2870198, 21.9957866 47.2869979, 21.9956678 47.2869696, 21.9955705 47.2869413, 21.9954903 47.2869082, 21.9954066 47.2868672, 21.99533 47.2868265, 21.995248 47.2867785)"
879149475,False,2,DN19,trunk,RO:urban,False,836.444,"LINESTRING (21.9864407 47.2822194, 21.9864989 47.2822621, 21.9867102 47.282417, 21.9870158 47.282569, 21.9872678 47.2826983, 21.9942041 47.2862943, 21.9944492 47.2864271, 21.994904 47.2866478, 21.9950666 47.2867123, 21.995248 47.2867785)"
879149475,False,2,DN19,trunk,RO:urban,True,40.292,"LINESTRING (21.9864407 47.2822194, 21.9863644 47.2821419, 21.9861588 47.2819117)"
