osmid,lanes,ref,name,highway,maxspeed,oneway,reversed,length,geometry
704523890,2,DN2E,Strada Calea Cernăuți,primary,50,False,False,448.47,"LINESTRING (25.6713313 47.9230019, 25.668751 47.9235052, 25.6667161 47.9238955, 25.6655484 47.9241195)"
704523890,2,DN2E,Strada Calea Cernăuți,primary,50,False,True,189.402,"LINESTRING (25.6713313 47.9230019, 25.6723218 47.9228117, 25.6725677 47.9227645, 25.6736908 47.9225489, 25.6737748 47.9225328)"
704523890,2,DN2E,Strada Calea Cernăuți,primary,50,False,True,448.47,"LINESTRING (25.6655484 47.9241195, 25.6667161 47.9238955, 25.668751 47.9235052, 25.6713313 47.9230019)"
704523890,2,DN2E,Strada Calea Cernăuți,primary,50,False,False,189.40200000000002,"LINESTRING (25.6737748 47.9225328, 25.6736908 47.9225489, 25.6725677 47.9227645, 25.6723218 47.9228117, 25.6713313 47.9230019)"
