osmid,highway,oneway,reversed,length,geometry
723248512,residential,False,False,276.574,"LINESTRING (-104.0616524 20.5348282, -104.061749 20.5340015, -104.0620118 20.5331276, -104.0621607 20.5329172, -104.0622117 20.5328079, -104.0622358 20.5327012, -104.0622224 20.5325768, -104.0621674 20.5324445)"
723248512,residential,False,True,276.574,"LINESTRING (-104.0621674 20.5324445, -104.0622224 20.5325768, -104.0622358 20.5327012, -104.0622117 20.5328079, -104.0621607 20.5329172, -104.0620118 20.5331276, -104.061749 20.5340015, -104.0616524 20.5348282)"
