osmid,name,highway,oneway,reversed,length,geometry
1092691655,Calle Circuito Bicentenario,residential,False,False,18.733,"LINESTRING (-103.079796 21.4660714, -103.0798304 21.465906)"
1092691655,Calle Circuito Bicentenario,residential,False,True,63.436,"LINESTRING (-103.079796 21.4660714, -103.0796795 21.4666315)"
1092691654,Calle Circuito 6,residential,False,True,124.65299999999999,"LINESTRING (-103.079796 21.4660714, -103.0797143 21.4660632, -103.0796391 21.4660769, -103.0795639 21.4660928, -103.0794477 21.4660951, -103.079327 21.4661475, -103.0792359 21.4662135, -103.0792154 21.4662591, -103.0792063 21.4663069, -103.0791903 21.4663479, -103.0791265 21.4665074, -103.0790683 21.4667516)"
559957345,,secondary,False,True,64.798,"LINESTRING (-103.0790683 21.4667516, -103.0793336 21.4667157, -103.0795267 21.4666783, -103.0796795 21.4666315)"
1092691654,Calle Circuito 6,residential,False,False,124.653,"LINESTRING (-103.0790683 21.4667516, -103.0791265 21.4665074, -103.0791903 21.4663479, -103.0792063 21.4663069, -103.0792154 21.4662591, -103.0792359 21.4662135, -103.079327 21.4661475, -103.0794477 21.4660951, -103.0795639 21.4660928, -103.0796391 21.4660769, -103.0797143 21.4660632, -103.079796 21.4660714)"
1092691655,Calle Circuito Bicentenario,residential,False,True,18.733,"LINESTRING (-103.0798304 21.465906, -103.079796 21.4660714)"
1092691655,Calle Circuito Bicentenario,residential,False,False,63.436,"LINESTRING (-103.0796795 21.4666315, -103.079796 21.4660714)"
559957345,,secondary,False,False,64.798,"LINESTRING (-103.0796795 21.4666315, -103.0795267 21.4666783, -103.0793336 21.4667157, -103.0790683 21.4667516)"
