osmid,highway,oneway,reversed,length,geometry
555465135,unclassified,False,True,155.565,"LINESTRING (-99.2759406 19.5670739, -99.2758526 19.5671757, -99.275564 19.5677954, -99.2752181 19.5682884)"
"[781137354, 781137356, 781022461]",unclassified,False,False,518.367,"LINESTRING (-99.2759406 19.5670739, -99.2762571 19.5664047, -99.2766143 19.5659317, -99.2766345 19.565895, -99.2766471 19.5658538, -99.2766485 19.5658274, -99.2766443 19.5657999, -99.276626 19.5657714, -99.2765911 19.5657617, -99.2765471 19.5657625, -99.2765108 19.5657738, -99.2762174 19.5659367, -99.2761584 19.5659898, -99.2760981 19.5660406, -99.2759106 19.5662253, -99.2756795 19.5664877, -99.2756338 19.5665402, -99.2755206 19.566666, -99.275497 19.5667026, -99.2754463 19.5668045, -99.2754226 19.5668698, -99.275412 19.5669142, -99.2754243 19.5670831, -99.2754389 19.5673153, -99.2754108 19.5674748, -99.2753719 19.5676021, -99.2752848 19.5677945, -99.2751945 19.5679811, -99.2751136 19.5681266, -99.2751043 19.5681658, -99.2751055 19.5682013, -99.2751203 19.5682315, -99.2752181 19.5682884)"
555465135,unclassified,False,False,155.565,"LINESTRING (-99.2752181 19.5682884, -99.275564 19.5677954, -99.2758526 19.5671757, -99.2759406 19.5670739)"
"[781137354, 781137356, 781022461]",unclassified,False,True,518.3670000000001,"LINESTRING (-99.2752181 19.5682884, -99.2751203 19.5682315, -99.2751055 19.5682013, -99.2751043 19.5681658, -99.2751136 19.5681266, -99.2751945 19.5679811, -99.2752848 19.5677945, -99.2753719 19.5676021, -99.2754108 19.5674748, -99.2754389 19.5673153, -99.2754243 19.5670831, -99.275412 19.5669142, -99.2754226 19.5668698, -99.2754463 19.5668045, -99.275497 19.5667026, -99.2755206 19.566666, -99.2756338 19.5665402, -99.2756795 19.5664877, -99.2759106 19.5662253, -99.2760981 19.5660406, -99.2761584 19.5659898, -99.2762174 19.5659367, -99.2765108 19.5657738, -99.2765471 19.5657625, -99.2765911 19.5657617, -99.276626 19.5657714, -99.2766443 19.5657999, -99.2766485 19.5658274, -99.2766471 19.5658538, -99.2766345 19.565895, -99.2766143 19.5659317, -99.2762571 19.5664047, -99.2759406 19.5670739)"
