osmid,highway,oneway,reversed,length,geometry
718976725,tertiary,False,True,421.334,"LINESTRING (-103.4689835 21.765264, -103.4649148 21.7649822)"
718976725,tertiary,False,False,111.746,"LINESTRING (-103.4638363 21.7649004, -103.4649148 21.7649822)"
803489410,residential,False,False,89.361,"LINESTRING (-103.4638363 21.7649004, -103.4638953 21.7650548, -103.464421 21.7654683)"
718976725,tertiary,False,False,421.334,"LINESTRING (-103.4649148 21.7649822, -103.4689835 21.765264)"
718976725,tertiary,False,True,111.746,"LINESTRING (-103.4649148 21.7649822, -103.4638363 21.7649004)"
803489411,residential,False,False,81.255,"LINESTRING (-103.4649148 21.7649822, -103.4647965 21.7653138, -103.464421 21.7654683)"
803489410,residential,False,True,89.361,"LINESTRING (-103.464421 21.7654683, -103.4638953 21.7650548, -103.4638363 21.7649004)"
803489411,residential,False,True,81.255,"LINESTRING (-103.464421 21.7654683, -103.4647965 21.7653138, -103.4649148 21.7649822)"
