osmid,highway,oneway,reversed,length,geometry,name
864239175,residential,False,False,124.816,"LINESTRING (-99.241004 19.9630431, -99.2409021 19.9628011, -99.2408645 19.962675, -99.2409182 19.9625439, -99.2415029 19.9623271)",
864239175,residential,False,True,133.386,"LINESTRING (-99.241004 19.9630431, -99.2410737 19.9633305, -99.2411006 19.9637339, -99.2410218 19.964229)",
864239175,residential,False,True,124.81599999999999,"LINESTRING (-99.2415029 19.9623271, -99.2409182 19.9625439, -99.2408645 19.962675, -99.2409021 19.9628011, -99.241004 19.9630431)",
864239176,residential,False,True,307.87300000000005,"LINESTRING (-99.2415029 19.9623271, -99.2413151 19.9619691, -99.241063 19.9616414, -99.2409611 19.9613288, -99.241004 19.9610162, -99.2410952 19.9609204, -99.2411381 19.9608548, -99.2411435 19.9607641, -99.2410737 19.9607086, -99.2408162 19.9606481, -99.2406768 19.9605977, -99.2405802 19.9604615, -99.2405212 19.9600783)",Calle Palomito
864239176,residential,False,False,307.87300000000005,"LINESTRING (-99.2405212 19.9600783, -99.2405802 19.9604615, -99.2406768 19.9605977, -99.2408162 19.9606481, -99.2410737 19.9607086, -99.2411435 19.9607641, -99.2411381 19.9608548, -99.2410952 19.9609204, -99.241004 19.9610162, -99.2409611 19.9613288, -99.241063 19.9616414, -99.2413151 19.9619691, -99.2415029 19.9623271)",Calle Palomito
864239175,residential,False,False,133.38600000000002,"LINESTRING (-99.2410218 19.964229, -99.2411006 19.9637339, -99.2410737 19.9633305, -99.241004 19.9630431)",
