osmid,highway,oneway,reversed,length,geometry
917096586,unclassified,False,True,630.4399999999999,"LINESTRING (-109.1246942 29.7838664, -109.1246814 29.7838033, -109.1246599 29.7837428, -109.1244131 29.7835379, -109.124338 29.783496, -109.1242683 29.7831468, -109.1240698 29.78263, -109.1240054 29.7823227, -109.1240054 29.7821458, -109.1241449 29.7818106, -109.1241932 29.7817035, -109.1244292 29.7815359, -109.1245472 29.7815033, -109.1245633 29.781331, -109.1244507 29.7810331, -109.1238767 29.7805628, -109.123866 29.7803207, -109.1236299 29.7799482, -109.1233671 29.779748, -109.1233563 29.779613, -109.1234529 29.7794454, -109.1237211 29.7790356)"
917096586,unclassified,False,False,630.44,"LINESTRING (-109.1237211 29.7790356, -109.1234529 29.7794454, -109.1233563 29.779613, -109.1233671 29.779748, -109.1236299 29.7799482, -109.123866 29.7803207, -109.1238767 29.7805628, -109.1244507 29.7810331, -109.1245633 29.781331, -109.1245472 29.7815033, -109.1244292 29.7815359, -109.1241932 29.7817035, -109.1241449 29.7818106, -109.1240054 29.7821458, -109.1240054 29.7823227, -109.1240698 29.78263, -109.1242683 29.7831468, -109.124338 29.783496, -109.1244131 29.7835379, -109.1246599 29.7837428, -109.1246814 29.7838033, -109.1246942 29.7838664)"
