osmid,highway,oneway,reversed,length,geometry
915802460,unclassified,False,True,196.54200000000003,"LINESTRING (-97.4165199 19.7538954, -97.417075 19.7540671, -97.4175391 19.7544331, -97.4176598 19.7545555, -97.4176879 19.7546704, -97.4177269 19.7550314)"
915802460,unclassified,False,False,196.542,"LINESTRING (-97.4177269 19.7550314, -97.4176879 19.7546704, -97.4176598 19.7545555, -97.4175391 19.7544331, -97.417075 19.7540671, -97.4165199 19.7538954)"
915802460,unclassified,False,True,836.5040000000001,"LINESTRING (-97.4177269 19.7550314, -97.4180259 19.7553015, -97.4183075 19.7554706, -97.4186227 19.7556562, -97.418797 19.7559452, -97.419131 19.7562973, -97.4196272 19.7567202, -97.4199075 19.757071, -97.42046 19.7585705, -97.420511 19.7588885, -97.4204519 19.7594515, -97.4204707 19.7597165, -97.4204989 19.7599033, -97.4206156 19.7601759, -97.4207765 19.7606568, -97.4208677 19.7608979, -97.4212325 19.7614052)"
928834791,residential,False,True,462.58700000000005,"LINESTRING (-97.4177269 19.7550314, -97.4177456 19.7552535, -97.4177188 19.7554227, -97.4175324 19.7560108, -97.4175565 19.756084, -97.4175994 19.7561244, -97.4178341 19.7562582, -97.4182203 19.7566066, -97.4182686 19.7566798, -97.4182713 19.7567606, -97.4180567 19.7572679, -97.4178368 19.7578662, -97.4178663 19.758106, -97.4178958 19.758775)"
928834791,residential,False,False,462.587,"LINESTRING (-97.4178958 19.758775, -97.4178663 19.758106, -97.4178368 19.7578662, -97.4180567 19.7572679, -97.4182713 19.7567606, -97.4182686 19.7566798, -97.4182203 19.7566066, -97.4178341 19.7562582, -97.4175994 19.7561244, -97.4175565 19.756084, -97.4175324 19.7560108, -97.4177188 19.7554227, -97.4177456 19.7552535, -97.4177269 19.7550314)"
915802460,unclassified,False,False,836.5040000000001,"LINESTRING (-97.4212325 19.7614052, -97.4208677 19.7608979, -97.4207765 19.7606568, -97.4206156 19.7601759, -97.4204989 19.7599033, -97.4204707 19.7597165, -97.4204519 19.7594515, -97.420511 19.7588885, -97.42046 19.7585705, -97.4199075 19.757071, -97.4196272 19.7567202, -97.419131 19.7562973, -97.418797 19.7559452, -97.4186227 19.7556562, -97.4183075 19.7554706, -97.4180259 19.7553015, -97.4177269 19.7550314)"
