osmid,highway,oneway,reversed,length,geometry
1226952741,tertiary,False,True,687.317,"LINESTRING (-93.235821 18.0828682, -93.235538 18.0851081, -93.2354553 18.0859923, -93.2352671 18.0876144, -93.2351244 18.0890134)"
866863604,residential,False,True,59.794,"LINESTRING (-93.2345617 18.0889581, -93.2351244 18.0890134)"
866863604,residential,False,False,59.794,"LINESTRING (-93.2351244 18.0890134, -93.2345617 18.0889581)"
1226952741,tertiary,False,False,687.317,"LINESTRING (-93.2351244 18.0890134, -93.2352671 18.0876144, -93.2354553 18.0859923, -93.235538 18.0851081, -93.235821 18.0828682)"
