osmid,highway,oneway,reversed,length,geometry
684026940,secondary,False,False,768.687,"LINESTRING (-89.0346989 21.2863671, -89.0343398 21.2881868, -89.0332837 21.293153)"
684026940,secondary,False,True,768.687,"LINESTRING (-89.0332837 21.293153, -89.0343398 21.2881868, -89.0346989 21.2863671)"
