osmid,highway,oneway,reversed,length,geometry
906164175,residential,False,True,81.72099999999999,"LINESTRING (-92.7465589 17.0217157, -92.7463205 17.0217014, -92.74613 17.0217065, -92.7459437 17.0217238, -92.7458585 17.021732, -92.7458128 17.0217228, -92.7457961 17.0217129)"
620587816,residential,False,True,38.575,"LINESTRING (-92.7455212 17.0219129, -92.7455856 17.0218386, -92.7456352 17.0217796, -92.7456754 17.0217424, -92.7457063 17.0217244, -92.7457961 17.0217129)"
620587816,residential,False,False,38.575,"LINESTRING (-92.7457961 17.0217129, -92.7457063 17.0217244, -92.7456754 17.0217424, -92.7456352 17.0217796, -92.7455856 17.0218386, -92.7455212 17.0219129)"
906164175,residential,False,False,81.721,"LINESTRING (-92.7457961 17.0217129, -92.7458128 17.0217228, -92.7458585 17.021732, -92.7459437 17.0217238, -92.74613 17.0217065, -92.7463205 17.0217014, -92.7465589 17.0217157)"
