osmid,highway,oneway,reversed,length,geometry
809090036,unclassified,False,False,80.04700000000001,"LINESTRING (-95.3462588 17.9753201, -95.346258 17.9752967, -95.3462487 17.9752037, -95.3462554 17.9751658, -95.3462702 17.9751333, -95.3463111 17.9751062, -95.3466352 17.9749799, -95.3466672 17.9749639, -95.3466935 17.9749373, -95.3467118 17.9749008, -95.3467188 17.9748641)"
809090035,unclassified,False,True,524.721,"LINESTRING (-95.3481182 17.9704108, -95.3480552 17.970583, -95.3480405 17.9706455, -95.3480364 17.9707067, -95.3480431 17.9709044, -95.3480244 17.9711264, -95.3479707 17.971393, -95.3478929 17.9716456, -95.3477776 17.9718676, -95.3475858 17.9721495, -95.3475624 17.9722012, -95.3475496 17.9722452, -95.3475375 17.9723804, -95.3475315 17.9728352, -95.3475201 17.9729506, -95.3474772 17.9731279, -95.3473015 17.9735578, -95.3471017 17.9740209, -95.3469113 17.9744967, -95.3467973 17.9747429, -95.346753 17.9748145, -95.3467188 17.9748641)"
809090035,unclassified,False,False,524.7210000000001,"LINESTRING (-95.3467188 17.9748641, -95.346753 17.9748145, -95.3467973 17.9747429, -95.3469113 17.9744967, -95.3471017 17.9740209, -95.3473015 17.9735578, -95.3474772 17.9731279, -95.3475201 17.9729506, -95.3475315 17.9728352, -95.3475375 17.9723804, -95.3475496 17.9722452, -95.3475624 17.9722012, -95.3475858 17.9721495, -95.3477776 17.9718676, -95.3478929 17.9716456, -95.3479707 17.971393, -95.3480244 17.9711264, -95.3480431 17.9709044, -95.3480364 17.9707067, -95.3480405 17.9706455, -95.3480552 17.970583, -95.3481182 17.9704108)"
809090036,unclassified,False,True,80.047,"LINESTRING (-95.3467188 17.9748641, -95.3467118 17.9749008, -95.3466935 17.9749373, -95.3466672 17.9749639, -95.3466352 17.9749799, -95.3463111 17.9751062, -95.3462702 17.9751333, -95.3462554 17.9751658, -95.3462487 17.9752037, -95.346258 17.9752967, -95.3462588 17.9753201)"
