osmid,name,highway,oneway,reversed,length,geometry
115390812,Carretera Nanchital - Las Choapas,secondary,False,True,622.446,"LINESTRING (-94.3773028 18.0636463, -94.377494 18.0636745, -94.377777 18.0636551, -94.3785193 18.0634781, -94.3788889 18.0634405, -94.3792601 18.0634704, -94.3797104 18.0636018, -94.3817908 18.0647017, -94.38245 18.0649346, -94.3827844 18.065021)"
878493968,,unclassified,False,True,49.968,"LINESTRING (-94.3827349 18.0654679, -94.3827844 18.065021)"
878493968,,unclassified,False,False,49.968,"LINESTRING (-94.3827844 18.065021, -94.3827349 18.0654679)"
115390812,Carretera Nanchital - Las Choapas,secondary,False,False,622.446,"LINESTRING (-94.3827844 18.065021, -94.38245 18.0649346, -94.3817908 18.0647017, -94.3797104 18.0636018, -94.3792601 18.0634704, -94.3788889 18.0634405, -94.3785193 18.0634781, -94.377777 18.0636551, -94.377494 18.0636745, -94.3773028 18.0636463)"
