osmid,highway,oneway,reversed,length,geometry
439702599,unclassified,False,False,84.381,"LINESTRING (-96.8933289 19.1925748, -96.8936588 19.1926356, -96.8940451 19.192666, -96.894124 19.192655)"
777752105,residential,False,False,317.119,"LINESTRING (-96.8933289 19.1925748, -96.8929794 19.1928916, -96.8927354 19.1931449, -96.8924832 19.1933855, -96.8922955 19.1936363, -96.8922097 19.1936996, -96.8920729 19.1937528, -96.8909839 19.1942974)"
439702599,unclassified,False,True,154.01799999999997,"LINESTRING (-96.8952507 19.1918447, -96.8949597 19.192205, -96.894772 19.1923899, -96.8945788 19.1925166, -96.8944152 19.1925875, -96.8942087 19.1926432, -96.894124 19.192655)"
777752105,residential,False,True,317.119,"LINESTRING (-96.8909839 19.1942974, -96.8920729 19.1937528, -96.8922097 19.1936996, -96.8922955 19.1936363, -96.8924832 19.1933855, -96.8927354 19.1931449, -96.8929794 19.1928916, -96.8933289 19.1925748)"
777752106,residential,False,True,262.71999999999997,"LINESTRING (-96.8932906 19.1947724, -96.893304 19.1945546, -96.8933442 19.1944887, -96.8934435 19.1944355, -96.8935843 19.1943709, -96.8936634 19.1942709, -96.8937761 19.1940897, -96.8938471 19.1938111, -96.8939772 19.193497, -96.894051 19.1931082, -96.8941073 19.1928358, -96.894124 19.192655)"
439702599,unclassified,False,False,154.018,"LINESTRING (-96.894124 19.192655, -96.8942087 19.1926432, -96.8944152 19.1925875, -96.8945788 19.1925166, -96.894772 19.1923899, -96.8949597 19.192205, -96.8952507 19.1918447)"
439702599,unclassified,False,True,84.381,"LINESTRING (-96.894124 19.192655, -96.8940451 19.192666, -96.8936588 19.1926356, -96.8933289 19.1925748)"
777752106,residential,False,False,262.71999999999997,"LINESTRING (-96.894124 19.192655, -96.8941073 19.1928358, -96.894051 19.1931082, -96.8939772 19.193497, -96.8938471 19.1938111, -96.8937761 19.1940897, -96.8936634 19.1942709, -96.8935843 19.1943709, -96.8934435 19.1944355, -96.8933442 19.1944887, -96.893304 19.1945546, -96.8932906 19.1947724)"
