osmid,highway,oneway,reversed,length,geometry
725193343,unclassified,False,False,42.142,"LINESTRING (-102.5155775 20.1510036, -102.5152677 20.1512466)"
725193343,unclassified,False,True,42.142,"LINESTRING (-102.5152677 20.1512466, -102.5155775 20.1510036)"
