osmid,name,highway,oneway,reversed,length,geometry
"[388487568, 774729551]",Avenida Benito Juárez,unclassified,False,True,67.511,"LINESTRING (-97.6415484 18.9510953, -97.6412568 18.9511017, -97.641069 18.9511423, -97.6409266 18.9512062)"
"[388487568, 774729551]",Avenida Benito Juárez,unclassified,False,False,67.511,"LINESTRING (-97.6409266 18.9512062, -97.641069 18.9511423, -97.6412568 18.9511017, -97.6415484 18.9510953)"
388511449,,unclassified,False,False,569.529,"LINESTRING (-97.6409266 18.9512062, -97.6408652 18.9511689, -97.6407619 18.9510484, -97.6405674 18.9508353, -97.6403126 18.9506628, -97.6399505 18.9504282, -97.6396407 18.9502379, -97.639292 18.9500273, -97.6391552 18.9499271, -97.6390654 18.9498066, -97.6389836 18.9497115, -97.6388307 18.9495986, -97.638596 18.9494565, -97.6381212 18.9491838, -97.637507 18.9488756, -97.636992 18.9486917, -97.6364194 18.9484849)"
388511449,,unclassified,False,True,569.529,"LINESTRING (-97.6364194 18.9484849, -97.636992 18.9486917, -97.637507 18.9488756, -97.6381212 18.9491838, -97.638596 18.9494565, -97.6388307 18.9495986, -97.6389836 18.9497115, -97.6390654 18.9498066, -97.6391552 18.9499271, -97.639292 18.9500273, -97.6396407 18.9502379, -97.6399505 18.9504282, -97.6403126 18.9506628, -97.6405674 18.9508353, -97.6407619 18.9510484, -97.6408652 18.9511689, -97.6409266 18.9512062)"
