osmid,highway,oneway,reversed,length,geometry,name
807915134,residential,False,False,103.152,"LINESTRING (-98.6745791 21.367073, -98.6743848 21.3671231, -98.6741059 21.367173, -98.6739771 21.3671031, -98.6738752 21.3670182, -98.6737518 21.3668433)",
"[1051417724, 807915133]",residential,False,False,353.376,"LINESTRING (-98.6745791 21.367073, -98.6745681 21.3668337, -98.6745509 21.3664623, -98.6745415 21.366383, -98.6745422 21.3663486, -98.6745456 21.3663068, -98.6745617 21.3662587, -98.6745979 21.3662069, -98.6746321 21.3661569, -98.6746663 21.3660764, -98.6747628 21.3656542, -98.6748889 21.3652833, -98.6749157 21.3651484, -98.6749439 21.3649948, -98.6749734 21.3644403, -98.6749734 21.3643903, -98.6749687 21.3643372, -98.6749604 21.3642904, -98.674947 21.3642426, -98.6749376 21.3642086, -98.6749319 21.3641708, -98.6749319 21.364123, -98.6749642 21.3639633)",Calle San Agustín
"[1051417724, 807915133]",residential,False,True,353.376,"LINESTRING (-98.6749642 21.3639633, -98.6749319 21.364123, -98.6749319 21.3641708, -98.6749376 21.3642086, -98.674947 21.3642426, -98.6749604 21.3642904, -98.6749687 21.3643372, -98.6749734 21.3643903, -98.6749734 21.3644403, -98.6749439 21.3649948, -98.6749157 21.3651484, -98.6748889 21.3652833, -98.6747628 21.3656542, -98.6746663 21.3660764, -98.6746321 21.3661569, -98.6745979 21.3662069, -98.6745617 21.3662587, -98.6745456 21.3663068, -98.6745422 21.3663486, -98.6745415 21.366383, -98.6745509 21.3664623, -98.6745681 21.3668337, -98.6745791 21.367073)",Calle San Agustín
807915134,residential,False,True,103.152,"LINESTRING (-98.6737518 21.3668433, -98.6738752 21.3670182, -98.6739771 21.3671031, -98.6741059 21.367173, -98.6743848 21.3671231, -98.6745791 21.367073)",
