osmid,highway,oneway,reversed,length,geometry
424817240,tertiary,False,False,17.339,"LINESTRING (-98.2018691 21.3908772, -98.2018457 21.3910316)"
876011161,residential,False,True,88.65699999999998,"LINESTRING (-98.1996591 21.3917285, -98.2000675 21.3916804, -98.2001091 21.391686, -98.2001339 21.391701, -98.2003418 21.3919894)"
876011161,residential,False,False,88.65699999999998,"LINESTRING (-98.2003418 21.3919894, -98.2001339 21.391701, -98.2001091 21.391686, -98.2000675 21.3916804, -98.1996591 21.3917285)"
876011162,residential,False,True,191.619,"LINESTRING (-98.2003418 21.3919894, -98.2006127 21.3916773, -98.2006958 21.3916086, -98.2008433 21.3915387, -98.2014737 21.3912577, -98.2018457 21.3910316)"
424817240,tertiary,False,True,17.339,"LINESTRING (-98.2018457 21.3910316, -98.2018691 21.3908772)"
876011162,residential,False,False,191.619,"LINESTRING (-98.2018457 21.3910316, -98.2014737 21.3912577, -98.2008433 21.3915387, -98.2006958 21.3916086, -98.2006127 21.3916773, -98.2003418 21.3919894)"
