osmid,highway,oneway,reversed,length,geometry
734605270,unclassified,False,False,95.925,"LINESTRING (-92.527813 16.5547539, -92.5278895 16.5541587, -92.527923 16.5538977)"
"[924338306, 924338307]",residential,False,"[False, True]",228.161,"LINESTRING (-92.527813 16.5547539, -92.527463 16.5548593, -92.5269654 16.5546112, -92.527923 16.5538977)"
734605270,unclassified,False,True,115.878,"LINESTRING (-92.527813 16.5547539, -92.527809 16.5551434, -92.5281577 16.5557039)"
734605270,unclassified,False,True,95.925,"LINESTRING (-92.527923 16.5538977, -92.5278895 16.5541587, -92.527813 16.5547539)"
"[924338306, 924338307]",residential,False,"[False, True]",228.161,"LINESTRING (-92.527923 16.5538977, -92.5269654 16.5546112, -92.527463 16.5548593, -92.527813 16.5547539)"
734605270,unclassified,False,False,115.878,"LINESTRING (-92.5281577 16.5557039, -92.527809 16.5551434, -92.527813 16.5547539)"
