osmid,highway,oneway,reversed,length,geometry
803118710,unclassified,False,False,705.0989999999999,"LINESTRING (-103.2407516 21.774935, -103.2414074 21.7750097, -103.2417682 21.7750296, -103.2424052 21.774803, -103.2427177 21.7748291, -103.2431763 21.7749549, -103.2436524 21.7749325, -103.2442492 21.7747619, -103.2449412 21.774666, -103.2457902 21.7743584, -103.2460235 21.7743397, -103.2463051 21.7744978, -103.2470441 21.7745589, -103.2473438 21.7744695)"
913441155,unclassified,False,False,183.42899999999997,"LINESTRING (-103.2407516 21.774935, -103.2407221 21.7750259, -103.2406685 21.775072, -103.2405826 21.7750969, -103.2402487 21.7751031, -103.2401441 21.7751405, -103.2400596 21.775204, -103.2400019 21.7752999, -103.2398638 21.77561, -103.2398477 21.7756797, -103.2398598 21.7760509)"
803118710,unclassified,False,False,77.81,"LINESTRING (-103.2473438 21.7744695, -103.2474867 21.7744269, -103.2476771 21.7745501, -103.2479829 21.7747458)"
913430794,unclassified,False,True,74.96199999999999,"LINESTRING (-103.2473438 21.7744695, -103.2475618 21.7745364, -103.2476369 21.7745738, -103.2478152 21.7747133, -103.2478528 21.7747395, -103.2479051 21.7747482, -103.2479829 21.7747458)"
803118710,unclassified,False,True,705.099,"LINESTRING (-103.2473438 21.7744695, -103.2470441 21.7745589, -103.2463051 21.7744978, -103.2460235 21.7743397, -103.2457902 21.7743584, -103.2449412 21.774666, -103.2442492 21.7747619, -103.2436524 21.7749325, -103.2431763 21.7749549, -103.2427177 21.7748291, -103.2424052 21.774803, -103.2417682 21.7750296, -103.2414074 21.7750097, -103.2407516 21.774935)"
803118710,unclassified,False,True,77.81,"LINESTRING (-103.2479829 21.7747458, -103.2476771 21.7745501, -103.2474867 21.7744269, -103.2473438 21.7744695)"
913430794,unclassified,False,False,74.962,"LINESTRING (-103.2479829 21.7747458, -103.2479051 21.7747482, -103.2478528 21.7747395, -103.2478152 21.7747133, -103.2476369 21.7745738, -103.2475618 21.7745364, -103.2473438 21.7744695)"
913441155,unclassified,False,True,183.429,"LINESTRING (-103.2398598 21.7760509, -103.2398477 21.7756797, -103.2398638 21.77561, -103.2400019 21.7752999, -103.2400596 21.775204, -103.2401441 21.7751405, -103.2402487 21.7751031, -103.2405826 21.7750969, -103.2406685 21.775072, -103.2407221 21.7750259, -103.2407516 21.774935)"
