osmid,highway,oneway,reversed,length,geometry
439348508,unclassified,False,True,881.4379999999999,"LINESTRING (-96.9905984 19.0154091, -96.9906011 19.0155537, -96.9909847 19.0165657, -96.9909847 19.0167127, -96.9909579 19.0168294, -96.9909257 19.0169866, -96.9908399 19.0172199, -96.9906752 19.0174529, -96.9904016 19.0176964, -96.9901264 19.0179604, -96.9899065 19.0182748, -96.9897509 19.0185436, -96.9897026 19.0187617, -96.9896973 19.0189392, -96.9897938 19.0193601, -96.9899198 19.0201004, -96.989987 19.0204961, -96.9900245 19.0210538, -96.9900432 19.0212491, -96.9900405 19.0213683, -96.9900245 19.0214597, -96.9899601 19.0215459, -96.989885 19.0216068, -96.9895095 19.0218551, -96.9892091 19.0219845, -96.9891071 19.0220605, -96.9890481 19.0221493, -96.9890053 19.0222509, -96.9889945 19.0223649)"
892432869,unclassified,False,False,119.729,"LINESTRING (-96.9905984 19.0154091, -96.9904115 19.0155632, -96.990205 19.0157729, -96.9900572 19.0158603, -96.9896843 19.0160293)"
439348508,unclassified,False,False,881.438,"LINESTRING (-96.9889945 19.0223649, -96.9890053 19.0222509, -96.9890481 19.0221493, -96.9891071 19.0220605, -96.9892091 19.0219845, -96.9895095 19.0218551, -96.989885 19.0216068, -96.9899601 19.0215459, -96.9900245 19.0214597, -96.9900405 19.0213683, -96.9900432 19.0212491, -96.9900245 19.0210538, -96.989987 19.0204961, -96.9899198 19.0201004, -96.9897938 19.0193601, -96.9896973 19.0189392, -96.9897026 19.0187617, -96.9897509 19.0185436, -96.9899065 19.0182748, -96.9901264 19.0179604, -96.9904016 19.0176964, -96.9906752 19.0174529, -96.9908399 19.0172199, -96.9909257 19.0169866, -96.9909579 19.0168294, -96.9909847 19.0167127, -96.9909847 19.0165657, -96.9906011 19.0155537, -96.9905984 19.0154091)"
892432869,unclassified,False,True,119.72899999999998,"LINESTRING (-96.9896843 19.0160293, -96.9900572 19.0158603, -96.990205 19.0157729, -96.9904115 19.0155632, -96.9905984 19.0154091)"
