osmid,highway,oneway,reversed,length,geometry
693986785,unclassified,False,True,237.376,"LINESTRING (-92.2007156 14.8780199, -92.2007002 14.8780801, -92.2005098 14.8783588, -92.2002196 14.8787453, -92.199922 14.8798265, -92.1998513 14.8799515)"
942222122,residential,False,True,122.592,"LINESTRING (-92.2009109 14.8803599, -92.1998513 14.8799515)"
942222122,residential,False,False,122.592,"LINESTRING (-92.1998513 14.8799515, -92.2009109 14.8803599)"
693986785,unclassified,False,False,237.376,"LINESTRING (-92.1998513 14.8799515, -92.199922 14.8798265, -92.2002196 14.8787453, -92.2005098 14.8783588, -92.2007002 14.8780801, -92.2007156 14.8780199)"
693986785,unclassified,False,True,116.99000000000001,"LINESTRING (-92.1998513 14.8799515, -92.1993613 14.8804251, -92.1991256 14.8807322)"
942222123,residential,False,True,109.038,"LINESTRING (-92.1999182 14.8813444, -92.1991256 14.8807322)"
942222123,residential,False,False,109.038,"LINESTRING (-92.1991256 14.8807322, -92.1999182 14.8813444)"
693986785,unclassified,False,False,116.99000000000001,"LINESTRING (-92.1991256 14.8807322, -92.1993613 14.8804251, -92.1998513 14.8799515)"
