osmid,highway,oneway,reversed,length,geometry
947729334,residential,False,False,130.102,"LINESTRING (-92.6117093 15.174337, -92.611718 15.173167)"
947729335,residential,False,True,413.53999999999996,"LINESTRING (-92.6082564 15.1716386, -92.6090209 15.1717325, -92.6094141 15.1718942, -92.6116448 15.1731377, -92.611718 15.173167)"
947729334,residential,False,True,130.102,"LINESTRING (-92.611718 15.173167, -92.6117093 15.174337)"
947729335,residential,False,False,413.53999999999996,"LINESTRING (-92.611718 15.173167, -92.6116448 15.1731377, -92.6094141 15.1718942, -92.6090209 15.1717325, -92.6082564 15.1716386)"
