osmid,name,highway,oneway,reversed,length,geometry
847725620,Apaz,unclassified,False,True,132.868,"LINESTRING (-92.7896307 16.7130782, -92.7892667 16.7133207, -92.7886632 16.7138298)"
847725620,Apaz,unclassified,False,False,132.868,"LINESTRING (-92.7886632 16.7138298, -92.7892667 16.7133207, -92.7896307 16.7130782)"
