osmid,name,highway,maxspeed,oneway,reversed,length,geometry
256817721,Nysætervegen,unclassified,60,False,True,251.269,"LINESTRING (10.5206924 61.2275353, 10.519692 61.2281316, 10.5187871 61.228669, 10.5183034 61.228976, 10.5179867 61.229177, 10.5178703 61.2292424, 10.5177472 61.2292929)"
256817721,Nysætervegen,unclassified,60,False,False,251.269,"LINESTRING (10.5177472 61.2292929, 10.5178703 61.2292424, 10.5179867 61.229177, 10.5183034 61.228976, 10.5187871 61.228669, 10.519692 61.2281316, 10.5206924 61.2275353)"
