osmid,ref,name,highway,maxspeed,oneway,reversed,length,geometry
9936943,1515,Losbyveien,secondary,50,False,False,15.896,"LINESTRING (10.9685539 59.8975701, 10.9686116 59.8977101)"
168042660,,Vålerveien,residential,,False,False,334.776,"LINESTRING (10.9685539 59.8975701, 10.9681099 59.8972152, 10.9679436 59.8970011, 10.9677606 59.8965506, 10.9673448 59.8963157, 10.967138 59.896236, 10.9669675 59.8961769, 10.9666945 59.8961127, 10.9646846 59.8956402, 10.9645121 59.8956205)"
168042660,,Vålerveien,residential,,False,True,334.776,"LINESTRING (10.9645121 59.8956205, 10.9646846 59.8956402, 10.9666945 59.8961127, 10.9669675 59.8961769, 10.967138 59.896236, 10.9673448 59.8963157, 10.9677606 59.8965506, 10.9679436 59.8970011, 10.9681099 59.8972152, 10.9685539 59.8975701)"
928080674,,,residential,,False,False,64.74000000000001,"LINESTRING (10.9645121 59.8956205, 10.9644572 59.8955871, 10.9644318 59.8955506, 10.9644354 59.8954449, 10.9645117 59.8952516, 10.9645481 59.8951586, 10.9645433 59.8950559)"
9936943,1515,Losbyveien,secondary,50,False,True,15.896,"LINESTRING (10.9686116 59.8977101, 10.9685539 59.8975701)"
168042665,,,residential,,False,False,209.49599999999998,"LINESTRING (10.9686116 59.8977101, 10.9677383 59.8978085, 10.9670798 59.8978891, 10.9662134 59.898013, 10.9657548 59.8980917, 10.9656372 59.8981349, 10.9655627 59.8982116, 10.9654569 59.8984475)"
168042665,,,residential,,False,True,209.49599999999998,"LINESTRING (10.9654569 59.8984475, 10.9655627 59.8982116, 10.9656372 59.8981349, 10.9657548 59.8980917, 10.9662134 59.898013, 10.9670798 59.8978891, 10.9677383 59.8978085, 10.9686116 59.8977101)"
928080674,,,residential,,False,True,64.74000000000001,"LINESTRING (10.9645433 59.8950559, 10.9645481 59.8951586, 10.9645117 59.8952516, 10.9644354 59.8954449, 10.9644318 59.8955506, 10.9644572 59.8955871, 10.9645121 59.8956205)"
