osmid,highway,oneway,reversed,length,geometry,lanes,name
819504952,tertiary,False,False,697.873,"LINESTRING (117.9287072 30.9507893, 117.9295421 30.9518082, 117.9298264 30.9522223, 117.9300302 30.9526041, 117.930159 30.9529354, 117.9302838 30.9532385, 117.9304148 30.9535398, 117.9305521 30.953839, 117.9306954 30.9541361, 117.9308499 30.9544407, 117.9310109 30.9547428, 117.9311782 30.9550423, 117.9315585 30.9560064, 117.9316781 30.9564762)",,
819504953,primary,False,False,347.526,"LINESTRING (117.9287072 30.9507893, 117.9309049 30.9496545, 117.9318794 30.9492573)",6,东城大道
474673206,tertiary,False,True,836.105,"LINESTRING (117.9342881 30.9564374, 117.9340953 30.9553031, 117.9330617 30.9516544, 117.9329124 30.9511284, 117.932696 30.9505623, 117.9318794 30.9492573)",2,
819504951,tertiary,False,False,249.415,"LINESTRING (117.9342881 30.9564374, 117.9338362 30.9564979, 117.9316781 30.9564762)",2,
474673206,tertiary,False,False,836.105,"LINESTRING (117.9318794 30.9492573, 117.932696 30.9505623, 117.9329124 30.9511284, 117.9330617 30.9516544, 117.9340953 30.9553031, 117.9342881 30.9564374)",2,
819504953,primary,False,True,347.526,"LINESTRING (117.9318794 30.9492573, 117.9309049 30.9496545, 117.9287072 30.9507893)",6,东城大道
819504951,tertiary,False,True,249.415,"LINESTRING (117.9316781 30.9564762, 117.9338362 30.9564979, 117.9342881 30.9564374)",2,
819504952,tertiary,False,True,697.873,"LINESTRING (117.9316781 30.9564762, 117.9315585 30.9560064, 117.9311782 30.9550423, 117.9310109 30.9547428, 117.9308499 30.9544407, 117.9306954 30.9541361, 117.9305521 30.953839, 117.9304148 30.9535398, 117.9302838 30.9532385, 117.930159 30.9529354, 117.9300302 30.9526041, 117.9298264 30.9522223, 117.9295421 30.9518082, 117.9287072 30.9507893)",,
