osmid,name,highway,oneway,reversed,length,geometry
197077283,友谊路,tertiary,False,False,302.321,"LINESTRING (85.8667989 44.3041227, 85.8650408 44.3020666, 85.8648225 44.3018008)"
197077283,友谊路,tertiary,False,True,140.453,"LINESTRING (85.8639283 44.3007118, 85.8648225 44.3018008)"
197077283,友谊路,tertiary,False,False,140.453,"LINESTRING (85.8648225 44.3018008, 85.8639283 44.3007118)"
1000669339,,residential,False,True,188.886,"LINESTRING (85.8648225 44.3018008, 85.8627489 44.3026274)"
197077283,友谊路,tertiary,False,True,302.321,"LINESTRING (85.8648225 44.3018008, 85.8650408 44.3020666, 85.8667989 44.3041227)"
1000669339,,residential,False,False,188.886,"LINESTRING (85.8627489 44.3026274, 85.8648225 44.3018008)"
