osmid,highway,oneway,reversed,length,ref,geometry
238464094,residential,False,True,21.804,,"LINESTRING (83.5584877 46.3937691, 83.5582119 46.3938167)"
398459079,primary,False,True,148.033,S221,"LINESTRING (83.5584877 46.3937691, 83.5582663 46.3924466)"
398459079,primary,False,False,148.033,S221,"LINESTRING (83.5582663 46.3924466, 83.5584877 46.3937691)"
238464094,residential,False,False,21.804,,"LINESTRING (83.5582119 46.3938167, 83.5584877 46.3937691)"
