osmid,oneway,name,highway,reversed,length,geometry,ref
510522157,True,南北大街,secondary,False,8.281,"LINESTRING (116.8875383 35.3580734, 116.8875174 35.3581459)",
510815761,True,北宿大街,primary,False,279.462,"LINESTRING (116.8904339 35.3589575, 116.8899428 35.3588208, 116.8889014 35.3585275, 116.8878846 35.3582517, 116.8875174 35.3581459)",
385353636,True,北宿大街,primary,False,13.106,"LINESTRING (116.887402 35.3580342, 116.8875383 35.3580734)",S319
510522139,True,南北大街,secondary,False,8.311,"LINESTRING (116.8873841 35.3581075, 116.887402 35.3580342)",
510815761,True,北宿大街,primary,False,12.82,"LINESTRING (116.8875174 35.3581459, 116.8873841 35.3581075)",
510522157,True,南北大街,secondary,False,478.92099999999994,"LINESTRING (116.8875174 35.3581459, 116.887338 35.3588373, 116.8871412 35.3596419, 116.8870396 35.3600679, 116.8865021 35.3622244, 116.8864674 35.3623669)",
531953521,False,,tertiary,False,12.18,"LINESTRING (116.8863511 35.3623121, 116.8864674 35.3623669)",
510522139,True,南北大街,secondary,False,476.82499999999993,"LINESTRING (116.8863511 35.3623121, 116.886913 35.3600134, 116.8873409 35.3582706, 116.8873841 35.3581075)",
531953521,False,,tertiary,True,12.18,"LINESTRING (116.8864674 35.3623669, 116.8863511 35.3623121)",
