osmid,name,highway,oneway,reversed,length,geometry
359089341,集镇路,tertiary,False,False,174.392,"LINESTRING (89.811259 47.2181095, 89.8113556 47.2186034, 89.8114171 47.2194708, 89.8114177 47.2196725)"
359089341,集镇路,tertiary,False,False,213.907,"LINESTRING (89.8114177 47.2196725, 89.8114101 47.2197681, 89.8113891 47.2198393, 89.8113332 47.219901, 89.8107809 47.2202524, 89.8104314 47.2204946, 89.8102426 47.2206228, 89.8100189 47.2207984, 89.8096693 47.2211403)"
359089341,集镇路,tertiary,False,True,174.392,"LINESTRING (89.8114177 47.2196725, 89.8114171 47.2194708, 89.8113556 47.2186034, 89.811259 47.2181095)"
611460989,,tertiary,False,True,286.57300000000004,"LINESTRING (89.8114177 47.2196725, 89.8111098 47.2196569, 89.8085434 47.2196249, 89.8081808 47.2196158, 89.8076247 47.2196158)"
359089341,集镇路,tertiary,False,True,213.90700000000004,"LINESTRING (89.8096693 47.2211403, 89.8100189 47.2207984, 89.8102426 47.2206228, 89.8104314 47.2204946, 89.8107809 47.2202524, 89.8113332 47.219901, 89.8113891 47.2198393, 89.8114101 47.2197681, 89.8114177 47.2196725)"
611460989,,tertiary,False,False,286.573,"LINESTRING (89.8076247 47.2196158, 89.8081808 47.2196158, 89.8085434 47.2196249, 89.8111098 47.2196569, 89.8114177 47.2196725)"
