osmid,highway,oneway,reversed,length,geometry
"[892501281, 1019461869]",tertiary,False,False,870.549,"LINESTRING (84.1790168 44.3508138, 84.1793855 44.3514127, 84.1803638 44.3530015, 84.1872257 44.3506555)"
"[892501281, 1019461869]",tertiary,False,True,870.549,"LINESTRING (84.1872257 44.3506555, 84.1803638 44.3530015, 84.1793855 44.3514127, 84.1790168 44.3508138)"
