osmid,oneway,ref,highway,reversed,length,geometry
151525118,True,G320,trunk,False,16.519,"LINESTRING (120.8950497 30.8482853, 120.8951974 30.8483627)"
834168364,False,,unclassified,False,10.666,"LINESTRING (120.8950497 30.8482853, 120.8949931 30.848368)"
834168364,False,,unclassified,True,10.666,"LINESTRING (120.8949931 30.848368, 120.8950497 30.8482853)"
151723694,False,,unclassified,False,10.728,"LINESTRING (120.8951974 30.8483627, 120.8951409 30.8484461)"
151526656,True,,trunk,False,16.568,"LINESTRING (120.8951409 30.8484461, 120.8949931 30.848368)"
151723694,False,,unclassified,True,10.728,"LINESTRING (120.8951409 30.8484461, 120.8951974 30.8483627)"
151526656,True,,trunk,False,469.842,"LINESTRING (120.8993329 30.8506601, 120.8951409 30.8484461)"
