osmid,name,highway,oneway,reversed,length,geometry
1061658380,太阳路,tertiary,False,True,169.883,"LINESTRING (116.8001694 35.5282404, 116.8003033 35.5267165)"
1061658380,太阳路,tertiary,False,False,25.458,"LINESTRING (116.8003948 35.5265, 116.8003033 35.5267165)"
1061658380,太阳路,tertiary,False,False,169.883,"LINESTRING (116.8003033 35.5267165, 116.8001694 35.5282404)"
1061658380,太阳路,tertiary,False,True,25.458,"LINESTRING (116.8003033 35.5267165, 116.8003948 35.5265)"
