osmid,highway,oneway,reversed,length,geometry
367253585,unclassified,False,False,11.255,"LINESTRING (116.9132374 35.5847337, 116.9133326 35.5847989)"
367253585,unclassified,False,False,18.426,"LINESTRING (116.9133326 35.5847989, 116.9134364 35.5849415)"
367253585,unclassified,False,True,11.255,"LINESTRING (116.9133326 35.5847989, 116.9132374 35.5847337)"
367253585,unclassified,False,True,18.426,"LINESTRING (116.9134364 35.5849415, 116.9133326 35.5847989)"
