osmid,ref,highway,oneway,reversed,length,geometry
246850818,S103,primary,False,True,20.405,"LINESTRING (117.3920055 35.5030933, 117.3918872 35.5029371)"
246850818,S103,primary,False,False,20.405,"LINESTRING (117.3918872 35.5029371, 117.3920055 35.5030933)"
