osmid,highway,oneway,reversed,length,lanes,ref,geometry
332471643,secondary,False,False,14.544,,,"LINESTRING (116.8154391 32.7796796, 116.8153827 32.7795577)"
332471643,secondary,False,True,556.069,,,"LINESTRING (116.8154391 32.7796796, 116.8173011 32.7844291)"
205381305,secondary,True,False,244.742,2,S225,"LINESTRING (116.8173306 32.7845044, 116.8148321 32.7851619)"
332471643,secondary,False,False,8.815,,,"LINESTRING (116.8173306 32.7845044, 116.8173011 32.7844291)"
332471643,secondary,False,True,14.544,,,"LINESTRING (116.8153827 32.7795577, 116.8154391 32.7796796)"
332471643,secondary,False,False,556.069,,,"LINESTRING (116.8173011 32.7844291, 116.8154391 32.7796796)"
332471643,secondary,False,True,8.815,,,"LINESTRING (116.8173011 32.7844291, 116.8173306 32.7845044)"
