osmid,ref,name,highway,oneway,reversed,length,geometry
218106379,S318,郯兰线,primary,False,True,318.723,"LINESTRING (116.5613527 34.9684427, 116.5580776 34.9674363)"
1180484335,,,residential,False,True,523.8,"LINESTRING (116.5582734 34.9721421, 116.5580562 34.9675462, 116.5580776 34.9674363)"
218106379,S318,郯兰线,primary,False,False,318.723,"LINESTRING (116.5580776 34.9674363, 116.5613527 34.9684427)"
1180484335,,,residential,False,False,523.8,"LINESTRING (116.5580776 34.9674363, 116.5580562 34.9675462, 116.5582734 34.9721421)"
