osmid,highway,oneway,reversed,length,geometry
82659143,residential,False,False,331.571,"LINESTRING (123.6635333 52.1211153, 123.6621134 52.1239669)"
82659143,residential,False,True,331.571,"LINESTRING (123.6621134 52.1239669, 123.6635333 52.1211153)"
674506906,residential,False,False,594.341,"LINESTRING (123.6621134 52.1239669, 123.6703477 52.1257025)"
674506906,residential,False,True,594.341,"LINESTRING (123.6703477 52.1257025, 123.6621134 52.1239669)"
