osmid,name,highway,oneway,reversed,length,geometry,lanes
392773403,殷汇大道,secondary,False,False,396.199,"LINESTRING (117.5676972 30.6918435, 117.5678081 30.6913771, 117.5677835 30.6907095, 117.5677095 30.6903385, 117.5675986 30.689851, 117.5673398 30.6893211, 117.5671426 30.6887488, 117.5670751 30.688379)",
"[396654258, 1071669604]","['梅林路', '梅街大道']",tertiary,False,"[False, True]",751.48,"LINESTRING (117.5676972 30.6918435, 117.567195 30.6919733, 117.5665863 30.6920463, 117.5660317 30.6920731, 117.565482 30.6920707, 117.565029 30.6920342, 117.5642929 30.6919368, 117.5640231 30.6917733, 117.5642303 30.6914062, 117.5643833 30.6911323, 117.5645119 30.6908741, 117.5646135 30.6906439, 117.5646996 30.690421, 117.5648661 30.6899165, 117.5649527 30.6895836, 117.5650158 30.6892025, 117.5650583 30.6888456, 117.5650225 30.688417)",4
396644021,万罗路,tertiary,False,False,279.96799999999996,"LINESTRING (117.562163 30.6879192, 117.5629553 30.6881402, 117.563543 30.6882546, 117.5639163 30.6883103, 117.564618 30.6883891, 117.5650225 30.688417)",
396644021,万罗路,tertiary,False,True,196.321,"LINESTRING (117.5670751 30.688379, 117.5650225 30.688417)",
392773403,殷汇大道,secondary,False,True,396.19900000000007,"LINESTRING (117.5670751 30.688379, 117.5671426 30.6887488, 117.5673398 30.6893211, 117.5675986 30.689851, 117.5677095 30.6903385, 117.5677835 30.6907095, 117.5678081 30.6913771, 117.5676972 30.6918435)",
396644021,万罗路,tertiary,False,False,196.321,"LINESTRING (117.5650225 30.688417, 117.5670751 30.688379)",
396644021,万罗路,tertiary,False,True,279.968,"LINESTRING (117.5650225 30.688417, 117.564618 30.6883891, 117.5639163 30.6883103, 117.563543 30.6882546, 117.5629553 30.6881402, 117.562163 30.6879192)",
"[396654258, 1071669604]","['梅林路', '梅街大道']",tertiary,False,"[False, True]",751.4800000000001,"LINESTRING (117.5650225 30.688417, 117.5650583 30.6888456, 117.5650158 30.6892025, 117.5649527 30.6895836, 117.5648661 30.6899165, 117.5646996 30.690421, 117.5646135 30.6906439, 117.5645119 30.6908741, 117.5643833 30.6911323, 117.5642303 30.6914062, 117.5640231 30.6917733, 117.5642929 30.6919368, 117.565029 30.6920342, 117.565482 30.6920707, 117.5660317 30.6920731, 117.5665863 30.6920463, 117.567195 30.6919733, 117.5676972 30.6918435)",4
