osmid,name,highway,oneway,reversed,length,geometry
288487847,邹两路,tertiary,False,False,206.946,"LINESTRING (116.8142279 35.222159, 116.8165017 35.2222746)"
288487847,邹两路,tertiary,False,False,16.069,"LINESTRING (116.8165017 35.2222746, 116.8166786 35.2222746)"
288487847,邹两路,tertiary,False,True,206.946,"LINESTRING (116.8165017 35.2222746, 116.8142279 35.222159)"
288487847,邹两路,tertiary,False,False,321.497,"LINESTRING (116.8166786 35.2222746, 116.8202141 35.2224078)"
288487847,邹两路,tertiary,False,True,16.069,"LINESTRING (116.8166786 35.2222746, 116.8165017 35.2222746)"
288487847,邹两路,tertiary,False,True,321.497,"LINESTRING (116.8202141 35.2224078, 116.8166786 35.2222746)"
