osmid,ref,highway,oneway,reversed,length,geometry
353903217,X808,secondary,False,False,40.184,"LINESTRING (83.9791723 46.6525669, 83.9792409 46.6529252)"
353903217,X808,secondary,False,True,40.184,"LINESTRING (83.9792409 46.6529252, 83.9791723 46.6525669)"
