osmid,highway,oneway,reversed,length,geometry
148185021,unclassified,False,True,392.112,"LINESTRING (44.6852338 37.7122263, 44.6865285 37.7121712, 44.6871251 37.712179, 44.6876477 37.7122531, 44.6879435 37.712335, 44.6882344 37.7124871, 44.6883774 37.7125651, 44.6884168 37.7126509, 44.6884218 37.7128889, 44.6884267 37.7131736, 44.6884711 37.7135051)"
148185053,tertiary,False,False,267.687,"LINESTRING (44.6852338 37.7122263, 44.6851777 37.7124559, 44.685076 37.7127958, 44.6849479 37.7131702, 44.6849084 37.7135017, 44.6848739 37.7137396, 44.6848197 37.7139541, 44.6847408 37.7142116, 44.6846784 37.7145886)"
148185021,unclassified,False,False,392.11199999999997,"LINESTRING (44.6884711 37.7135051, 44.6884267 37.7131736, 44.6884218 37.7128889, 44.6884168 37.7126509, 44.6883774 37.7125651, 44.6882344 37.7124871, 44.6879435 37.712335, 44.6876477 37.7122531, 44.6871251 37.712179, 44.6865285 37.7121712, 44.6852338 37.7122263)"
148185053,tertiary,False,True,267.68699999999995,"LINESTRING (44.6846784 37.7145886, 44.6847408 37.7142116, 44.6848197 37.7139541, 44.6848739 37.7137396, 44.6849084 37.7135017, 44.6849479 37.7131702, 44.685076 37.7127958, 44.6851777 37.7124559, 44.6852338 37.7122263)"
