osmid,highway,oneway,reversed,length,geometry
380439922,tertiary,False,False,238.603,"LINESTRING (45.1120722 37.3800041, 45.1121909 37.3791306, 45.1120564 37.3786718, 45.1118508 37.3778926)"
380439923,tertiary,False,True,594.059,"LINESTRING (45.1120722 37.3800041, 45.1130439 37.3792392, 45.1134328 37.378892, 45.1136344 37.3786478, 45.1140425 37.37819, 45.1144891 37.3779649, 45.1147771 37.3778848, 45.115022 37.3778886, 45.1154781 37.3780183, 45.1173362 37.3785639, 45.1174755 37.3786135)"
380439922,tertiary,False,True,238.603,"LINESTRING (45.1118508 37.3778926, 45.1120564 37.3786718, 45.1121909 37.3791306, 45.1120722 37.3800041)"
380439923,tertiary,False,False,594.059,"LINESTRING (45.1174755 37.3786135, 45.1173362 37.3785639, 45.1154781 37.3780183, 45.115022 37.3778886, 45.1147771 37.3778848, 45.1144891 37.3779649, 45.1140425 37.37819, 45.1136344 37.3786478, 45.1134328 37.378892, 45.1130439 37.3792392, 45.1120722 37.3800041)"
