osmid,highway,oneway,reversed,length,geometry
543048067,residential,False,False,146.52100000000002,"LINESTRING (59.4605394 33.0256853, 59.46005 33.0258313, 59.4597336 33.0257981, 59.4594964 33.0259904, 59.4593066 33.0262888)"
543048067,residential,False,True,146.521,"LINESTRING (59.4593066 33.0262888, 59.4594964 33.0259904, 59.4597336 33.0257981, 59.46005 33.0258313, 59.4605394 33.0256853)"
