osmid,highway,oneway,reversed,length,geometry
206328193,unclassified,False,False,117.242,"LINESTRING (36.6963763 47.3254688, 36.6970094 47.3264319)"
206328193,unclassified,False,True,117.242,"LINESTRING (36.6970094 47.3264319, 36.6963763 47.3254688)"
