osmid,highway,oneway,reversed,length,geometry,name
517897703,residential,False,True,116.56899999999999,"LINESTRING (37.8445009 48.3507391, 37.8447526 48.3512677, 37.8448326 48.3514511, 37.8449524 48.3517434)",
517897699,residential,False,True,407.50300000000004,"LINESTRING (37.8503498 48.3509948, 37.849741 48.3510867, 37.8465467 48.3515113, 37.8461325 48.351577, 37.8453328 48.3516792, 37.8451734 48.3517075, 37.8449524 48.3517434)",Шевченка вулиця
517897699,residential,False,False,407.50300000000004,"LINESTRING (37.8449524 48.3517434, 37.8451734 48.3517075, 37.8453328 48.3516792, 37.8461325 48.351577, 37.8465467 48.3515113, 37.849741 48.3510867, 37.8503498 48.3509948)",Шевченка вулиця
517897703,residential,False,False,116.56899999999999,"LINESTRING (37.8449524 48.3517434, 37.8448326 48.3514511, 37.8447526 48.3512677, 37.8445009 48.3507391)",
