osmid,name,highway,oneway,reversed,length,geometry
186763554,Миру вулиця,tertiary,False,True,529.788,"LINESTRING (38.3787054 49.0308094, 38.3785295 49.030834, 38.3758118 49.0312137, 38.3741525 49.0314455, 38.3740419 49.0314609, 38.3718219 49.0317711, 38.3715981 49.0318023)"
186763554,Миру вулиця,tertiary,False,False,416.448,"LINESTRING (38.3660112 49.0325828, 38.3663011 49.0325423, 38.3671225 49.0324276, 38.3673661 49.0323936, 38.3681697 49.0322813, 38.3683139 49.0322611, 38.3697689 49.0320579, 38.3713836 49.0318323, 38.3715981 49.0318023)"
844371436,Володимирська вулиця,tertiary,False,True,227.34499999999997,"LINESTRING (38.3660112 49.0325828, 38.3660577 49.0327178, 38.366518 49.0340537, 38.3665503 49.0341474, 38.3666984 49.0345771)"
72658267,Переможців проспект,tertiary,False,True,230.76600000000002,"LINESTRING (38.3715981 49.0318023, 38.3716395 49.0319331, 38.3717961 49.0324284, 38.3718252 49.0325204, 38.3720408 49.033202, 38.3722408 49.0338344)"
186763554,Миру вулиця,tertiary,False,False,529.788,"LINESTRING (38.3715981 49.0318023, 38.3718219 49.0317711, 38.3740419 49.0314609, 38.3741525 49.0314455, 38.3758118 49.0312137, 38.3785295 49.030834, 38.3787054 49.0308094)"
186763554,Миру вулиця,tertiary,False,True,416.448,"LINESTRING (38.3715981 49.0318023, 38.3713836 49.0318323, 38.3697689 49.0320579, 38.3683139 49.0322611, 38.3681697 49.0322813, 38.3673661 49.0323936, 38.3671225 49.0324276, 38.3663011 49.0325423, 38.3660112 49.0325828)"
72658267,Переможців проспект,tertiary,False,False,230.76600000000002,"LINESTRING (38.3722408 49.0338344, 38.3720408 49.033202, 38.3718252 49.0325204, 38.3717961 49.0324284, 38.3716395 49.0319331, 38.3715981 49.0318023)"
844371436,Володимирська вулиця,tertiary,False,False,227.345,"LINESTRING (38.3666984 49.0345771, 38.3665503 49.0341474, 38.366518 49.0340537, 38.3660577 49.0327178, 38.3660112 49.0325828)"
