osmid,lanes,ref,highway,oneway,reversed,length,geometry
179609790,2,NH125,trunk,False,True,193.2,"LINESTRING (72.4957532 26.3897422, 72.4942663 26.3908579)"
32512304,,SH28A,primary,False,False,226.971,"LINESTRING (72.4903702 26.3917935, 72.4913568 26.3919346, 72.4916423 26.3920766, 72.4920117 26.3924456, 72.4922958 26.3926975)"
32512304,,SH28A,primary,False,True,226.971,"LINESTRING (72.4922958 26.3926975, 72.4920117 26.3924456, 72.4916423 26.3920766, 72.4913568 26.3919346, 72.4903702 26.3917935)"
179609790,2,NH125,trunk,False,False,289.059,"LINESTRING (72.4922958 26.3926975, 72.4923528 26.3925018, 72.4925018 26.3922521, 72.4928036 26.3919254, 72.4932749 26.3915898, 72.4939411 26.3911019, 72.4942663 26.3908579)"
179609790,2,NH125,trunk,False,False,193.2,"LINESTRING (72.4942663 26.3908579, 72.4957532 26.3897422)"
179609790,2,NH125,trunk,False,True,289.05899999999997,"LINESTRING (72.4942663 26.3908579, 72.4939411 26.3911019, 72.4932749 26.3915898, 72.4928036 26.3919254, 72.4925018 26.3922521, 72.4923528 26.3925018, 72.4922958 26.3926975)"
