osmid,highway,oneway,reversed,length,geometry
429433709,tertiary,False,True,114.479,"LINESTRING (85.4772484 24.2611739, 85.4772842 24.2612173, 85.4773373 24.2612761, 85.4774564 24.2614118, 85.4775149 24.2615334, 85.4775667 24.2617038, 85.4775945 24.261897, 85.4775918 24.2621178)"
429433709,tertiary,False,False,114.479,"LINESTRING (85.4775918 24.2621178, 85.4775945 24.261897, 85.4775667 24.2617038, 85.4775149 24.2615334, 85.4774564 24.2614118, 85.4773373 24.2612761, 85.4772842 24.2612173, 85.4772484 24.2611739)"
