osmid,ref,highway,oneway,reversed,length,geometry
198117604,MDR74,secondary,False,False,356.509,"LINESTRING (74.7689219 26.0517261, 74.7688329 26.0519576, 74.7686137 26.0525613, 74.7681007 26.0536683, 74.7680918 26.054005, 74.7681758 26.0544282, 74.7681802 26.0546537, 74.768114 26.0547748)"
198117604,MDR74,secondary,False,True,356.509,"LINESTRING (74.768114 26.0547748, 74.7681802 26.0546537, 74.7681758 26.0544282, 74.7680918 26.054005, 74.7681007 26.0536683, 74.7686137 26.0525613, 74.7688329 26.0519576, 74.7689219 26.0517261)"
859025035,,unclassified,False,True,667.6029999999998,"LINESTRING (74.768114 26.0547748, 74.7682513 26.0547865, 74.7686309 26.0547745, 74.7688897 26.0547227, 74.7693913 26.0545492, 74.7698311 26.0543251, 74.770444 26.0541407, 74.770955 26.053966, 74.7710703 26.053901, 74.7711454 26.0538215, 74.7711723 26.0537034, 74.7713292 26.0537299, 74.7716913 26.0538335, 74.7721687 26.0539612, 74.7725335 26.0540673, 74.7727373 26.0541034, 74.7730753 26.0541203, 74.7733971 26.054101, 74.7735393 26.0546094, 74.7736949 26.0549444)"
859025035,,unclassified,False,False,667.603,"LINESTRING (74.7736949 26.0549444, 74.7735393 26.0546094, 74.7733971 26.054101, 74.7730753 26.0541203, 74.7727373 26.0541034, 74.7725335 26.0540673, 74.7721687 26.0539612, 74.7716913 26.0538335, 74.7713292 26.0537299, 74.7711723 26.0537034, 74.7711454 26.0538215, 74.7710703 26.053901, 74.770955 26.053966, 74.770444 26.0541407, 74.7698311 26.0543251, 74.7693913 26.0545492, 74.7688897 26.0547227, 74.7686309 26.0547745, 74.7682513 26.0547865, 74.768114 26.0547748)"
