osmid,highway,oneway,reversed,length,geometry
262741742,residential,False,True,592.415,"LINESTRING (73.8054483 26.473835, 73.8048742 26.473533, 73.8042734 26.4729184, 73.803694 26.4718427, 73.8033185 26.4705366, 73.8030718 26.4691824)"
262741742,residential,False,False,592.415,"LINESTRING (73.8030718 26.4691824, 73.8033185 26.4705366, 73.803694 26.4718427, 73.8042734 26.4729184, 73.8048742 26.473533, 73.8054483 26.473835)"
262741742,residential,False,True,138.937,"LINESTRING (73.8030718 26.4691824, 73.8025782 26.4685485, 73.8021062 26.4683276)"
262741742,residential,False,False,138.937,"LINESTRING (73.8021062 26.4683276, 73.8025782 26.4685485, 73.8030718 26.4691824)"
