osmid,ref,highway,oneway,reversed,length,geometry
220172017,SH9A,primary,False,True,67.42599999999999,"LINESTRING (75.8898249 24.765315, 75.8896184 24.7652877, 75.8893432 24.765397, 75.8891973 24.7654538)"
220172017,SH9A,primary,False,False,67.42599999999999,"LINESTRING (75.8891973 24.7654538, 75.8893432 24.765397, 75.8896184 24.7652877, 75.8898249 24.765315)"
