osmid,ref,highway,oneway,reversed,length,geometry
169386065,NH162,trunk,False,True,371.758,"LINESTRING (73.5693228 25.2797371, 73.5695047 25.2799678, 73.5697601 25.2803066, 73.5703682 25.2810742, 73.5709325 25.2817715, 73.5712074 25.282097, 73.5713193 25.2822928, 73.5713769 25.282498)"
169386065,NH162,trunk,False,False,371.758,"LINESTRING (73.5713769 25.282498, 73.5713193 25.2822928, 73.5712074 25.282097, 73.5709325 25.2817715, 73.5703682 25.2810742, 73.5697601 25.2803066, 73.5695047 25.2799678, 73.5693228 25.2797371)"
