osmid,ref,highway,oneway,reversed,length,geometry
308706303,SH159,primary,False,True,298.298,"LINESTRING (76.1341949 18.0679385, 76.1334284 18.0681345, 76.1321756 18.0683817, 76.1317716 18.0684706, 76.1316749 18.0684889, 76.1315439 18.068493, 76.1314461 18.0684588)"
308706303,SH159,primary,False,False,298.298,"LINESTRING (76.1314461 18.0684588, 76.1315439 18.068493, 76.1316749 18.0684889, 76.1317716 18.0684706, 76.1321756 18.0683817, 76.1334284 18.0681345, 76.1341949 18.0679385)"
