osmid,ref,highway,oneway,reversed,length,geometry
179556561,SH34A,primary,False,False,399.86799999999994,"LINESTRING (75.5991022 25.87271, 75.599002 25.8726169, 75.5987562 25.8723463, 75.5986204 25.8720466, 75.5983876 25.8716306, 75.5981192 25.8711214, 75.5979187 25.8707752, 75.5977797 25.8704813, 75.5977215 25.870266, 75.5977506 25.8701293, 75.5978023 25.8700246, 75.5979576 25.8698791, 75.5982906 25.8697423, 75.5983402 25.8697252)"
179556561,SH34A,primary,False,True,399.868,"LINESTRING (75.5983402 25.8697252, 75.5982906 25.8697423, 75.5979576 25.8698791, 75.5978023 25.8700246, 75.5977506 25.8701293, 75.5977215 25.870266, 75.5977797 25.8704813, 75.5979187 25.8707752, 75.5981192 25.8711214, 75.5983876 25.8716306, 75.5986204 25.8720466, 75.5987562 25.8723463, 75.599002 25.8726169, 75.5991022 25.87271)"
