osmid,ref,highway,oneway,reversed,length,geometry
218284657,NH26,trunk,False,True,194.717,"LINESTRING (83.5522693 21.0444482, 83.552024 21.0427121)"
218284657,NH26,trunk,False,False,194.717,"LINESTRING (83.552024 21.0427121, 83.5522693 21.0444482)"
