osmid,lanes,ref,highway,oneway,reversed,length,geometry
128417742,2,SH37B,primary,False,True,195.723,"LINESTRING (75.6357442 27.6942888, 75.6354742 27.6943737, 75.6337982 27.694633)"
128417742,2,SH37B,primary,False,False,195.723,"LINESTRING (75.6337982 27.694633, 75.6354742 27.6943737, 75.6357442 27.6942888)"
