osmid,highway,oneway,reversed,length,geometry
963910911,residential,False,True,60.227000000000004,"LINESTRING (78.1110917 23.6750161, 78.1112045 23.675264, 78.1112248 23.6752867, 78.1112496 23.675297, 78.1114864 23.6753259)"
963910911,residential,False,False,60.227,"LINESTRING (78.1114864 23.6753259, 78.1112496 23.675297, 78.1112248 23.6752867, 78.1112045 23.675264, 78.1110917 23.6750161)"
