osmid,highway,oneway,reversed,length,geometry
1202566577,unclassified,False,True,39.215,"LINESTRING (75.8036921 20.7366768, 75.8036851 20.7365875, 75.8036355 20.7364749, 75.8035541 20.7363558)"
1202566577,unclassified,False,False,39.215,"LINESTRING (75.8035541 20.7363558, 75.8036355 20.7364749, 75.8036851 20.7365875, 75.8036921 20.7366768)"
