osmid,ref,highway,oneway,reversed,length,geometry
155258761,SH38,primary,False,False,572.6969999999999,"LINESTRING (72.7498475 24.993211, 72.7497226 24.9934167, 72.7495804 24.9935602, 72.7494072 24.9936382, 72.7490462 24.9937252, 72.7476972 24.9936789, 72.7463171 24.9936305, 72.7445124 24.9935647, 72.7444061 24.9935597)"
155258761,SH38,primary,False,True,449.05300000000005,"LINESTRING (72.7498475 24.993211, 72.7499327 24.9930335, 72.7501429 24.9923792, 72.7509311 24.989775, 72.7510701 24.9893295)"
155258761,SH38,primary,False,False,449.05300000000005,"LINESTRING (72.7510701 24.9893295, 72.7509311 24.989775, 72.7501429 24.9923792, 72.7499327 24.9930335, 72.7498475 24.993211)"
155258761,SH38,primary,False,True,572.697,"LINESTRING (72.7444061 24.9935597, 72.7445124 24.9935647, 72.7463171 24.9936305, 72.7476972 24.9936789, 72.7490462 24.9937252, 72.7494072 24.9936382, 72.7495804 24.9935602, 72.7497226 24.9934167, 72.7498475 24.993211)"
