osmid,highway,oneway,reversed,length,geometry
1080288176,residential,False,False,227.301,"LINESTRING (77.6157819 26.2991849, 77.6160982 26.2990638, 77.6165413 26.2988761, 77.6170602 26.2985387, 77.6176489 26.2980463)"
1080288176,residential,False,True,227.301,"LINESTRING (77.6176489 26.2980463, 77.6170602 26.2985387, 77.6165413 26.2988761, 77.6160982 26.2990638, 77.6157819 26.2991849)"
