osmid,highway,oneway,reversed,length,geometry
116462604,tertiary,False,True,34.256,"LINESTRING (87.7281755 25.1486408, 87.7282422 25.1483387)"
1078571033,residential,False,True,727.5469999999998,"LINESTRING (87.7281755 25.1486408, 87.7277961 25.1488343, 87.7274796 25.1490043, 87.7270263 25.1491573, 87.7268171 25.1491111, 87.7265784 25.1489509, 87.7262914 25.148878, 87.7257469 25.1488829, 87.7253875 25.148963, 87.7249825 25.1490577, 87.7243146 25.1489994, 87.7239391 25.148912, 87.7235126 25.1488003, 87.7230594 25.1487712, 87.7226651 25.148827, 87.722201 25.1489752, 87.7217478 25.1491038, 87.721281 25.1491791)"
1078571033,residential,False,False,727.5469999999999,"LINESTRING (87.721281 25.1491791, 87.7217478 25.1491038, 87.722201 25.1489752, 87.7226651 25.148827, 87.7230594 25.1487712, 87.7235126 25.1488003, 87.7239391 25.148912, 87.7243146 25.1489994, 87.7249825 25.1490577, 87.7253875 25.148963, 87.7257469 25.1488829, 87.7262914 25.148878, 87.7265784 25.1489509, 87.7268171 25.1491111, 87.7270263 25.1491573, 87.7274796 25.1490043, 87.7277961 25.1488343, 87.7281755 25.1486408)"
116462604,tertiary,False,False,34.256,"LINESTRING (87.7282422 25.1483387, 87.7281755 25.1486408)"
