osmid,ref,name,highway,oneway,reversed,length,geometry
232512812,MDR520,Uthiyur - Kundadam Road,secondary,False,True,259.534,"LINESTRING (77.4470388 10.8494686, 77.4470298 10.8515559, 77.4471769 10.8517559)"
243690249,,,tertiary,False,False,259.146,"LINESTRING (77.4470388 10.8494686, 77.4469823 10.8488971, 77.4470145 10.8479172, 77.4470145 10.8476432, 77.4468429 10.8475732, 77.446521 10.8475273)"
232512812,MDR520,Uthiyur - Kundadam Road,secondary,False,False,452.909,"LINESTRING (77.4500185 10.8544058, 77.4497579 10.8535355, 77.4494103 10.8531259, 77.4474815 10.8521702, 77.4471769 10.8517559)"
243690249,,,tertiary,False,True,259.146,"LINESTRING (77.446521 10.8475273, 77.4468429 10.8475732, 77.4470145 10.8476432, 77.4470145 10.8479172, 77.4469823 10.8488971, 77.4470388 10.8494686)"
232512812,MDR520,Uthiyur - Kundadam Road,secondary,False,False,259.534,"LINESTRING (77.4471769 10.8517559, 77.4470298 10.8515559, 77.4470388 10.8494686)"
232512812,MDR520,Uthiyur - Kundadam Road,secondary,False,True,452.909,"LINESTRING (77.4471769 10.8517559, 77.4474815 10.8521702, 77.4494103 10.8531259, 77.4497579 10.8535355, 77.4500185 10.8544058)"
985014335,,,unclassified,False,True,538.965,"LINESTRING (77.4471769 10.8517559, 77.4463387 10.8516621, 77.4460104 10.8516321, 77.4459095 10.8517464, 77.4454739 10.8525067, 77.4446006 10.8544017, 77.444429 10.8549681)"
985014335,,,unclassified,False,False,538.965,"LINESTRING (77.444429 10.8549681, 77.4446006 10.8544017, 77.4454739 10.8525067, 77.4459095 10.8517464, 77.4460104 10.8516321, 77.4463387 10.8516621, 77.4471769 10.8517559)"
