osmid,highway,oneway,reversed,length,geometry,bridge
312830866,unclassified,False,True,436.196,"LINESTRING (76.0712464 29.5861219, 76.0726783 29.5846372, 76.0726417 29.5826524)",
"[312830866, 312830821, 312823742]",unclassified,False,False,233.531,"LINESTRING (76.0719561 29.5808507, 76.0718984 29.5809603, 76.0718236 29.5812241, 76.0717852 29.5813838, 76.0718044 29.581577, 76.0719817 29.5818723, 76.0723256 29.5821509, 76.0725755 29.5823701, 76.0726481 29.5824723, 76.0726438 29.5825726, 76.0726417 29.5826524)",yes
312830866,unclassified,False,False,436.196,"LINESTRING (76.0726417 29.5826524, 76.0726783 29.5846372, 76.0712464 29.5861219)",
"[312830866, 312830821, 312823742]",unclassified,False,True,233.53099999999995,"LINESTRING (76.0726417 29.5826524, 76.0726438 29.5825726, 76.0726481 29.5824723, 76.0725755 29.5823701, 76.0723256 29.5821509, 76.0719817 29.5818723, 76.0718044 29.581577, 76.0717852 29.5813838, 76.0718236 29.5812241, 76.0718984 29.5809603, 76.0719561 29.5808507)",yes
