osmid,ref,highway,oneway,reversed,length,geometry
22838885,NH544D,trunk,False,False,171.27900000000002,"LINESTRING (78.1142919 15.2086032, 78.1146329 15.2092344, 78.1148421 15.2097226, 78.1149651 15.2098881, 78.1150095 15.209915, 78.1150549 15.209929)"
22838885,NH544D,trunk,False,True,171.279,"LINESTRING (78.1150549 15.209929, 78.1150095 15.209915, 78.1149651 15.2098881, 78.1148421 15.2097226, 78.1146329 15.2092344, 78.1142919 15.2086032)"
