osmid,ref,highway,oneway,reversed,length,geometry
214388439,NH43,trunk,False,True,234.72000000000003,"LINESTRING (83.4594754 22.5561375, 83.4594011 22.5562748, 83.4593296 22.5565335, 83.4591663 22.5571289, 83.4590335 22.5575953, 83.4588716 22.558091, 83.4588483 22.5581641)"
326542025,NH43,trunk,False,False,209.982,"LINESTRING (83.4594754 22.5561375, 83.4597415 22.5561773, 83.4602111 22.5562242, 83.4609351 22.5563074, 83.4615045 22.5563694)"
326542025,NH43,trunk,False,True,209.98199999999997,"LINESTRING (83.4615045 22.5563694, 83.4609351 22.5563074, 83.4602111 22.5562242, 83.4597415 22.5561773, 83.4594754 22.5561375)"
214388439,NH43,trunk,False,False,234.72000000000003,"LINESTRING (83.4588483 22.5581641, 83.4588716 22.558091, 83.4590335 22.5575953, 83.4591663 22.5571289, 83.4593296 22.5565335, 83.4594011 22.5562748, 83.4594754 22.5561375)"
