osmid,highway,oneway,reversed,length,geometry
"[484996065, 1251555188]",tertiary,False,"[False, True]",364.446,"LINESTRING (79.0346549 15.0011732, 79.0333675 15.001079, 79.0327916 15.0009305, 79.03205 15.0010167, 79.0312947 15.0009438)"
"[484996065, 1251555188]",tertiary,False,"[False, True]",364.446,"LINESTRING (79.0312947 15.0009438, 79.03205 15.0010167, 79.0327916 15.0009305, 79.0333675 15.001079, 79.0346549 15.0011732)"
