osmid,highway,oneway,reversed,length,geometry
828003927,unclassified,False,False,437.51200000000006,"LINESTRING (81.9413022 25.8957931, 81.9411233 25.8963379, 81.9410375 25.8964094, 81.9391385 25.8971477, 81.9376445 25.897541)"
828003927,unclassified,False,True,437.51200000000006,"LINESTRING (81.9376445 25.897541, 81.9391385 25.8971477, 81.9410375 25.8964094, 81.9411233 25.8963379, 81.9413022 25.8957931)"
