osmid,highway,oneway,reversed,length,geometry
1014218053,residential,False,False,704.5139999999999,"LINESTRING (87.497334 25.9979852, 87.4976361 25.9986262, 87.4976767 25.9987504, 87.4977661 25.9993424, 87.4978353 25.999441, 87.4981768 25.9997224, 87.4982825 25.9997845, 87.4987825 26.0000001, 87.4988557 26.0000513, 87.4991728 26.0003984, 87.4992826 26.0004751, 87.5006282 26.0012132, 87.5012706 26.0016992, 87.501299 26.0017869, 87.5012787 26.0018527, 87.5011324 26.0020208, 87.5011161 26.0021121, 87.5011974 26.0025798)"
1014218053,residential,False,True,704.514,"LINESTRING (87.5011974 26.0025798, 87.5011161 26.0021121, 87.5011324 26.0020208, 87.5012787 26.0018527, 87.501299 26.0017869, 87.5012706 26.0016992, 87.5006282 26.0012132, 87.4992826 26.0004751, 87.4991728 26.0003984, 87.4988557 26.0000513, 87.4987825 26.0000001, 87.4982825 25.9997845, 87.4981768 25.9997224, 87.4978353 25.999441, 87.4977661 25.9993424, 87.4976767 25.9987504, 87.4976361 25.9986262, 87.497334 25.9979852)"
