osmid,highway,oneway,reversed,length,geometry
1253844953,residential,False,True,418.38800000000003,"LINESTRING (79.5349538 13.4160999, 79.533973 13.415678, 79.5330341 13.415678, 79.5312198 13.4152934)"
1253844953,residential,False,False,418.38800000000003,"LINESTRING (79.5312198 13.4152934, 79.5330341 13.415678, 79.533973 13.415678, 79.5349538 13.4160999)"
