osmid,highway,oneway,reversed,length,geometry
300369755,unclassified,False,True,105.10300000000001,"LINESTRING (77.2299035 30.4162053, 77.2301208 30.4165352, 77.2297784 30.416973, 77.2297528 30.4170036)"
300369755,unclassified,False,False,105.10300000000001,"LINESTRING (77.2297528 30.4170036, 77.2297784 30.416973, 77.2301208 30.4165352, 77.2299035 30.4162053)"
300369755,unclassified,False,True,128.133,"LINESTRING (77.2297528 30.4170036, 77.2292588 30.4175962, 77.2288314 30.4176104, 77.2287692 30.4176099)"
300369821,unclassified,False,False,292.41700000000003,"LINESTRING (77.2297528 30.4170036, 77.2299546 30.4171899, 77.2300845 30.417367, 77.2302876 30.4178802, 77.2305379 30.4183853, 77.2304907 30.4187111, 77.2301318 30.4193892)"
300369755,unclassified,False,False,128.13299999999998,"LINESTRING (77.2287692 30.4176099, 77.2288314 30.4176104, 77.2292588 30.4175962, 77.2297528 30.4170036)"
300369825,unclassified,False,False,244.60500000000002,"LINESTRING (77.2287692 30.4176099, 77.228866 30.418147, 77.2289817 30.4182957, 77.2291753 30.4184769, 77.2293973 30.4186602, 77.2297397 30.4190003, 77.2301318 30.4193892)"
300369821,unclassified,False,True,292.41700000000003,"LINESTRING (77.2301318 30.4193892, 77.2304907 30.4187111, 77.2305379 30.4183853, 77.2302876 30.4178802, 77.2300845 30.417367, 77.2299546 30.4171899, 77.2297528 30.4170036)"
300369825,unclassified,False,True,244.605,"LINESTRING (77.2301318 30.4193892, 77.2297397 30.4190003, 77.2293973 30.4186602, 77.2291753 30.4184769, 77.2289817 30.4182957, 77.228866 30.418147, 77.2287692 30.4176099)"
