osmid,highway,oneway,reversed,length,geometry,ref
544622140,residential,False,True,556.5840000000001,"LINESTRING (75.2399781 33.7895246, 75.2399111 33.7899303, 75.2399352 33.7901109, 75.2400103 33.7904096, 75.2399887 33.7905475, 75.2399781 33.7906147, 75.2400023 33.7906347, 75.2401417 33.7906347, 75.2405092 33.7906147, 75.2408043 33.7906102, 75.2411717 33.7906682, 75.2413863 33.790637, 75.2417672 33.7904854, 75.241963 33.7903405, 75.2422339 33.7903004, 75.2423733 33.7903962, 75.242722 33.7905367, 75.2430788 33.7905969, 75.2436018 33.7906504, 75.2441114 33.7906749, 75.2444467 33.7906459)",
544622132,trunk,False,False,59.214,"LINESTRING (75.2444467 33.7906459, 75.2446951 33.7908789, 75.2447766 33.7910895)",NH501
544622132,trunk,False,True,432.74499999999995,"LINESTRING (75.2444467 33.7906459, 75.2442053 33.7903895, 75.2435079 33.7894578, 75.2432772 33.789081, 75.2431177 33.7887623, 75.2430359 33.7885171, 75.2430243 33.7884025, 75.243013 33.7882911, 75.2429929 33.7876053, 75.2429637 33.7873767, 75.2429075 33.7872066, 75.2428669 33.7870837)",NH501
544622140,residential,False,False,556.584,"LINESTRING (75.2444467 33.7906459, 75.2441114 33.7906749, 75.2436018 33.7906504, 75.2430788 33.7905969, 75.242722 33.7905367, 75.2423733 33.7903962, 75.2422339 33.7903004, 75.241963 33.7903405, 75.2417672 33.7904854, 75.2413863 33.790637, 75.2411717 33.7906682, 75.2408043 33.7906102, 75.2405092 33.7906147, 75.2401417 33.7906347, 75.2400023 33.7906347, 75.2399781 33.7906147, 75.2399887 33.7905475, 75.2400103 33.7904096, 75.2399352 33.7901109, 75.2399111 33.7899303, 75.2399781 33.7895246)",
544622132,trunk,False,True,59.214,"LINESTRING (75.2447766 33.7910895, 75.2446951 33.7908789, 75.2444467 33.7906459)",NH501
544622132,trunk,False,False,432.745,"LINESTRING (75.2428669 33.7870837, 75.2429075 33.7872066, 75.2429637 33.7873767, 75.2429929 33.7876053, 75.243013 33.7882911, 75.2430243 33.7884025, 75.2430359 33.7885171, 75.2431177 33.7887623, 75.2432772 33.789081, 75.2435079 33.7894578, 75.2442053 33.7903895, 75.2444467 33.7906459)",NH501
