osmid,highway,oneway,reversed,length,geometry
231953193,tertiary,False,False,413.492,"LINESTRING (75.6006473 27.464714, 75.6000193 27.4647488, 75.598384 27.464861, 75.5964696 27.465008)"
231953193,tertiary,False,True,233.728,"LINESTRING (75.6006473 27.464714, 75.6008228 27.4660328, 75.6000073 27.4663076)"
788392947,tertiary,False,True,188.562,"LINESTRING (75.5964696 27.465008, 75.5966052 27.4666995)"
231953193,tertiary,False,True,413.492,"LINESTRING (75.5964696 27.465008, 75.598384 27.464861, 75.6000193 27.4647488, 75.6006473 27.464714)"
231953193,tertiary,False,False,233.728,"LINESTRING (75.6000073 27.4663076, 75.6008228 27.4660328, 75.6006473 27.464714)"
788392941,tertiary,False,True,339.366,"LINESTRING (75.6000073 27.4663076, 75.5996007 27.4664221, 75.5987799 27.466534, 75.5966052 27.4666995)"
788392947,tertiary,False,False,188.562,"LINESTRING (75.5966052 27.4666995, 75.5964696 27.465008)"
788392941,tertiary,False,False,339.36600000000004,"LINESTRING (75.5966052 27.4666995, 75.5987799 27.466534, 75.5996007 27.4664221, 75.6000073 27.4663076)"
