osmid,highway,oneway,reversed,length,geometry
1127985765,unclassified,False,True,126.782,"LINESTRING (94.1410576 24.8633235, 94.14068 24.863452, 94.1403088 24.863563, 94.1401564 24.8636058, 94.1400191 24.8636584, 94.1398913 24.8637363)"
1127985765,unclassified,False,False,126.782,"LINESTRING (94.1398913 24.8637363, 94.1400191 24.8636584, 94.1401564 24.8636058, 94.1403088 24.863563, 94.14068 24.863452, 94.1410576 24.8633235)"
1127985769,residential,False,False,170.622,"LINESTRING (94.1398913 24.8637363, 94.1399925 24.8632849, 94.1400138 24.8632299, 94.1400654 24.8631693, 94.1401503 24.8631197, 94.1404326 24.862949, 94.1404841 24.8629132, 94.1405266 24.8628637, 94.1405388 24.8628196, 94.1405418 24.8627701, 94.1404993 24.8626682, 94.1403749 24.8624865)"
1127985769,residential,False,True,170.62199999999999,"LINESTRING (94.1403749 24.8624865, 94.1404993 24.8626682, 94.1405418 24.8627701, 94.1405388 24.8628196, 94.1405266 24.8628637, 94.1404841 24.8629132, 94.1404326 24.862949, 94.1401503 24.8631197, 94.1400654 24.8631693, 94.1400138 24.8632299, 94.1399925 24.8632849, 94.1398913 24.8637363)"
