osmid,highway,oneway,reversed,length,geometry,ref
440984210,residential,False,False,246.43599999999995,"LINESTRING (77.2325463 20.2841368, 77.232574 20.2842668, 77.2326788 20.2846223, 77.2327805 20.284894, 77.2327682 20.2850703, 77.2327558 20.285261, 77.2328082 20.2855298, 77.2328852 20.2857147, 77.2328544 20.2858794, 77.2327774 20.2861135, 77.2326667 20.2862546)",
314978180,secondary,False,True,27.42,"LINESTRING (77.2326667 20.2862546, 77.2327095 20.2864979)",MDR43
440984210,residential,False,True,246.43600000000004,"LINESTRING (77.2326667 20.2862546, 77.2327774 20.2861135, 77.2328544 20.2858794, 77.2328852 20.2857147, 77.2328082 20.2855298, 77.2327558 20.285261, 77.2327682 20.2850703, 77.2327805 20.284894, 77.2326788 20.2846223, 77.232574 20.2842668, 77.2325463 20.2841368)",
314978180,secondary,False,False,27.42,"LINESTRING (77.2327095 20.2864979, 77.2326667 20.2862546)",MDR43
