osmid,name,highway,oneway,reversed,length,geometry
307642745,Route Ambohimanga,tertiary,False,False,222.322,"LINESTRING (47.6379835 -21.1794452, 47.638031 -21.1793237, 47.6381685 -21.1789655, 47.638341 -21.1785666, 47.6384106 -21.1784057, 47.6387863 -21.1775919)"
307642745,Route Ambohimanga,tertiary,False,True,150.45399999999998,"LINESTRING (47.6379835 -21.1794452, 47.637959 -21.1796663, 47.6378602 -21.1799466, 47.6378636 -21.1800088, 47.6378063 -21.180198, 47.6377265 -21.1804493, 47.6376665 -21.180661, 47.637631 -21.1807509)"
307642745,Route Ambohimanga,tertiary,False,False,150.454,"LINESTRING (47.637631 -21.1807509, 47.6376665 -21.180661, 47.6377265 -21.1804493, 47.6378063 -21.180198, 47.6378636 -21.1800088, 47.6378602 -21.1799466, 47.637959 -21.1796663, 47.6379835 -21.1794452)"
307642745,Route Ambohimanga,tertiary,False,True,222.322,"LINESTRING (47.6387863 -21.1775919, 47.6384106 -21.1784057, 47.638341 -21.1785666, 47.6381685 -21.1789655, 47.638031 -21.1793237, 47.6379835 -21.1794452)"
676468988,,residential,False,False,175.76399999999998,"LINESTRING (47.6387863 -21.1775919, 47.6386471 -21.1776092, 47.6384379 -21.1777093, 47.6381375 -21.1778043, 47.6379015 -21.1777443, 47.6376493 -21.1776642, 47.6375528 -21.1775692, 47.6375096 -21.1774698, 47.6374759 -21.1773986, 47.6374018 -21.1773693, 47.6373299 -21.1773651)"
676468988,,residential,False,True,175.764,"LINESTRING (47.6373299 -21.1773651, 47.6374018 -21.1773693, 47.6374759 -21.1773986, 47.6375096 -21.1774698, 47.6375528 -21.1775692, 47.6376493 -21.1776642, 47.6379015 -21.1777443, 47.6381375 -21.1778043, 47.6384379 -21.1777093, 47.6386471 -21.1776092, 47.6387863 -21.1775919)"
