osmid,highway,oneway,reversed,length,geometry
228790091,residential,False,True,202.43699999999998,"LINESTRING (23.5317573 44.8171543, 23.5317828 44.8170344, 23.5317814 44.8169793, 23.5317712 44.816939, 23.5317605 44.8168838, 23.5317363 44.8168229, 23.5317041 44.8167601, 23.5316746 44.8166878, 23.5316612 44.8166345, 23.5316639 44.8165908, 23.5316719 44.8165394, 23.5316827 44.8164937, 23.5316988 44.8164519, 23.5317256 44.8164119, 23.5317814 44.8163685, 23.5318275 44.8163529, 23.5318812 44.8163453, 23.5319884 44.8163415, 23.5320877 44.8163462, 23.5321844 44.8163599, 23.5322889 44.8163796, 23.5323908 44.8164005, 23.5325007 44.8164386, 23.5326161 44.8164861, 23.5327122 44.816534, 23.5328241 44.8165944, 23.5328952 44.8166463, 23.5329415 44.8166882, 23.5329918 44.8167438)"
228790091,residential,False,False,202.437,"LINESTRING (23.5329918 44.8167438, 23.5329415 44.8166882, 23.5328952 44.8166463, 23.5328241 44.8165944, 23.5327122 44.816534, 23.5326161 44.8164861, 23.5325007 44.8164386, 23.5323908 44.8164005, 23.5322889 44.8163796, 23.5321844 44.8163599, 23.5320877 44.8163462, 23.5319884 44.8163415, 23.5318812 44.8163453, 23.5318275 44.8163529, 23.5317814 44.8163685, 23.5317256 44.8164119, 23.5316988 44.8164519, 23.5316827 44.8164937, 23.5316719 44.8165394, 23.5316639 44.8165908, 23.5316612 44.8166345, 23.5316746 44.8166878, 23.5317041 44.8167601, 23.5317363 44.8168229, 23.5317605 44.8168838, 23.5317712 44.816939, 23.5317814 44.8169793, 23.5317828 44.8170344, 23.5317573 44.8171543)"
228790091,residential,False,True,188.523,"LINESTRING (23.5329918 44.8167438, 23.5330246 44.8167976, 23.5330434 44.8168347, 23.5330828 44.8168838, 23.5331391 44.8169504, 23.5332057 44.8170064, 23.5332754 44.8170625, 23.5333659 44.817122, 23.5337958 44.817394, 23.5341257 44.8175995, 23.5342973 44.8177241, 23.5345763 44.8179924)"
719092031,residential,False,False,89.627,"LINESTRING (23.5329918 44.8167438, 23.5335141 44.8166834, 23.5341096 44.8165997)"
228790091,residential,False,False,188.523,"LINESTRING (23.5345763 44.8179924, 23.5342973 44.8177241, 23.5341257 44.8175995, 23.5337958 44.817394, 23.5333659 44.817122, 23.5332754 44.8170625, 23.5332057 44.8170064, 23.5331391 44.8169504, 23.5330828 44.8168838, 23.5330434 44.8168347, 23.5330246 44.8167976, 23.5329918 44.8167438)"
719092031,residential,False,True,89.627,"LINESTRING (23.5341096 44.8165997, 23.5335141 44.8166834, 23.5329918 44.8167438)"
