osmid,ref,highway,oneway,reversed,length,geometry
713805110,CW 1,secondary,False,True,371.371,"LINESTRING (1.7383442 35.4545987, 1.7382889 35.4551316, 1.7381608 35.4563056, 1.738042 35.4579291)"
713805110,CW 1,secondary,False,False,371.371,"LINESTRING (1.738042 35.4579291, 1.7381608 35.4563056, 1.7382889 35.4551316, 1.7383442 35.4545987)"
