osmid,highway,oneway,reversed,length,geometry
211315946,residential,False,False,36.268,"LINESTRING (7.542023 36.151085, 7.5424048 36.1511915)"
211315937,residential,False,True,75.85900000000001,"LINESTRING (7.542023 36.151085, 7.5422373 36.1507452, 7.5424333 36.1508576, 7.5425473 36.1509117)"
211315939,residential,False,False,33.64,"LINESTRING (7.5425473 36.1509117, 7.5424048 36.1511915)"
211315937,residential,False,False,75.85900000000001,"LINESTRING (7.5425473 36.1509117, 7.5424333 36.1508576, 7.5422373 36.1507452, 7.542023 36.151085)"
211315937,residential,False,True,31.777,"LINESTRING (7.5425473 36.1509117, 7.5427647 36.1510568, 7.5428058 36.1511044)"
211315939,residential,False,True,33.64,"LINESTRING (7.5424048 36.1511915, 7.5425473 36.1509117)"
211315946,residential,False,True,36.268,"LINESTRING (7.5424048 36.1511915, 7.542023 36.151085)"
211315937,residential,False,False,31.777,"LINESTRING (7.5428058 36.1511044, 7.5427647 36.1510568, 7.5425473 36.1509117)"
