osmid,highway,oneway,reversed,length,geometry
365983237,residential,False,False,31.914,"LINESTRING (27.4452946 -29.7866749, 27.4453333 -29.7866943, 27.4453698 -29.7867719, 27.4453881 -29.786816, 27.4454024 -29.7868583, 27.445439 -29.7868813, 27.4454731 -29.7868985)"
365983237,residential,False,True,126.022,"LINESTRING (27.4466078 -29.7868654, 27.4465021 -29.786973, 27.446435 -29.7870242, 27.4463618 -29.7870083, 27.4462541 -29.7869977, 27.4461179 -29.7869607, 27.4460183 -29.7869218, 27.4459858 -29.7869307, 27.4458862 -29.7869712, 27.4458374 -29.7869977, 27.4457317 -29.7870242, 27.4456402 -29.7870048, 27.4455447 -29.7869659, 27.4454877 -29.786906, 27.4454731 -29.7868985)"
365983237,residential,False,False,126.022,"LINESTRING (27.4454731 -29.7868985, 27.4454877 -29.786906, 27.4455447 -29.7869659, 27.4456402 -29.7870048, 27.4457317 -29.7870242, 27.4458374 -29.7869977, 27.4458862 -29.7869712, 27.4459858 -29.7869307, 27.4460183 -29.7869218, 27.4461179 -29.7869607, 27.4462541 -29.7869977, 27.4463618 -29.7870083, 27.446435 -29.7870242, 27.4465021 -29.786973, 27.4466078 -29.7868654)"
365983237,residential,False,True,31.913999999999998,"LINESTRING (27.4454731 -29.7868985, 27.445439 -29.7868813, 27.4454024 -29.7868583, 27.4453881 -29.786816, 27.4453698 -29.7867719, 27.4453333 -29.7866943, 27.4452946 -29.7866749)"
365983239,residential,False,False,80.30200000000002,"LINESTRING (27.4454731 -29.7868985, 27.4455487 -29.7868795, 27.4455975 -29.7868724, 27.4456321 -29.7868425, 27.4456666 -29.7867948, 27.4456849 -29.786786, 27.4457093 -29.7867789, 27.4457683 -29.7868072, 27.4458292 -29.7868195, 27.4458882 -29.7868301, 27.4459512 -29.7868795, 27.445998 -29.7868813, 27.4460833 -29.7868883, 27.4461585 -29.7868866, 27.4462175 -29.7868742)"
365983239,residential,False,True,80.302,"LINESTRING (27.4462175 -29.7868742, 27.4461585 -29.7868866, 27.4460833 -29.7868883, 27.445998 -29.7868813, 27.4459512 -29.7868795, 27.4458882 -29.7868301, 27.4458292 -29.7868195, 27.4457683 -29.7868072, 27.4457093 -29.7867789, 27.4456849 -29.786786, 27.4456666 -29.7867948, 27.4456321 -29.7868425, 27.4455975 -29.7868724, 27.4455487 -29.7868795, 27.4454731 -29.7868985)"
