osmid,ref,highway,oneway,reversed,length,geometry
169782935,63003,tertiary,False,True,241.897,"LINESTRING (14.9494015 44.4935301, 14.9496334 44.4935107, 14.950953 44.4931399, 14.952035 44.492745, 14.9521947 44.492682)"
236274909,,unclassified,False,True,66.445,"LINESTRING (14.9494015 44.4935301, 14.9493128 44.4936708, 14.9493477 44.4937783, 14.9494859 44.4939289, 14.9496699 44.4940074)"
185780110,,unclassified,False,False,192.506,"LINESTRING (14.9496699 44.4940074, 14.9499974 44.4940951, 14.9505211 44.4943477, 14.9506899 44.4944577, 14.9509233 44.4946389, 14.9510114 44.4947605, 14.9512846 44.4949386, 14.951513 44.4950875)"
236274909,,unclassified,False,False,66.445,"LINESTRING (14.9496699 44.4940074, 14.9494859 44.4939289, 14.9493477 44.4937783, 14.9493128 44.4936708, 14.9494015 44.4935301)"
236274909,,unclassified,False,True,125.635,"LINESTRING (14.9496699 44.4940074, 14.9495437 44.494096, 14.9494972 44.4941784, 14.9494317 44.4943567, 14.9493619 44.4944696, 14.9490827 44.4946573, 14.9487678 44.4949036)"
236274909,,unclassified,False,False,125.635,"LINESTRING (14.9487678 44.4949036, 14.9490827 44.4946573, 14.9493619 44.4944696, 14.9494317 44.4943567, 14.9494972 44.4941784, 14.9495437 44.494096, 14.9496699 44.4940074)"
185780110,,unclassified,False,True,192.50600000000003,"LINESTRING (14.951513 44.4950875, 14.9512846 44.4949386, 14.9510114 44.4947605, 14.9509233 44.4946389, 14.9506899 44.4944577, 14.9505211 44.4943477, 14.9499974 44.4940951, 14.9496699 44.4940074)"
169782935,63003,tertiary,False,False,241.89700000000002,"LINESTRING (14.9521947 44.492682, 14.952035 44.492745, 14.950953 44.4931399, 14.9496334 44.4935107, 14.9494015 44.4935301)"
