osmid,highway,oneway,reversed,length,geometry
1089415063,secondary,False,False,246.344,"LINESTRING (13.8696948 9.3120356, 13.869574 9.3120873, 13.8694467 9.3121336, 13.869326 9.3122143, 13.8689264 9.3123771, 13.8687479 9.3124525, 13.8686018 9.31252, 13.8684301 9.3126206, 13.8683349 9.3126577, 13.8681056 9.3128019, 13.8680157 9.3128575, 13.8677904 9.3129858, 13.8676952 9.3130269)"
1089415063,secondary,False,True,536.485,"LINESTRING (13.8696948 9.3120356, 13.8706845 9.3118279, 13.8722992 9.3116426, 13.8742626 9.3105547)"
572616496,residential,False,True,280.195,"LINESTRING (13.8713282 9.3111132, 13.871524 9.31101, 13.8718325 9.3108274, 13.8718865 9.3107941, 13.872047 9.310695, 13.8723662 9.3105256, 13.8726478 9.3103351, 13.8729027 9.3101815, 13.8731709 9.3100121, 13.873431 9.3097792, 13.8734455 9.3097355)"
572616598,residential,False,True,128.458,"LINESTRING (13.8742626 9.3105547, 13.8741794 9.3104515, 13.8739943 9.3102927, 13.8737369 9.3100703, 13.873533 9.3098056, 13.8734455 9.3097355)"
1089415063,secondary,False,False,536.485,"LINESTRING (13.8742626 9.3105547, 13.8722992 9.3116426, 13.8706845 9.3118279, 13.8696948 9.3120356)"
572616496,residential,False,False,280.195,"LINESTRING (13.8734455 9.3097355, 13.873431 9.3097792, 13.8731709 9.3100121, 13.8729027 9.3101815, 13.8726478 9.3103351, 13.8723662 9.3105256, 13.872047 9.310695, 13.8718865 9.3107941, 13.8718325 9.3108274, 13.871524 9.31101, 13.8713282 9.3111132)"
572616598,residential,False,False,128.458,"LINESTRING (13.8734455 9.3097355, 13.873533 9.3098056, 13.8737369 9.3100703, 13.8739943 9.3102927, 13.8741794 9.3104515, 13.8742626 9.3105547)"
1089415063,secondary,False,True,246.34400000000002,"LINESTRING (13.8676952 9.3130269, 13.8677904 9.3129858, 13.8680157 9.3128575, 13.8681056 9.3128019, 13.8683349 9.3126577, 13.8684301 9.3126206, 13.8686018 9.31252, 13.8687479 9.3124525, 13.8689264 9.3123771, 13.869326 9.3122143, 13.8694467 9.3121336, 13.869574 9.3120873, 13.8696948 9.3120356)"
