osmid,highway,oneway,reversed,length,geometry
432762705,residential,False,False,481.75300000000004,"LINESTRING (96.1765209 21.4597113, 96.1764887 21.4603903, 96.1764994 21.4611292, 96.1764887 21.4616883, 96.1764779 21.4620578, 96.1765423 21.4625071, 96.1766603 21.4631361, 96.1767676 21.463865, 96.1767985 21.4640199)"
432762705,residential,False,True,235.587,"LINESTRING (96.1768105 21.4660317, 96.1769607 21.4659718, 96.1769929 21.4656123, 96.1769715 21.4650332, 96.1769071 21.4645639, 96.1767985 21.4640199)"
432762705,residential,False,False,235.587,"LINESTRING (96.1767985 21.4640199, 96.1769071 21.4645639, 96.1769715 21.4650332, 96.1769929 21.4656123, 96.1769607 21.4659718, 96.1768105 21.4660317)"
432762705,residential,False,True,481.75299999999993,"LINESTRING (96.1767985 21.4640199, 96.1767676 21.463865, 96.1766603 21.4631361, 96.1765423 21.4625071, 96.1764779 21.4620578, 96.1764887 21.4616883, 96.1764994 21.4611292, 96.1764887 21.4603903, 96.1765209 21.4597113)"
