osmid,highway,oneway,reversed,length,geometry
939393129,residential,False,False,51.485,"LINESTRING (106.3685693 20.8887835, 106.3686864 20.8892334)"
939393129,residential,False,True,51.485,"LINESTRING (106.3686864 20.8892334, 106.3685693 20.8887835)"
939393130,residential,False,False,32.713,"LINESTRING (106.3686864 20.8892334, 106.3683834 20.8893135)"
939393130,residential,False,True,239.40800000000002,"LINESTRING (106.3686864 20.8892334, 106.3703463 20.8888095, 106.3704012 20.8887924, 106.370639 20.8886842, 106.3706837 20.8886671, 106.370889 20.8886139)"
939393130,residential,False,False,239.40800000000002,"LINESTRING (106.370889 20.8886139, 106.3706837 20.8886671, 106.370639 20.8886842, 106.3704012 20.8887924, 106.3703463 20.8888095, 106.3686864 20.8892334)"
939393130,residential,False,True,32.713,"LINESTRING (106.3683834 20.8893135, 106.3686864 20.8892334)"
