osmid,highway,oneway,reversed,length,geometry
874497094,residential,False,False,60.129000000000005,"LINESTRING (104.1597877 21.2245866, 104.1598065 21.2242853, 104.1597784 21.2240478)"
874497094,residential,False,True,60.129000000000005,"LINESTRING (104.1597784 21.2240478, 104.1598065 21.2242853, 104.1597877 21.2245866)"
874497095,residential,False,False,340.058,"LINESTRING (104.1597784 21.2240478, 104.1595142 21.2241828, 104.1591051 21.2245253, 104.1589617 21.2246153, 104.1588771 21.2246716, 104.1588342 21.2247166, 104.1587859 21.2247991, 104.1586277 21.2251191, 104.1585794 21.2251966, 104.1585392 21.2252892, 104.158515 21.2253542, 104.1585043 21.2254567, 104.1585204 21.2255667, 104.1585338 21.2256617, 104.1585204 21.2257392, 104.1584882 21.2258092, 104.1584319 21.2258442, 104.1583501 21.2258592, 104.1582683 21.2258567, 104.1576675 21.2258392)"
874497095,residential,False,True,72.47399999999999,"LINESTRING (104.1597784 21.2240478, 104.159954 21.2239278, 104.1600278 21.223874, 104.1601337 21.2238502, 104.1602477 21.2238465, 104.1604114 21.223864)"
874497095,residential,False,False,72.474,"LINESTRING (104.1604114 21.223864, 104.1602477 21.2238465, 104.1601337 21.2238502, 104.1600278 21.223874, 104.159954 21.2239278, 104.1597784 21.2240478)"
874497095,residential,False,True,340.05800000000005,"LINESTRING (104.1576675 21.2258392, 104.1582683 21.2258567, 104.1583501 21.2258592, 104.1584319 21.2258442, 104.1584882 21.2258092, 104.1585204 21.2257392, 104.1585338 21.2256617, 104.1585204 21.2255667, 104.1585043 21.2254567, 104.158515 21.2253542, 104.1585392 21.2252892, 104.1585794 21.2251966, 104.1586277 21.2251191, 104.1587859 21.2247991, 104.1588342 21.2247166, 104.1588771 21.2246716, 104.1589617 21.2246153, 104.1591051 21.2245253, 104.1595142 21.2241828, 104.1597784 21.2240478)"
