osmid,highway,oneway,reversed,length,geometry
968066469,residential,False,True,217.47500000000002,"LINESTRING (70.5004048 33.2411014, 70.5002332 33.2410475, 70.5000508 33.2402938, 70.4994534 33.2393891)"
968066469,residential,False,False,217.475,"LINESTRING (70.4994534 33.2393891, 70.5000508 33.2402938, 70.5002332 33.2410475, 70.5004048 33.2411014)"
971603522,residential,False,True,682.888,"LINESTRING (70.4994534 33.2393891, 70.4977977 33.2389612, 70.4974142 33.2390891, 70.4965907 33.2389926, 70.4953435 33.2386247, 70.4945978 33.2380841, 70.4939434 33.2381917, 70.4931246 33.2372532)"
971603522,residential,False,False,682.888,"LINESTRING (70.4931246 33.2372532, 70.4939434 33.2381917, 70.4945978 33.2380841, 70.4953435 33.2386247, 70.4965907 33.2389926, 70.4974142 33.2390891, 70.4977977 33.2389612, 70.4994534 33.2393891)"
