osmid,highway,oneway,reversed,length,geometry
256552300,tertiary,False,True,991.127,"LINESTRING (70.4613871 31.9322689, 70.4617733 31.9321413, 70.4637702 31.9314785, 70.4643507 31.9312831, 70.4648387 31.9310283, 70.4652165 31.9307331, 70.4659272 31.9298793, 70.4661024 31.9295353, 70.4660874 31.9292486, 70.4659022 31.928896, 70.4653917 31.9281379, 70.464656 31.9269464, 70.4640674 31.9261052)"
687239150,tertiary,False,True,126.80000000000001,"LINESTRING (70.4613871 31.9322689, 70.4613025 31.9323869, 70.4611924 31.9325865, 70.4610974 31.9328159, 70.4607996 31.9332916)"
687239150,tertiary,False,False,126.8,"LINESTRING (70.4607996 31.9332916, 70.4610974 31.9328159, 70.4611924 31.9325865, 70.4613025 31.9323869, 70.4613871 31.9322689)"
687239150,tertiary,False,True,131.643,"LINESTRING (70.4607996 31.9332916, 70.4602307 31.9339584, 70.4599839 31.934252)"
687239150,tertiary,False,False,131.643,"LINESTRING (70.4599839 31.934252, 70.4602307 31.9339584, 70.4607996 31.9332916)"
256552300,tertiary,False,False,991.1270000000001,"LINESTRING (70.4640674 31.9261052, 70.464656 31.9269464, 70.4653917 31.9281379, 70.4659022 31.928896, 70.4660874 31.9292486, 70.4661024 31.9295353, 70.4659272 31.9298793, 70.4652165 31.9307331, 70.4648387 31.9310283, 70.4643507 31.9312831, 70.4637702 31.9314785, 70.4617733 31.9321413, 70.4613871 31.9322689)"
