osmid,ref,highway,oneway,reversed,length,geometry
171779900,SH81B,primary,False,True,113.11699999999999,"LINESTRING (74.8141073 23.8814776, 74.813751 23.8815997, 74.8132735 23.8817869, 74.8130917 23.8818875)"
171779900,SH81B,primary,False,False,432.342,"LINESTRING (74.8105705 23.8847724, 74.8105739 23.8846076, 74.8107413 23.8840847, 74.8110428 23.8833297, 74.8111358 23.8832135, 74.8115811 23.8829486, 74.8121251 23.8825161, 74.8127961 23.882051, 74.8130917 23.8818875)"
189020729,,tertiary,False,True,394.84900000000005,"LINESTRING (74.8105705 23.8847724, 74.8104369 23.884383, 74.8101116 23.8836692, 74.8099282 23.8832907, 74.809804 23.8830852, 74.8096621 23.8829662, 74.8094078 23.8829229, 74.8091239 23.8829229, 74.808911 23.8829229, 74.8083018 23.8826201, 74.8080706 23.8825595)"
189020729,,tertiary,False,False,394.849,"LINESTRING (74.8080706 23.8825595, 74.8083018 23.8826201, 74.808911 23.8829229, 74.8091239 23.8829229, 74.8094078 23.8829229, 74.8096621 23.8829662, 74.809804 23.8830852, 74.8099282 23.8832907, 74.8101116 23.8836692, 74.8104369 23.884383, 74.8105705 23.8847724)"
171779900,SH81B,primary,False,False,113.117,"LINESTRING (74.8130917 23.8818875, 74.8132735 23.8817869, 74.813751 23.8815997, 74.8141073 23.8814776)"
171779900,SH81B,primary,False,True,432.34200000000004,"LINESTRING (74.8130917 23.8818875, 74.8127961 23.882051, 74.8121251 23.8825161, 74.8115811 23.8829486, 74.8111358 23.8832135, 74.8110428 23.8833297, 74.8107413 23.8840847, 74.8105739 23.8846076, 74.8105705 23.8847724)"
