osmid,highway,oneway,reversed,length,geometry
1204738417,residential,False,True,106.25,"LINESTRING (87.5063235 24.9031341, 87.50639 24.9031705, 87.5064522 24.9032046, 87.5068331 24.9034893, 87.506986 24.9036036, 87.5071804 24.903679)"
1204738417,residential,False,False,106.25000000000001,"LINESTRING (87.5071804 24.903679, 87.506986 24.9036036, 87.5068331 24.9034893, 87.5064522 24.9032046, 87.50639 24.9031705, 87.5063235 24.9031341)"
