osmid,highway,oneway,reversed,length,geometry
189791925,unclassified,False,False,13.556,"LINESTRING (76.5875147 27.1496191, 76.5876514 27.149611)"
189791925,unclassified,False,True,13.556,"LINESTRING (76.5876514 27.149611, 76.5875147 27.1496191)"
