osmid,ref,highway,oneway,reversed,length,geometry
329470142,SH3,primary,False,False,197.693,"LINESTRING (78.1170036 25.7975956, 78.1154497 25.7986927)"
329470142,SH3,primary,False,True,197.693,"LINESTRING (78.1154497 25.7986927, 78.1170036 25.7975956)"
