osmid,ref,highway,oneway,reversed,length,geometry
216870063,NH758,trunk,False,True,53.914,"LINESTRING (75.0055442 25.2630814, 75.0059881 25.2628095)"
216870063,NH758,trunk,False,False,53.914,"LINESTRING (75.0059881 25.2628095, 75.0055442 25.2630814)"
216870063,NH758,trunk,False,True,354.548,"LINESTRING (75.0059881 25.2628095, 75.0069172 25.2622405, 75.0074825 25.2618696, 75.007852 25.2616691, 75.00824 25.2615121, 75.0090322 25.2612354)"
216870063,NH758,trunk,False,False,354.548,"LINESTRING (75.0090322 25.2612354, 75.00824 25.2615121, 75.007852 25.2616691, 75.0074825 25.2618696, 75.0069172 25.2622405, 75.0059881 25.2628095)"
