osmid,highway,oneway,reversed,length,geometry
549418090,residential,False,False,83.09100000000001,"LINESTRING (83.2345213 21.7069762, 83.2348596 21.7068588, 83.2352855 21.706745)"
"[549418089, 549418090]",residential,False,True,333.179,"LINESTRING (83.2345213 21.7069762, 83.2345303 21.7064858, 83.2345258 21.7060583, 83.2344311 21.7057985, 83.2343995 21.7056853, 83.2346747 21.7055763, 83.2348506 21.7055973, 83.235013 21.7058865, 83.235004 21.7061463, 83.2350716 21.706381, 83.2352611 21.706687, 83.2352855 21.706745)"
549418091,residential,False,False,174.69,"LINESTRING (83.2345213 21.7069762, 83.2343546 21.7070483, 83.2341922 21.706977, 83.2340162 21.7069603, 83.2338448 21.7068639, 83.2335336 21.7060298)"
"[549418089, 549418090]",residential,False,False,333.17900000000003,"LINESTRING (83.2352855 21.706745, 83.2352611 21.706687, 83.2350716 21.706381, 83.235004 21.7061463, 83.235013 21.7058865, 83.2348506 21.7055973, 83.2346747 21.7055763, 83.2343995 21.7056853, 83.2344311 21.7057985, 83.2345258 21.7060583, 83.2345303 21.7064858, 83.2345213 21.7069762)"
549418090,residential,False,True,83.09100000000001,"LINESTRING (83.2352855 21.706745, 83.2348596 21.7068588, 83.2345213 21.7069762)"
549418091,residential,False,True,174.69000000000003,"LINESTRING (83.2335336 21.7060298, 83.2338448 21.7068639, 83.2340162 21.7069603, 83.2341922 21.706977, 83.2343546 21.7070483, 83.2345213 21.7069762)"
