osmid,lanes,ref,highway,oneway,reversed,length,geometry
200709485,2,SH37B,primary,False,False,181.51100000000002,"LINESTRING (75.5532249 27.7364903, 75.5534792 27.7364933, 75.5536702 27.7365778, 75.5546223 27.7374576)"
200709485,2,SH37B,primary,False,True,181.511,"LINESTRING (75.5546223 27.7374576, 75.5536702 27.7365778, 75.5534792 27.7364933, 75.5532249 27.7364903)"
