osmid,highway,oneway,reversed,length,geometry
1253605651,tertiary,False,False,120.946,"LINESTRING (79.1567682 13.1597883, 79.1564911 13.1600196, 79.1563904 13.1607453)"
1253605651,tertiary,False,True,120.946,"LINESTRING (79.1563904 13.1607453, 79.1564911 13.1600196, 79.1567682 13.1597883)"
