osmid,ref,highway,oneway,reversed,length,geometry
181047439,MDR173,secondary,False,True,367.339,"LINESTRING (71.658257 24.9102318, 71.6584638 24.910121, 71.6586964 24.9098823, 71.6587622 24.9097672, 71.658781 24.9096691, 71.6587857 24.9094474, 71.6588233 24.9091149, 71.6587834 24.9086247, 71.6588374 24.9080151, 71.6588915 24.9074864, 71.6589244 24.9073394, 71.6589879 24.9071501)"
181047439,MDR173,secondary,False,False,305.33299999999997,"LINESTRING (71.6605288 24.9050469, 71.660322 24.9051068, 71.6599648 24.9052091, 71.6597885 24.9052795, 71.6596922 24.9053584, 71.6595653 24.9054862, 71.6594525 24.9057697, 71.6593044 24.9061769, 71.6591893 24.9065328, 71.6590976 24.9068227, 71.6589879 24.9071501)"
181047439,MDR173,secondary,False,False,367.339,"LINESTRING (71.6589879 24.9071501, 71.6589244 24.9073394, 71.6588915 24.9074864, 71.6588374 24.9080151, 71.6587834 24.9086247, 71.6588233 24.9091149, 71.6587857 24.9094474, 71.658781 24.9096691, 71.6587622 24.9097672, 71.6586964 24.9098823, 71.6584638 24.910121, 71.658257 24.9102318)"
181047439,MDR173,secondary,False,True,305.333,"LINESTRING (71.6589879 24.9071501, 71.6590976 24.9068227, 71.6591893 24.9065328, 71.6593044 24.9061769, 71.6594525 24.9057697, 71.6595653 24.9054862, 71.6596922 24.9053584, 71.6597885 24.9052795, 71.6599648 24.9052091, 71.660322 24.9051068, 71.6605288 24.9050469)"
