osmid,highway,oneway,reversed,length,geometry
321090330,tertiary,False,False,755.279,"LINESTRING (72.5913316 21.7158541, 72.5873199 21.7101756)"
143289494,unclassified,False,False,250.938,"LINESTRING (72.589616 21.7095279, 72.5890749 21.709841, 72.5873199 21.7101756)"
321090330,tertiary,False,True,755.279,"LINESTRING (72.5873199 21.7101756, 72.5913316 21.7158541)"
143289494,unclassified,False,True,250.938,"LINESTRING (72.5873199 21.7101756, 72.5890749 21.709841, 72.589616 21.7095279)"
