osmid,highway,oneway,reversed,length,geometry
1188783712,residential,False,False,91.892,"LINESTRING (78.8074368 9.8986468, 78.8078284 9.8983509, 78.8079894 9.8982505, 78.8081396 9.8982135)"
1188783713,residential,False,False,73.949,"LINESTRING (78.8074368 9.8986468, 78.8073663 9.8985203, 78.8072965 9.8984357, 78.8069317 9.8986366)"
1188783712,residential,False,True,91.892,"LINESTRING (78.8081396 9.8982135, 78.8079894 9.8982505, 78.8078284 9.8983509, 78.8074368 9.8986468)"
1188783713,residential,False,True,73.949,"LINESTRING (78.8069317 9.8986366, 78.8072965 9.8984357, 78.8073663 9.8985203, 78.8074368 9.8986468)"
