osmid,highway,oneway,reversed,length,geometry
924771379,residential,False,True,12.29,"LINESTRING (80.0033192 23.3450729, 80.0033243 23.3450328, 80.0033213 23.3449627)"
924771379,residential,False,False,24.181,"LINESTRING (80.0033121 23.3447454, 80.0033213 23.3449627)"
924771379,residential,False,True,60.081999999999994,"LINESTRING (80.0033121 23.3447454, 80.0032779 23.344557, 80.0032779 23.3445181, 80.0033045 23.3444401, 80.0033186 23.3443978, 80.0033186 23.3443572, 80.0032691 23.3442207)"
924771379,residential,False,False,60.082,"LINESTRING (80.0032691 23.3442207, 80.0033186 23.3443572, 80.0033186 23.3443978, 80.0033045 23.3444401, 80.0032779 23.3445181, 80.0032779 23.344557, 80.0033121 23.3447454)"
924771383,residential,False,False,49.827,"LINESTRING (80.0030066 23.3446487, 80.0031021 23.3448312, 80.0031345 23.3448623, 80.0032438 23.3449401, 80.0032854 23.3449585, 80.0033213 23.3449627)"
924771379,residential,False,True,24.181,"LINESTRING (80.0033213 23.3449627, 80.0033121 23.3447454)"
924771379,residential,False,False,12.29,"LINESTRING (80.0033213 23.3449627, 80.0033243 23.3450328, 80.0033192 23.3450729)"
924771383,residential,False,True,49.827,"LINESTRING (80.0033213 23.3449627, 80.0032854 23.3449585, 80.0032438 23.3449401, 80.0031345 23.3448623, 80.0031021 23.3448312, 80.0030066 23.3446487)"
