osmid,highway,oneway,reversed,length,geometry
1201679500,unclassified,False,True,147.21200000000002,"LINESTRING (84.5725829 19.3760014, 84.5724991 19.3758128, 84.5724481 19.3755421, 84.5723891 19.3752891, 84.5723301 19.3750487, 84.5722577 19.3748741, 84.5722216 19.3747268)"
1201679500,unclassified,False,False,379.07599999999996,"LINESTRING (84.573859 19.372698, 84.5738643 19.3729713, 84.5734942 19.3731079, 84.5728934 19.3732294, 84.5723838 19.3733104, 84.5720619 19.3734014, 84.572019 19.373409, 84.5720324 19.3736064, 84.572078 19.3738139, 84.5721289 19.3740315, 84.572137 19.3742086, 84.5721477 19.3743883, 84.5721906 19.3746008, 84.5722216 19.3747268)"
562403300,unclassified,False,True,162.725,"LINESTRING (84.5706725 19.3747653, 84.5709327 19.3747375, 84.5710748 19.3747349, 84.5712948 19.3747248, 84.5714825 19.3747299, 84.5717829 19.3747248, 84.572027 19.3747299, 84.5722216 19.3747268)"
562403300,unclassified,False,False,162.725,"LINESTRING (84.5722216 19.3747268, 84.572027 19.3747299, 84.5717829 19.3747248, 84.5714825 19.3747299, 84.5712948 19.3747248, 84.5710748 19.3747349, 84.5709327 19.3747375, 84.5706725 19.3747653)"
1201679500,unclassified,False,False,147.21200000000002,"LINESTRING (84.5722216 19.3747268, 84.5722577 19.3748741, 84.5723301 19.3750487, 84.5723891 19.3752891, 84.5724481 19.3755421, 84.5724991 19.3758128, 84.5725829 19.3760014)"
1201679500,unclassified,False,True,379.076,"LINESTRING (84.5722216 19.3747268, 84.5721906 19.3746008, 84.5721477 19.3743883, 84.572137 19.3742086, 84.5721289 19.3740315, 84.572078 19.3738139, 84.5720324 19.3736064, 84.572019 19.373409, 84.5720619 19.3734014, 84.5723838 19.3733104, 84.5728934 19.3732294, 84.5734942 19.3731079, 84.5738643 19.3729713, 84.573859 19.372698)"
