osmid,ref,highway,oneway,reversed,length,geometry
168820807,SH15,primary,False,True,385.832,"LINESTRING (74.3323714 24.5089124, 74.3318332 24.5090675, 74.3309276 24.5093275, 74.3294882 24.5098327, 74.3287946 24.5101076)"
168820807,SH15,primary,False,False,385.832,"LINESTRING (74.3287946 24.5101076, 74.3294882 24.5098327, 74.3309276 24.5093275, 74.3318332 24.5090675, 74.3323714 24.5089124)"
