osmid,name,highway,oneway,reversed,length,geometry,bridge
867645670,Shallabugh-Ganderbal road,tertiary,False,False,94.78399999999999,"LINESTRING (74.7694331 34.1947098, 74.7694268 34.1949683, 74.7693111 34.195403, 74.7692517 34.1955434)",
461490454,,unclassified,False,True,91.53299999999999,"LINESTRING (74.772277 34.1962325, 74.7718854 34.196268, 74.7715179 34.1963257, 74.7712926 34.1963501)",
461490454,,unclassified,False,False,91.533,"LINESTRING (74.7712926 34.1963501, 74.7715179 34.1963257, 74.7718854 34.196268, 74.772277 34.1962325)",
755795082,,unclassified,False,False,83.07700000000001,"LINESTRING (74.7712926 34.1963501, 74.7711183 34.1962525, 74.7708031 34.1960839, 74.7706514 34.195965, 74.7705889 34.1958917)",
"[55672978, 671962077, 671962078]",,unclassified,False,True,129.268,"LINESTRING (74.7705889 34.1958917, 74.7703965 34.1958667, 74.770203 34.1958285, 74.7694198 34.1955956, 74.7692517 34.1955434)",yes
755795082,,unclassified,False,True,83.077,"LINESTRING (74.7705889 34.1958917, 74.7706514 34.195965, 74.7708031 34.1960839, 74.7711183 34.1962525, 74.7712926 34.1963501)",
"[55672978, 671962077, 671962078]",,unclassified,False,False,129.268,"LINESTRING (74.7692517 34.1955434, 74.7694198 34.1955956, 74.770203 34.1958285, 74.7703965 34.1958667, 74.7705889 34.1958917)",yes
867645670,Shallabugh-Ganderbal road,tertiary,False,True,94.78399999999999,"LINESTRING (74.7692517 34.1955434, 74.7693111 34.195403, 74.7694268 34.1949683, 74.7694331 34.1947098)",
