osmid,highway,oneway,reversed,length,geometry
1020222535,tertiary,False,False,380.795,"LINESTRING (86.5022402 22.6660972, 86.5022481 22.6661352, 86.5022729 22.6661768, 86.5023067 22.6662122, 86.5023473 22.6662393, 86.5024217 22.6662621, 86.5025165 22.6662975, 86.5027059 22.6663662, 86.5028773 22.6664391, 86.5029878 22.6664973, 86.5031029 22.6665806, 86.5032269 22.6667096, 86.5033532 22.6668532, 86.5034795 22.6670093, 86.5035901 22.6671737, 86.5037164 22.6674006, 86.5037682 22.6675213, 86.5038382 22.6677294, 86.5038923 22.6678647, 86.5039374 22.6679438, 86.5039712 22.6679854, 86.5040705 22.6680916, 86.5041381 22.6681519, 86.5041877 22.6681811, 86.5042622 22.668204, 86.5044584 22.6682268, 86.5046411 22.6682643, 86.5047653 22.6683029)"
1020222535,tertiary,False,True,380.7950000000001,"LINESTRING (86.5047653 22.6683029, 86.5046411 22.6682643, 86.5044584 22.6682268, 86.5042622 22.668204, 86.5041877 22.6681811, 86.5041381 22.6681519, 86.5040705 22.6680916, 86.5039712 22.6679854, 86.5039374 22.6679438, 86.5038923 22.6678647, 86.5038382 22.6677294, 86.5037682 22.6675213, 86.5037164 22.6674006, 86.5035901 22.6671737, 86.5034795 22.6670093, 86.5033532 22.6668532, 86.5032269 22.6667096, 86.5031029 22.6665806, 86.5029878 22.6664973, 86.5028773 22.6664391, 86.5027059 22.6663662, 86.5025165 22.6662975, 86.5024217 22.6662621, 86.5023473 22.6662393, 86.5023067 22.6662122, 86.5022729 22.6661768, 86.5022481 22.6661352, 86.5022402 22.6660972)"
