osmid,highway,oneway,reversed,length,geometry
980444817,residential,False,False,31.894,"LINESTRING (82.0032649 27.2470499, 82.003557 27.2469281)"
976562732,residential,False,False,164.49699999999999,"LINESTRING (82.0042152 27.2458783, 82.0041768 27.2459028, 82.0037979 27.2461414, 82.003657 27.2462266, 82.0036113 27.2462589, 82.0035938 27.2462828, 82.0035893 27.2463028, 82.0035904 27.2463249, 82.0036626 27.2465936, 82.0036739 27.2466266, 82.0037452 27.2467511, 82.0037515 27.2467663, 82.0037492 27.2467823, 82.0037402 27.2467974, 82.0035462 27.2468726, 82.0035383 27.2468806, 82.0035383 27.2468946, 82.003557 27.2469281)"
976562732,residential,False,True,137.57299999999998,"LINESTRING (82.004324 27.2479585, 82.004118 27.2476957, 82.0040503 27.2476065, 82.0038721 27.2473909, 82.003765 27.2472516, 82.00365 27.2470891, 82.003624 27.247048, 82.003557 27.2469281)"
980444817,residential,False,True,31.894,"LINESTRING (82.003557 27.2469281, 82.0032649 27.2470499)"
976562732,residential,False,False,137.573,"LINESTRING (82.003557 27.2469281, 82.003624 27.247048, 82.00365 27.2470891, 82.003765 27.2472516, 82.0038721 27.2473909, 82.0040503 27.2476065, 82.004118 27.2476957, 82.004324 27.2479585)"
976562732,residential,False,True,164.497,"LINESTRING (82.003557 27.2469281, 82.0035383 27.2468946, 82.0035383 27.2468806, 82.0035462 27.2468726, 82.0037402 27.2467974, 82.0037492 27.2467823, 82.0037515 27.2467663, 82.0037452 27.2467511, 82.0036739 27.2466266, 82.0036626 27.2465936, 82.0035904 27.2463249, 82.0035893 27.2463028, 82.0035938 27.2462828, 82.0036113 27.2462589, 82.003657 27.2462266, 82.0037979 27.2461414, 82.0041768 27.2459028, 82.0042152 27.2458783)"
