osmid,ref,highway,oneway,reversed,length,geometry
847413636,SH39,primary,False,False,47.47,"LINESTRING (74.6867814 25.8993603, 74.6865477 25.8995552, 74.6864067 25.899615)"
847413636,SH39,primary,False,True,47.47,"LINESTRING (74.6864067 25.899615, 74.6865477 25.8995552, 74.6867814 25.8993603)"
