osmid,ref,highway,oneway,reversed,length,geometry
164752997,NH311,trunk,False,False,68.373,"LINESTRING (75.715351 28.0253191, 75.7155167 28.0252161, 75.715799 28.0251663, 75.7159762 28.0250735)"
644433296,NH311,trunk,False,True,543.922,"LINESTRING (75.715351 28.0253191, 75.7147846 28.0254779, 75.7143205 28.0255607, 75.7140067 28.0255963, 75.7137653 28.0255773, 75.7134756 28.0255205, 75.7132664 28.0254802, 75.7124805 28.0255063, 75.7120621 28.0254731, 75.7114693 28.0253642, 75.7112521 28.0253192, 75.710544 28.0250612, 75.7099646 28.0249144)"
644433296,NH311,trunk,False,False,543.922,"LINESTRING (75.7099646 28.0249144, 75.710544 28.0250612, 75.7112521 28.0253192, 75.7114693 28.0253642, 75.7120621 28.0254731, 75.7124805 28.0255063, 75.7132664 28.0254802, 75.7134756 28.0255205, 75.7137653 28.0255773, 75.7140067 28.0255963, 75.7143205 28.0255607, 75.7147846 28.0254779, 75.715351 28.0253191)"
164752997,NH311,trunk,False,True,68.373,"LINESTRING (75.7159762 28.0250735, 75.715799 28.0251663, 75.7155167 28.0252161, 75.715351 28.0253191)"
