osmid,highway,oneway,reversed,length,geometry
136160597,tertiary,False,False,209.19400000000002,"LINESTRING (77.0261593 26.4948742, 77.0268303 26.4958932, 77.0270222 26.4965703)"
136160600,tertiary,False,False,886.5160000000001,"LINESTRING (77.0261593 26.4948742, 77.0266878 26.4948555, 77.0272415 26.4943704, 77.0284596 26.4938696, 77.0290716 26.4937496, 77.0299517 26.4936505, 77.0305229 26.4939531, 77.0307676 26.4942556, 77.0316944 26.4944643, 77.031706 26.4947981, 77.0311348 26.4955649, 77.0307851 26.4964255, 77.0305048 26.496483)"
136160600,tertiary,False,True,886.516,"LINESTRING (77.0305048 26.496483, 77.0307851 26.4964255, 77.0311348 26.4955649, 77.031706 26.4947981, 77.0316944 26.4944643, 77.0307676 26.4942556, 77.0305229 26.4939531, 77.0299517 26.4936505, 77.0290716 26.4937496, 77.0284596 26.4938696, 77.0272415 26.4943704, 77.0266878 26.4948555, 77.0261593 26.4948742)"
136160607,tertiary,False,True,404.401,"LINESTRING (77.0305048 26.496483, 77.0304636 26.4962322, 77.0294703 26.4963355, 77.0284895 26.4964609, 77.0281474 26.4960884, 77.0271212 26.4965531, 77.0270222 26.4965703)"
136160607,tertiary,False,True,8.678,"LINESTRING (77.0270222 26.4965703, 77.0269366 26.4965852)"
136160597,tertiary,False,True,209.19400000000002,"LINESTRING (77.0270222 26.4965703, 77.0268303 26.4958932, 77.0261593 26.4948742)"
136160607,tertiary,False,False,404.401,"LINESTRING (77.0270222 26.4965703, 77.0271212 26.4965531, 77.0281474 26.4960884, 77.0284895 26.4964609, 77.0294703 26.4963355, 77.0304636 26.4962322, 77.0305048 26.496483)"
136160607,tertiary,False,False,8.678,"LINESTRING (77.0269366 26.4965852, 77.0270222 26.4965703)"
