osmid,ref,highway,oneway,reversed,length,geometry
644546748,MDR131,secondary,False,False,730.8480000000001,"LINESTRING (76.41823 25.8862656, 76.418125 25.8861374, 76.418058 25.8860481, 76.4179878 25.88592, 76.4179511 25.8857967, 76.417889 25.8854351, 76.4178033 25.8851256, 76.4177484 25.8848701, 76.4176744 25.8846436, 76.4175993 25.8844144, 76.4175881 25.8843605, 76.417591 25.8842907, 76.4176181 25.884202, 76.4177144 25.8840315, 76.4181089 25.8833936, 76.4182886 25.8829858, 76.4184387 25.8825619, 76.4185242 25.8823035, 76.4185542 25.8820978, 76.4185604 25.8816147, 76.4185622 25.8811035, 76.4186293 25.8803482, 76.4186248 25.8799837)"
644546748,MDR131,secondary,False,True,730.848,"LINESTRING (76.4186248 25.8799837, 76.4186293 25.8803482, 76.4185622 25.8811035, 76.4185604 25.8816147, 76.4185542 25.8820978, 76.4185242 25.8823035, 76.4184387 25.8825619, 76.4182886 25.8829858, 76.4181089 25.8833936, 76.4177144 25.8840315, 76.4176181 25.884202, 76.417591 25.8842907, 76.4175881 25.8843605, 76.4175993 25.8844144, 76.4176744 25.8846436, 76.4177484 25.8848701, 76.4178033 25.8851256, 76.417889 25.8854351, 76.4179511 25.8857967, 76.4179878 25.88592, 76.418058 25.8860481, 76.418125 25.8861374, 76.41823 25.8862656)"
