osmid,ref,name,highway,oneway,reversed,length,geometry
971394366,SH,Koilakuntla - Jammalamadugu Road,primary,False,True,310.238,"LINESTRING (78.3209243 15.2298194, 78.3201532 15.2271304)"
799550779,SH,Nandyal - Thimmanayunipeta Road,primary,False,True,120.26,"LINESTRING (78.3209243 15.2298194, 78.3206373 15.230271, 78.3203544 15.2306178, 78.3202835 15.2307045)"
388812239,MDR,Koilkuntla Main Road,secondary,False,True,168.981,"LINESTRING (78.318686 15.2276829, 78.3201532 15.2271304)"
1223359596,,,residential,False,True,405.57700000000006,"LINESTRING (78.318686 15.2276829, 78.3194111 15.228156, 78.3199031 15.2286859, 78.3199946 15.2294808, 78.3202349 15.2299887, 78.320212 15.2305738, 78.3202835 15.2307045)"
388812239,MDR,Koilkuntla Main Road,secondary,False,False,168.981,"LINESTRING (78.3201532 15.2271304, 78.318686 15.2276829)"
971394366,SH,Koilakuntla - Jammalamadugu Road,primary,False,False,310.238,"LINESTRING (78.3201532 15.2271304, 78.3209243 15.2298194)"
799550779,SH,Nandyal - Thimmanayunipeta Road,primary,False,False,120.26,"LINESTRING (78.3202835 15.2307045, 78.3203544 15.2306178, 78.3206373 15.230271, 78.3209243 15.2298194)"
1223359596,,,residential,False,False,405.577,"LINESTRING (78.3202835 15.2307045, 78.320212 15.2305738, 78.3202349 15.2299887, 78.3199946 15.2294808, 78.3199031 15.2286859, 78.3194111 15.228156, 78.318686 15.2276829)"
