osmid,ref,highway,oneway,reversed,length,geometry
303739939,SH149,primary,False,True,65.462,"LINESTRING (75.4134459 18.0931844, 75.4132231 18.0926351)"
169458658,SH77,primary,False,True,60.959,"LINESTRING (75.4134459 18.0931844, 75.4131925 18.0932848, 75.4128965 18.0932269)"
"[1239168130, 1001937326]",,residential,False,True,391.83,"LINESTRING (75.4134459 18.0931844, 75.4136387 18.0935227, 75.4138818 18.0934225, 75.4142251 18.0932261, 75.4144531 18.0930247, 75.4151478 18.0925556, 75.416058 18.0920807, 75.41588 18.0917034)"
303739939,SH149,primary,False,False,65.462,"LINESTRING (75.4132231 18.0926351, 75.4134459 18.0931844)"
169458666,SH149,primary,False,False,302.703,"LINESTRING (75.4132231 18.0926351, 75.4140121 18.0925513, 75.41588 18.0917034)"
169458658,SH77,primary,False,False,60.959,"LINESTRING (75.4128965 18.0932269, 75.4131925 18.0932848, 75.4134459 18.0931844)"
169458666,SH149,primary,False,True,302.703,"LINESTRING (75.41588 18.0917034, 75.4140121 18.0925513, 75.4132231 18.0926351)"
"[1239168130, 1001937326]",,residential,False,False,391.83,"LINESTRING (75.41588 18.0917034, 75.416058 18.0920807, 75.4151478 18.0925556, 75.4144531 18.0930247, 75.4142251 18.0932261, 75.4138818 18.0934225, 75.4136387 18.0935227, 75.4134459 18.0931844)"
