osmid,highway,oneway,reversed,length,geometry
1073091416,residential,False,False,12.055,"LINESTRING (71.7933885 22.5690976, 71.7934992 22.5690615)"
1073091416,residential,False,True,87.838,"LINESTRING (71.7933885 22.5690976, 71.7925355 22.5691575)"
1073091416,residential,False,True,12.055,"LINESTRING (71.7934992 22.5690615, 71.7933885 22.5690976)"
1073091416,residential,False,False,87.838,"LINESTRING (71.7925355 22.5691575, 71.7933885 22.5690976)"
