osmid,highway,oneway,reversed,length,geometry
169460299,primary,False,True,599.154,"LINESTRING (76.2926352 17.4605423, 76.2933484 17.4602593, 76.2939066 17.4599723, 76.2945934 17.4594969, 76.2951077 17.4589285, 76.2956048 17.4579244, 76.2956028 17.4565486)"
107120680,tertiary,False,False,164.997,"LINESTRING (76.2956028 17.4565486, 76.2955624 17.4562427, 76.2956026 17.455595, 76.295668 17.455072)"
169460299,primary,False,False,599.154,"LINESTRING (76.2956028 17.4565486, 76.2956048 17.4579244, 76.2951077 17.4589285, 76.2945934 17.4594969, 76.2939066 17.4599723, 76.2933484 17.4602593, 76.2926352 17.4605423)"
107120680,tertiary,False,True,164.997,"LINESTRING (76.295668 17.455072, 76.2956026 17.455595, 76.2955624 17.4562427, 76.2956028 17.4565486)"
