osmid,highway,oneway,reversed,length,lanes,ref,maxspeed,geometry
136160598,tertiary,False,True,8.58,,,,"LINESTRING (77.9168961 26.8224942, 77.9168101 26.8225022)"
175777005,trunk,True,False,280.03499999999997,2,NH44,70,"LINESTRING (77.9168961 26.8224942, 77.9168704 26.822338, 77.9168327 26.8221441, 77.9168145 26.8220589, 77.9167586 26.8217426, 77.9166232 26.8209643, 77.9165078 26.8203457, 77.9164482 26.8200078)"
136160598,tertiary,False,False,8.58,,,,"LINESTRING (77.9168101 26.8225022, 77.9168961 26.8224942)"
260308273,tertiary,False,True,9.043,,,,"LINESTRING (77.9164482 26.8200078, 77.9163583 26.8200211)"
260308273,tertiary,False,False,9.043,,,,"LINESTRING (77.9163583 26.8200211, 77.9164482 26.8200078)"
175777004,trunk,True,False,279.55,2,NH44,70,"LINESTRING (77.9163583 26.8200211, 77.9164174 26.8203493, 77.9165255 26.8209458, 77.91667 26.8217519, 77.9167231 26.8220682, 77.9167432 26.8221656, 77.9167681 26.8223326, 77.9168101 26.8225022)"
175777004,trunk,True,False,337.14799999999997,2,NH44,70,"LINESTRING (77.915811 26.8170287, 77.9159991 26.81802, 77.9160909 26.818529, 77.9161743 26.8189871, 77.9162588 26.8194495, 77.9163151 26.819766, 77.9163583 26.8200211)"
