osmid,highway,oneway,reversed,length,geometry
726127541,residential,False,False,763.538,"LINESTRING (77.5876046 27.631479, 77.587082 27.6322646, 77.5865269 27.63291, 77.5859893 27.6336322, 77.5852434 27.6347079, 77.584515 27.6355684, 77.5834396 27.6372586)"
726127541,residential,False,True,763.5380000000001,"LINESTRING (77.5834396 27.6372586, 77.584515 27.6355684, 77.5852434 27.6347079, 77.5859893 27.6336322, 77.5865269 27.63291, 77.587082 27.6322646, 77.5876046 27.631479)"
