osmid,ref,highway,oneway,reversed,length,geometry
178201937,SH2,primary,False,False,323.228,"LINESTRING (75.3630798 26.6698847, 75.3630152 26.6698806, 75.3619325 26.6698456, 75.3612962 26.6698351, 75.3607989 26.6698246, 75.3604464 26.6698386, 75.3600236 26.6698999, 75.3598371 26.6699311)"
178201937,SH2,primary,False,False,318.063,"LINESTRING (75.3598371 26.6699311, 75.3587568 26.6701116, 75.3571063 26.67036, 75.3567422 26.6704037, 75.3566814 26.6704056)"
178201937,SH2,primary,False,True,323.228,"LINESTRING (75.3598371 26.6699311, 75.3600236 26.6698999, 75.3604464 26.6698386, 75.3607989 26.6698246, 75.3612962 26.6698351, 75.3619325 26.6698456, 75.3630152 26.6698806, 75.3630798 26.6698847)"
178201937,SH2,primary,False,True,318.063,"LINESTRING (75.3566814 26.6704056, 75.3567422 26.6704037, 75.3571063 26.67036, 75.3587568 26.6701116, 75.3598371 26.6699311)"
187150217,,unclassified,False,True,651.9430000000001,"LINESTRING (75.3566814 26.6704056, 75.3570399 26.6706386, 75.3578924 26.671005, 75.3581784 26.671169, 75.3583888 26.6713859, 75.358637 26.6714631, 75.3588636 26.6716174, 75.3591928 26.6718199, 75.3594572 26.6721092, 75.3596352 26.6723454, 75.3598834 26.6731362, 75.3597537 26.6732691, 75.3595896 26.6733543, 75.3593722 26.673385, 75.3591509 26.6734089, 75.3588647 26.67346, 75.3586511 26.6735078, 75.3581322 26.6737089)"
187150217,,unclassified,False,False,651.943,"LINESTRING (75.3581322 26.6737089, 75.3586511 26.6735078, 75.3588647 26.67346, 75.3591509 26.6734089, 75.3593722 26.673385, 75.3595896 26.6733543, 75.3597537 26.6732691, 75.3598834 26.6731362, 75.3596352 26.6723454, 75.3594572 26.6721092, 75.3591928 26.6718199, 75.3588636 26.6716174, 75.358637 26.6714631, 75.3583888 26.6713859, 75.3581784 26.671169, 75.3578924 26.671005, 75.3570399 26.6706386, 75.3566814 26.6704056)"
187150217,,unclassified,False,True,114.554,"LINESTRING (75.3581322 26.6737089, 75.3582467 26.6738248, 75.358342 26.6740498, 75.3584794 26.6740362, 75.3584985 26.6742851, 75.3587465 26.6744249)"
187150217,,unclassified,False,False,114.55400000000002,"LINESTRING (75.3587465 26.6744249, 75.3584985 26.6742851, 75.3584794 26.6740362, 75.358342 26.6740498, 75.3582467 26.6738248, 75.3581322 26.6737089)"
