osmid,ref,highway,oneway,reversed,length,geometry
1155423204,NH8,trunk,False,False,182.646,"LINESTRING (91.3296877 23.4933873, 91.3294206 23.492988, 91.3291273 23.4926147, 91.3287948 23.4922449, 91.3286675 23.4920413)"
1155423204,NH8,trunk,False,True,136.68900000000002,"LINESTRING (91.3296877 23.4933873, 91.3298499 23.4938281, 91.3300573 23.49424, 91.3303006 23.4944557)"
1155423204,NH8,trunk,False,False,136.689,"LINESTRING (91.3303006 23.4944557, 91.3300573 23.49424, 91.3298499 23.4938281, 91.3296877 23.4933873)"
1155423204,NH8,trunk,False,True,182.64600000000002,"LINESTRING (91.3286675 23.4920413, 91.3287948 23.4922449, 91.3291273 23.4926147, 91.3294206 23.492988, 91.3296877 23.4933873)"
