osmid,highway,oneway,reversed,length,geometry
1270848238,residential,False,False,34.771,"LINESTRING (74.7125911 16.8625916, 74.7125083 16.8628941)"
1270848238,residential,False,True,17.206,"LINESTRING (74.7125911 16.8625916, 74.7124356 16.8625492)"
1270848241,residential,False,False,52.954,"LINESTRING (74.7125911 16.8625916, 74.7130667 16.8627317)"
1270848238,residential,False,True,34.771,"LINESTRING (74.7125083 16.8628941, 74.7125911 16.8625916)"
1270848239,residential,False,False,252.41299999999998,"LINESTRING (74.7129482 16.8604659, 74.7130447 16.8622626, 74.7130759 16.8626819, 74.7130667 16.8627317)"
1270848238,residential,False,False,17.206,"LINESTRING (74.7124356 16.8625492, 74.7125911 16.8625916)"
1270848241,residential,False,True,52.954,"LINESTRING (74.7130667 16.8627317, 74.7125911 16.8625916)"
1270848239,residential,False,True,252.413,"LINESTRING (74.7130667 16.8627317, 74.7130759 16.8626819, 74.7130447 16.8622626, 74.7129482 16.8604659)"
