osmid,highway,oneway,reversed,length,geometry,bridge
1092640344,unclassified,False,False,670.782,"LINESTRING (77.6489055 29.5439462, 77.6488352 29.5438099, 77.6484463 29.543145, 77.6480465 29.5424914, 77.6478562 29.5422583, 77.6477194 29.5420366, 77.6475853 29.5418079, 77.6471964 29.5412082, 77.6469764 29.5408979, 77.6468825 29.5407392, 77.6468316 29.5405735, 77.6467216 29.5401558, 77.6465915 29.5396658, 77.6464386 29.5391559, 77.6463139 29.5388408, 77.6462589 29.5386927, 77.6460638 29.5385065)",
"[1092640344, 1106562194, 1106562195]",unclassified,False,False,385.077,"LINESTRING (77.6460638 29.5385065, 77.6454583 29.5382341, 77.6451632 29.5380813, 77.644625 29.5378509, 77.6445235 29.5378257, 77.6442187 29.5377803, 77.6440312 29.5377265, 77.6438403 29.537684, 77.6437411 29.537693, 77.6436397 29.5377429, 77.6435673 29.5378246, 77.6434262 29.538089, 77.6430915 29.538611, 77.6429714 29.5387384)",yes
1092640344,unclassified,False,True,670.782,"LINESTRING (77.6460638 29.5385065, 77.6462589 29.5386927, 77.6463139 29.5388408, 77.6464386 29.5391559, 77.6465915 29.5396658, 77.6467216 29.5401558, 77.6468316 29.5405735, 77.6468825 29.5407392, 77.6469764 29.5408979, 77.6471964 29.5412082, 77.6475853 29.5418079, 77.6477194 29.5420366, 77.6478562 29.5422583, 77.6480465 29.5424914, 77.6484463 29.543145, 77.6488352 29.5438099, 77.6489055 29.5439462)",
"[1092640344, 1106562194, 1106562195]",unclassified,False,True,385.077,"LINESTRING (77.6429714 29.5387384, 77.6430915 29.538611, 77.6434262 29.538089, 77.6435673 29.5378246, 77.6436397 29.5377429, 77.6437411 29.537693, 77.6438403 29.537684, 77.6440312 29.5377265, 77.6442187 29.5377803, 77.6445235 29.5378257, 77.644625 29.5378509, 77.6451632 29.5380813, 77.6454583 29.5382341, 77.6460638 29.5385065)",yes
