osmid,highway,oneway,reversed,length,geometry
204096301,secondary,False,True,739.524,"LINESTRING (73.1374494 24.9194618, 73.1374424 24.9195318, 73.1374563 24.919753, 73.1374383 24.9198598, 73.1373385 24.9202204, 73.137272 24.920522, 73.1372457 24.9207243, 73.137272 24.9209454, 73.1372873 24.9210673, 73.1372623 24.921149, 73.1372291 24.9212056, 73.1371515 24.921252, 73.1369034 24.9213815, 73.1368369 24.9214204, 73.1366887 24.9214745, 73.136528 24.9215134, 73.1364781 24.9215348, 73.1364807 24.9215902, 73.1365552 24.9218639, 73.1366297 24.922118, 73.1366963 24.922381, 73.1366983 24.9226333, 73.1366649 24.923003, 73.136614 24.9234152, 73.1366081 24.9237742, 73.136563 24.9240354, 73.1364514 24.9243339, 73.1363299 24.9246982, 73.1362209 24.924915, 73.136099 24.9250105, 73.1359881 24.9251588, 73.1359466 24.925297, 73.1358014 24.925417)"
204096301,secondary,False,False,739.5240000000001,"LINESTRING (73.1358014 24.925417, 73.1359466 24.925297, 73.1359881 24.9251588, 73.136099 24.9250105, 73.1362209 24.924915, 73.1363299 24.9246982, 73.1364514 24.9243339, 73.136563 24.9240354, 73.1366081 24.9237742, 73.136614 24.9234152, 73.1366649 24.923003, 73.1366983 24.9226333, 73.1366963 24.922381, 73.1366297 24.922118, 73.1365552 24.9218639, 73.1364807 24.9215902, 73.1364781 24.9215348, 73.136528 24.9215134, 73.1366887 24.9214745, 73.1368369 24.9214204, 73.1369034 24.9213815, 73.1371515 24.921252, 73.1372291 24.9212056, 73.1372623 24.921149, 73.1372873 24.9210673, 73.137272 24.9209454, 73.1372457 24.9207243, 73.137272 24.920522, 73.1373385 24.9202204, 73.1374383 24.9198598, 73.1374563 24.919753, 73.1374424 24.9195318, 73.1374494 24.9194618)"
