osmid,highway,oneway,reversed,length,geometry
662931567,tertiary,False,False,14.949,"LINESTRING (76.0757303 27.5838301, 76.0758722 27.5837826)"
639691327,unclassified,True,False,387.11400000000003,"LINESTRING (76.0766355 27.5871976, 76.0766235 27.5871488, 76.0762641 27.5855203, 76.0759369 27.5840749, 76.0758722 27.5837826)"
662931567,tertiary,False,True,14.949,"LINESTRING (76.0758722 27.5837826, 76.0757303 27.5838301)"
