osmid,highway,oneway,reversed,length,geometry
527326446,tertiary,False,False,113.80600000000001,"LINESTRING (77.3484653 13.9444384, 77.3485485 13.9443942, 77.3485726 13.9443603, 77.3485914 13.944277, 77.3486075 13.9439334, 77.3485967 13.9437017, 77.3485109 13.9434883)"
527326446,tertiary,False,True,113.80600000000001,"LINESTRING (77.3485109 13.9434883, 77.3485967 13.9437017, 77.3486075 13.9439334, 77.3485914 13.944277, 77.3485726 13.9443603, 77.3485485 13.9443942, 77.3484653 13.9444384)"
