osmid,ref,name,highway,oneway,reversed,length,geometry
102535519,SH,Penukonda - Dorigallu Road,primary,False,True,782.497,"LINESTRING (77.6258717 14.1190588, 77.6207734 14.1174664, 77.6195131 14.1168564, 77.6190388 14.1167311)"
102535519,SH,Penukonda - Dorigallu Road,primary,False,False,782.497,"LINESTRING (77.6190388 14.1167311, 77.6195131 14.1168564, 77.6207734 14.1174664, 77.6258717 14.1190588)"
