osmid,ref,highway,oneway,reversed,length,geometry
239156671,NH29,trunk,False,True,471.08500000000004,"LINESTRING (94.2956126 25.5717299, 94.2957012 25.5716661, 94.2957795 25.5716408, 94.2958199 25.5716087, 94.2959026 25.571508, 94.2960184 25.5713512, 94.2960988 25.5712467, 94.2961893 25.5711565, 94.2963972 25.5709759, 94.2965732 25.5708409, 94.2967459 25.57078, 94.2969126 25.5707637, 94.2970466 25.5707862, 94.2972466 25.5708701, 94.2973344 25.5709069, 94.2974884 25.5710016, 94.2976691 25.5711081, 94.2977446 25.5711517, 94.2978125 25.5711765, 94.2978899 25.5711685, 94.2979023 25.5711613, 94.2979094 25.5711524, 94.2979456 25.5711, 94.2979604 25.5710275, 94.2979652 25.5709066, 94.297983 25.5707509, 94.2980409 25.5706007, 94.2980818 25.5705026, 94.2981854 25.570318, 94.2983104 25.5701633, 94.2984598 25.5700694, 94.2985741 25.5700308, 94.2987457 25.5700048, 94.2988978 25.569973)"
239156671,NH29,trunk,False,False,471.08500000000004,"LINESTRING (94.2988978 25.569973, 94.2987457 25.5700048, 94.2985741 25.5700308, 94.2984598 25.5700694, 94.2983104 25.5701633, 94.2981854 25.570318, 94.2980818 25.5705026, 94.2980409 25.5706007, 94.297983 25.5707509, 94.2979652 25.5709066, 94.2979604 25.5710275, 94.2979456 25.5711, 94.2979094 25.5711524, 94.2979023 25.5711613, 94.2978899 25.5711685, 94.2978125 25.5711765, 94.2977446 25.5711517, 94.2976691 25.5711081, 94.2974884 25.5710016, 94.2973344 25.5709069, 94.2972466 25.5708701, 94.2970466 25.5707862, 94.2969126 25.5707637, 94.2967459 25.57078, 94.2965732 25.5708409, 94.2963972 25.5709759, 94.2961893 25.5711565, 94.2960988 25.5712467, 94.2960184 25.5713512, 94.2959026 25.571508, 94.2958199 25.5716087, 94.2957795 25.5716408, 94.2957012 25.5716661, 94.2956126 25.5717299)"
