osmid,ref,highway,oneway,reversed,length,geometry
220122588,SH2A,primary,False,False,11.611,"LINESTRING (78.1681268 26.893116, 78.1682349 26.8931561)"
457630917,,tertiary,False,True,595.706,"LINESTRING (78.1681268 26.893116, 78.1693733 26.8956878, 78.1702086 26.896761, 78.1701802 26.8973165, 78.170336 26.8977584, 78.1704414 26.8979681)"
457630917,,tertiary,False,False,595.7059999999999,"LINESTRING (78.1704414 26.8979681, 78.170336 26.8977584, 78.1701802 26.8973165, 78.1702086 26.896761, 78.1693733 26.8956878, 78.1681268 26.893116)"
457630917,,tertiary,False,True,139.291,"LINESTRING (78.1704414 26.8979681, 78.1706831 26.8984489, 78.1707948 26.8991678)"
457630917,,tertiary,False,False,139.291,"LINESTRING (78.1707948 26.8991678, 78.1706831 26.8984489, 78.1704414 26.8979681)"
220122588,SH2A,primary,False,True,11.611,"LINESTRING (78.1682349 26.8931561, 78.1681268 26.893116)"
220122588,SH2A,primary,False,False,231.124,"LINESTRING (78.1682349 26.8931561, 78.168974 26.8934299, 78.1703882 26.8939513)"
220122588,SH2A,primary,False,True,231.124,"LINESTRING (78.1703882 26.8939513, 78.168974 26.8934299, 78.1682349 26.8931561)"
