osmid,highway,oneway,reversed,length,geometry,ref
152818032,tertiary,False,False,306.99,"LINESTRING (72.5291685 24.6188768, 72.5291314 24.6191351, 72.529137 24.6193959, 72.5292707 24.6196187, 72.5294517 24.619796, 72.5296216 24.6199403, 72.5297275 24.6200416, 72.5297776 24.6201378, 72.5297665 24.6202644, 72.529669 24.6203581, 72.529552 24.6204644, 72.5292679 24.6205961, 72.5286858 24.6208569)",
"[203887665, 203330156]",trunk,False,True,479.94000000000005,"LINESTRING (72.5291685 24.6188768, 72.5290022 24.6189068, 72.5287604 24.6188885, 72.5284442 24.6188626, 72.5281915 24.6188234, 72.5278959 24.6186951, 72.5276787 24.6185465, 72.5273114 24.6182635, 72.5267159 24.6178097, 72.5260619 24.617315, 72.5258089 24.6171012, 72.525417 24.6168426, 72.5252172 24.6167518)",NH168
203330156,trunk,False,False,196.81400000000002,"LINESTRING (72.5234807 24.6159516, 72.5236681 24.6160441, 72.5245614 24.6164538, 72.5252172 24.6167518)",NH168
152818032,tertiary,False,True,306.99,"LINESTRING (72.5286858 24.6208569, 72.5292679 24.6205961, 72.529552 24.6204644, 72.529669 24.6203581, 72.5297665 24.6202644, 72.5297776 24.6201378, 72.5297275 24.6200416, 72.5296216 24.6199403, 72.5294517 24.619796, 72.5292707 24.6196187, 72.529137 24.6193959, 72.5291314 24.6191351, 72.5291685 24.6188768)",
"[203887665, 203330156]",trunk,False,False,479.94,"LINESTRING (72.5252172 24.6167518, 72.525417 24.6168426, 72.5258089 24.6171012, 72.5260619 24.617315, 72.5267159 24.6178097, 72.5273114 24.6182635, 72.5276787 24.6185465, 72.5278959 24.6186951, 72.5281915 24.6188234, 72.5284442 24.6188626, 72.5287604 24.6188885, 72.5290022 24.6189068, 72.5291685 24.6188768)",NH168
203330156,trunk,False,True,196.81400000000002,"LINESTRING (72.5252172 24.6167518, 72.5245614 24.6164538, 72.5236681 24.6160441, 72.5234807 24.6159516)",NH168
