osmid,highway,oneway,reversed,length,geometry,name
1265070928,tertiary,False,False,366.27799999999996,"LINESTRING (76.5202626 30.9852874, 76.5200246 30.9852344, 76.5199775 30.985083, 76.5199768 30.9841433, 76.5198018 30.9832184, 76.5199034 30.9821722)",
32538451,tertiary,False,True,106.78899999999999,"LINESTRING (76.5167209 30.981535, 76.516784 30.9812761, 76.5169091 30.9810534, 76.5172316 30.9807)",
589825821,tertiary,False,False,302.776,"LINESTRING (76.5199034 30.9821722, 76.5172316 30.9807)",IIT Ropar (Main Campus) Road
1265070928,tertiary,False,True,366.27799999999996,"LINESTRING (76.5199034 30.9821722, 76.5198018 30.9832184, 76.5199768 30.9841433, 76.5199775 30.985083, 76.5200246 30.9852344, 76.5202626 30.9852874)",
32538451,tertiary,False,True,130.418,"LINESTRING (76.5172316 30.9807, 76.5180745 30.9797762)",
589825821,tertiary,False,True,302.776,"LINESTRING (76.5172316 30.9807, 76.5199034 30.9821722)",IIT Ropar (Main Campus) Road
32538451,tertiary,False,False,106.78899999999999,"LINESTRING (76.5172316 30.9807, 76.5169091 30.9810534, 76.516784 30.9812761, 76.5167209 30.981535)",
32538451,tertiary,False,False,130.418,"LINESTRING (76.5180745 30.9797762, 76.5172316 30.9807)",
