osmid,highway,oneway,reversed,length,geometry
"[874408193, 837972175]",tertiary,False,False,723.2210000000001,"LINESTRING (82.6581412 21.0497435, 82.6580044 21.0489775, 82.6578361 21.0480838, 82.6577308 21.0474356, 82.6574467 21.046316, 82.6574257 21.0458249, 82.6574277 21.0456416, 82.6574421 21.0443345, 82.6573731 21.0439687, 82.6573099 21.0435366, 82.6572152 21.0433303)"
"[874408193, 837972175]",tertiary,False,True,723.221,"LINESTRING (82.6572152 21.0433303, 82.6573099 21.0435366, 82.6573731 21.0439687, 82.6574421 21.0443345, 82.6574277 21.0456416, 82.6574257 21.0458249, 82.6574467 21.046316, 82.6577308 21.0474356, 82.6578361 21.0480838, 82.6580044 21.0489775, 82.6581412 21.0497435)"
