osmid,ref,highway,oneway,reversed,length,geometry
261125227,NH752G,trunk,False,True,346.84999999999997,"LINESTRING (75.0929881 21.686171, 75.0931821 21.6860942, 75.0932998 21.6860291, 75.0934303 21.6860025, 75.0935448 21.6859966, 75.0936912 21.6860084, 75.0938534 21.686038, 75.0940252 21.6860321, 75.0945692 21.6860084, 75.0951419 21.6859877, 75.0959531 21.6859582, 75.0962997 21.6859744)"
261125227,NH752G,trunk,False,False,346.85,"LINESTRING (75.0962997 21.6859744, 75.0959531 21.6859582, 75.0951419 21.6859877, 75.0945692 21.6860084, 75.0940252 21.6860321, 75.0938534 21.686038, 75.0936912 21.6860084, 75.0935448 21.6859966, 75.0934303 21.6860025, 75.0932998 21.6860291, 75.0931821 21.6860942, 75.0929881 21.686171)"
