osmid,highway,oneway,reversed,length,geometry
483153830,unclassified,False,False,393.683,"LINESTRING (74.2085125 18.7594708, 74.2086111 18.7606093, 74.2086192 18.7608353, 74.2085923 18.7610385, 74.2084556 18.7614321, 74.2082624 18.7621178, 74.2080505 18.7628163, 74.2080157 18.762928)"
483153830,unclassified,False,True,393.683,"LINESTRING (74.2080157 18.762928, 74.2080505 18.7628163, 74.2082624 18.7621178, 74.2084556 18.7614321, 74.2085923 18.7610385, 74.2086192 18.7608353, 74.2086111 18.7606093, 74.2085125 18.7594708)"
