osmid,highway,oneway,reversed,length,geometry
823251421,residential,False,False,114.471,"LINESTRING (92.7698086 26.6161803, 92.7697657 26.616799, 92.7697939 26.6172078)"
823251421,residential,False,True,114.471,"LINESTRING (92.7697939 26.6172078, 92.7697657 26.616799, 92.7698086 26.6161803)"
