osmid,highway,oneway,reversed,length,geometry
302332681,unclassified,False,True,581.3389999999999,"LINESTRING (76.6905313 11.4725458, 76.6903853 11.472357, 76.6902187 11.4721073, 76.6901207 11.4718623, 76.6900741 11.4716366, 76.6900815 11.4713484, 76.6900569 11.4712235, 76.6899932 11.4711226, 76.689883 11.4709905, 76.6897629 11.470832, 76.6896036 11.4706015, 76.6893831 11.4702292, 76.6892679 11.4699386, 76.6891674 11.4697393, 76.6890694 11.4695712, 76.6889836 11.4694559, 76.6889052 11.4692422, 76.6888488 11.4691269, 76.688719 11.4689756, 76.6886062 11.4688579, 76.6885548 11.4687162, 76.6885523 11.4684905, 76.6885376 11.4681302, 76.6885244 11.4678633)"
302332681,unclassified,False,False,581.3389999999999,"LINESTRING (76.6885244 11.4678633, 76.6885376 11.4681302, 76.6885523 11.4684905, 76.6885548 11.4687162, 76.6886062 11.4688579, 76.688719 11.4689756, 76.6888488 11.4691269, 76.6889052 11.4692422, 76.6889836 11.4694559, 76.6890694 11.4695712, 76.6891674 11.4697393, 76.6892679 11.4699386, 76.6893831 11.4702292, 76.6896036 11.4706015, 76.6897629 11.470832, 76.689883 11.4709905, 76.6899932 11.4711226, 76.6900569 11.4712235, 76.6900815 11.4713484, 76.6900741 11.4716366, 76.6901207 11.4718623, 76.6902187 11.4721073, 76.6903853 11.472357, 76.6905313 11.4725458)"
837322822,unclassified,False,False,214.81500000000003,"LINESTRING (76.6885244 11.4678633, 76.6887669 11.4681848, 76.6889357 11.4682427, 76.6889779 11.4681766, 76.6890201 11.4678457, 76.6891636 11.4674569, 76.689687 11.4673162)"
837322822,unclassified,False,True,214.815,"LINESTRING (76.689687 11.4673162, 76.6891636 11.4674569, 76.6890201 11.4678457, 76.6889779 11.4681766, 76.6889357 11.4682427, 76.6887669 11.4681848, 76.6885244 11.4678633)"
