osmid,highway,oneway,reversed,length,geometry
139084676,tertiary,False,True,524.3149999999999,"LINESTRING (75.8602885 26.4088691, 75.8602562 26.408734, 75.8600839 26.4084993, 75.8595812 26.4080844, 75.859057 26.4077114, 75.8588284 26.4074607, 75.8587338 26.4072258, 75.8586943 26.4069846, 75.8587856 26.4067091, 75.8590534 26.406261, 75.8594591 26.4056918, 75.8597911 26.4051889, 75.859965 26.4050451)"
139084676,tertiary,False,False,524.3149999999999,"LINESTRING (75.859965 26.4050451, 75.8597911 26.4051889, 75.8594591 26.4056918, 75.8590534 26.406261, 75.8587856 26.4067091, 75.8586943 26.4069846, 75.8587338 26.4072258, 75.8588284 26.4074607, 75.859057 26.4077114, 75.8595812 26.4080844, 75.8600839 26.4084993, 75.8602562 26.408734, 75.8602885 26.4088691)"
