osmid,highway,oneway,reversed,length,geometry
"[645628475, 645985172]",residential,False,False,198.49199999999996,"LINESTRING (79.3870441 11.5451389, 79.3871265 11.5451533, 79.3872001 11.5451648, 79.3876798 11.54509, 79.3881001 11.5450809, 79.3883495 11.5450312, 79.3884327 11.5449542, 79.388789 11.5448022)"
"[645628474, 645628475]",residential,False,True,176.61499999999998,"LINESTRING (79.3870441 11.5451389, 79.3869808 11.545123, 79.3869057 11.5451317, 79.386838 11.5451418, 79.3867821 11.5451533, 79.3867277 11.545172, 79.3866762 11.5451894, 79.3866055 11.5452139, 79.3866011 11.5452297, 79.3865671 11.5453798, 79.3866352 11.5459469, 79.3865671 11.5462304, 79.3864572 11.5462591)"
645628476,residential,False,False,58.588,"LINESTRING (79.3870441 11.5451389, 79.3869668 11.5449634, 79.3868776 11.5447777, 79.3868348 11.5446541)"
645628476,residential,False,True,58.58800000000001,"LINESTRING (79.3868348 11.5446541, 79.3868776 11.5447777, 79.3869668 11.5449634, 79.3870441 11.5451389)"
645979194,unclassified,False,False,215.82799999999997,"LINESTRING (79.3868348 11.5446541, 79.3870917 11.5446295, 79.3879222 11.5446439, 79.3882902 11.5446439, 79.388789 11.5448022)"
"[645628474, 645628475]",residential,False,False,176.61500000000004,"LINESTRING (79.3864572 11.5462591, 79.3865671 11.5462304, 79.3866352 11.5459469, 79.3865671 11.5453798, 79.3866011 11.5452297, 79.3866055 11.5452139, 79.3866762 11.5451894, 79.3867277 11.545172, 79.3867821 11.5451533, 79.386838 11.5451418, 79.3869057 11.5451317, 79.3869808 11.545123, 79.3870441 11.5451389)"
645979194,unclassified,False,True,215.828,"LINESTRING (79.388789 11.5448022, 79.3882902 11.5446439, 79.3879222 11.5446439, 79.3870917 11.5446295, 79.3868348 11.5446541)"
"[645628475, 645985172]",residential,False,True,198.492,"LINESTRING (79.388789 11.5448022, 79.3884327 11.5449542, 79.3883495 11.5450312, 79.3881001 11.5450809, 79.3876798 11.54509, 79.3872001 11.5451648, 79.3871265 11.5451533, 79.3870441 11.5451389)"
