osmid,oneway,lanes,ref,highway,reversed,length,geometry
328618965,False,2,RN 6,primary,True,162.808,"LINESTRING (30.2316499 -2.8447481, 30.2320254 -2.8447964, 30.2324384 -2.8448687, 30.2327469 -2.8449544, 30.2330795 -2.8450562)"
328618965,False,2,RN 6,primary,True,42.902,"LINESTRING (30.2330795 -2.8450562, 30.2334488 -2.8451694)"
328618965,False,2,RN 6,primary,False,162.808,"LINESTRING (30.2330795 -2.8450562, 30.2327469 -2.8449544, 30.2324384 -2.8448687, 30.2320254 -2.8447964, 30.2316499 -2.8447481)"
328618965,False,2,RN 6,primary,False,181.358,"LINESTRING (30.2385163 -2.8470064, 30.2384359 -2.8469555, 30.2383044 -2.8468752, 30.2379289 -2.8466662, 30.2374461 -2.8464626, 30.2370441 -2.8463109)"
328618965,False,2,RN 6,primary,False,418.99699999999996,"LINESTRING (30.2370441 -2.8463109, 30.2369419 -2.8462724, 30.2352601 -2.8457474, 30.2335516 -2.8452009, 30.2334488 -2.8451694)"
328618965,False,2,RN 6,primary,True,181.35799999999998,"LINESTRING (30.2370441 -2.8463109, 30.2374461 -2.8464626, 30.2379289 -2.8466662, 30.2383044 -2.8468752, 30.2384359 -2.8469555, 30.2385163 -2.8470064)"
328618965,False,2,RN 6,primary,False,42.902,"LINESTRING (30.2334488 -2.8451694, 30.2330795 -2.8450562)"
328618965,False,2,RN 6,primary,True,418.99699999999996,"LINESTRING (30.2334488 -2.8451694, 30.2335516 -2.8452009, 30.2352601 -2.8457474, 30.2369419 -2.8462724, 30.2370441 -2.8463109)"
