osmid,highway,oneway,reversed,length,geometry
319860637,unclassified,False,True,640.9419999999999,"LINESTRING (29.836531 -4.2908346, 29.8365732 -4.2908392, 29.8366524 -4.2908299, 29.8367831 -4.290765, 29.8368716 -4.2907175, 29.8369338 -4.290705, 29.8369896 -4.2906814, 29.8371305 -4.29064, 29.8373095 -4.2905724, 29.8374396 -4.2905323, 29.8375978 -4.2904634, 29.837795 -4.2903672, 29.8380565 -4.2902301, 29.8383106 -4.290105, 29.8384655 -4.2900235, 29.8386211 -4.2899446, 29.8388927 -4.2898048, 29.8390187 -4.289742, 29.8391394 -4.2896851, 29.8392119 -4.289657, 29.839303 -4.2896069, 29.8395064 -4.2894558, 29.8396792 -4.2893274, 29.8397798 -4.2892491, 29.83982 -4.289217, 29.8398656 -4.2891856, 29.8398945 -4.2891468, 29.8398951 -4.2891154, 29.8398703 -4.2890619, 29.8397443 -4.288876, 29.839635 -4.2887276, 29.8395907 -4.2886567, 29.8395639 -4.2886112, 29.8395491 -4.2885738, 29.8395398 -4.2885183, 29.8395391 -4.2884634, 29.8395498 -4.2884206, 29.8395651 -4.2883864, 29.8396048 -4.2882976, 29.8396181 -4.2882729, 29.8397429 -4.2880408, 29.8397832 -4.2879405, 29.8397523 -4.2877988, 29.839704 -4.2875968, 29.8397 -4.2873414)"
319860637,unclassified,False,False,640.9420000000001,"LINESTRING (29.8397 -4.2873414, 29.839704 -4.2875968, 29.8397523 -4.2877988, 29.8397832 -4.2879405, 29.8397429 -4.2880408, 29.8396181 -4.2882729, 29.8396048 -4.2882976, 29.8395651 -4.2883864, 29.8395498 -4.2884206, 29.8395391 -4.2884634, 29.8395398 -4.2885183, 29.8395491 -4.2885738, 29.8395639 -4.2886112, 29.8395907 -4.2886567, 29.839635 -4.2887276, 29.8397443 -4.288876, 29.8398703 -4.2890619, 29.8398951 -4.2891154, 29.8398945 -4.2891468, 29.8398656 -4.2891856, 29.83982 -4.289217, 29.8397798 -4.2892491, 29.8396792 -4.2893274, 29.8395064 -4.2894558, 29.839303 -4.2896069, 29.8392119 -4.289657, 29.8391394 -4.2896851, 29.8390187 -4.289742, 29.8388927 -4.2898048, 29.8386211 -4.2899446, 29.8384655 -4.2900235, 29.8383106 -4.290105, 29.8380565 -4.2902301, 29.837795 -4.2903672, 29.8375978 -4.2904634, 29.8374396 -4.2905323, 29.8373095 -4.2905724, 29.8371305 -4.29064, 29.8369896 -4.2906814, 29.8369338 -4.290705, 29.8368716 -4.2907175, 29.8367831 -4.290765, 29.8366524 -4.2908299, 29.8365732 -4.2908392, 29.836531 -4.2908346)"
