osmid,highway,oneway,reversed,length,geometry
309442045,unclassified,False,False,304.488,"LINESTRING (29.6063282 -4.1046229, 29.6063201 -4.1047217, 29.6063244 -4.1048194, 29.6063775 -4.1050513, 29.6064033 -4.1051704, 29.606427 -4.1053533, 29.6064913 -4.105883, 29.6065143 -4.1060674, 29.6065477 -4.1063352, 29.606663 -4.1068354, 29.6067649 -4.1073196)"
309442045,unclassified,False,True,304.48800000000006,"LINESTRING (29.6067649 -4.1073196, 29.606663 -4.1068354, 29.6065477 -4.1063352, 29.6065143 -4.1060674, 29.6064913 -4.105883, 29.606427 -4.1053533, 29.6064033 -4.1051704, 29.6063775 -4.1050513, 29.6063244 -4.1048194, 29.6063201 -4.1047217, 29.6063282 -4.1046229)"
