osmid,highway,oneway,reversed,length,geometry
781871870,residential,False,True,115.275,"LINESTRING (80.1157785 6.3784332, 80.1154528 6.3783422, 80.1152889 6.3781963, 80.1151611 6.3781264, 80.1148419 6.3780132)"
"[781871875, 781871876, 781871871]",residential,False,True,414.0609999999999,"LINESTRING (80.1159404 6.3804152, 80.1158895 6.3798767, 80.115872 6.3798314, 80.1157729 6.3798083, 80.1154468 6.3798469, 80.1152204 6.379941, 80.1151511 6.379941, 80.1148605 6.3798654, 80.1147625 6.3798268, 80.1147135 6.3797714, 80.1146087 6.3794607, 80.1145327 6.3788646, 80.1145327 6.3786765, 80.1145411 6.3785959, 80.1146307 6.3784196, 80.1148486 6.3782382, 80.1148774 6.3781878, 80.1148824 6.3781341, 80.1148419 6.3780132)"
781871870,residential,False,False,115.275,"LINESTRING (80.1148419 6.3780132, 80.1151611 6.3781264, 80.1152889 6.3781963, 80.1154528 6.3783422, 80.1157785 6.3784332)"
"[781871875, 781871876, 781871871]",residential,False,False,414.06100000000004,"LINESTRING (80.1148419 6.3780132, 80.1148824 6.3781341, 80.1148774 6.3781878, 80.1148486 6.3782382, 80.1146307 6.3784196, 80.1145411 6.3785959, 80.1145327 6.3786765, 80.1145327 6.3788646, 80.1146087 6.3794607, 80.1147135 6.3797714, 80.1147625 6.3798268, 80.1148605 6.3798654, 80.1151511 6.379941, 80.1152204 6.379941, 80.1154468 6.3798469, 80.1157729 6.3798083, 80.115872 6.3798314, 80.1158895 6.3798767, 80.1159404 6.3804152)"
