osmid,lanes,ref,name,highway,maxspeed,oneway,reversed,length,geometry
108178330,2,B112,Elahera-Giritale Road,secondary,50,False,False,498.59499999999997,"LINESTRING (80.8680042 7.934195, 80.8703176 7.9344761, 80.8724205 7.9346886, 80.8724998 7.934712)"
364193378,,,,tertiary,40,False,False,159.812,"LINESTRING (80.8680042 7.934195, 80.8678236 7.9343058, 80.8676149 7.9344265, 80.8673132 7.9345926, 80.8667886 7.9346581, 80.8667048 7.9346878, 80.8666858 7.9347158)"
108178330,2,B112,Elahera-Giritale Road,secondary,50,False,True,498.59499999999997,"LINESTRING (80.8724998 7.934712, 80.8724205 7.9346886, 80.8703176 7.9344761, 80.8680042 7.934195)"
538568579,,,,residential,,False,False,144.68900000000002,"LINESTRING (80.8653844 7.9346024, 80.865714 7.9346737, 80.8661935 7.9347123, 80.866625 7.9346974, 80.8666858 7.9347158)"
364193378,,,,tertiary,40,False,True,159.812,"LINESTRING (80.8666858 7.9347158, 80.8667048 7.9346878, 80.8667886 7.9346581, 80.8673132 7.9345926, 80.8676149 7.9344265, 80.8678236 7.9343058, 80.8680042 7.934195)"
538568579,,,,residential,,False,True,144.689,"LINESTRING (80.8666858 7.9347158, 80.866625 7.9346974, 80.8661935 7.9347123, 80.865714 7.9346737, 80.8653844 7.9346024)"
