osmid,ref,name,highway,maxspeed,oneway,reversed,length,geometry
372994182,B588,Dedugala - Dolosbage Road,tertiary,50,False,False,209.00599999999997,"LINESTRING (80.468946 7.0816828, 80.468641 7.0815093, 80.4680659 7.0811802, 80.4678382 7.081111, 80.4677343 7.0811041, 80.4672009 7.0811601)"
378571123,,Aranayaka - Ambalakanda - Dolosbage Road,secondary,50,False,False,148.807,"LINESTRING (80.468946 7.0816828, 80.468946 7.0817144, 80.4690267 7.0819524, 80.4690718 7.0820263, 80.4692545 7.0821404, 80.4695026 7.0823687, 80.4698709 7.0825739)"
378571123,,Aranayaka - Ambalakanda - Dolosbage Road,secondary,50,False,True,148.807,"LINESTRING (80.4698709 7.0825739, 80.4695026 7.0823687, 80.4692545 7.0821404, 80.4690718 7.0820263, 80.4690267 7.0819524, 80.468946 7.0817144, 80.468946 7.0816828)"
372994182,B588,Dedugala - Dolosbage Road,tertiary,50,False,True,209.006,"LINESTRING (80.4672009 7.0811601, 80.4677343 7.0811041, 80.4678382 7.081111, 80.4680659 7.0811802, 80.468641 7.0815093, 80.468946 7.0816828)"
