osmid,ref,name,highway,maxspeed,oneway,reversed,length,geometry,bridge
579261582,B122,Galagedara-Rambukkana Road,secondary,50,False,False,370.49199999999996,"LINESTRING (80.4673219 7.330111, 80.4673145 7.3301695, 80.4672937 7.3302107, 80.4667667 7.3307155, 80.4667009 7.3308206, 80.4666822 7.3308751, 80.4666969 7.3311511, 80.4667385 7.3313839, 80.4668833 7.3321221, 80.4669075 7.3322578, 80.4669278 7.3325309, 80.4669578 7.3329508, 80.4669839 7.3330266, 80.4670215 7.3330878, 80.4670715 7.3331368)",
"[660414572, 660414573, 579261582]",B122,Galagedara-Rambukkana Road,secondary,50,False,False,506.09099999999995,"LINESTRING (80.4670715 7.3331368, 80.4671603 7.3331849, 80.4672374 7.3332049, 80.4674922 7.3332088, 80.4676129 7.3332155, 80.4679475 7.3332418, 80.4679938 7.3332398, 80.4680377 7.3332288, 80.4685557 7.3330087, 80.4686281 7.3329774, 80.4687245 7.3329429, 80.4689856 7.3329081, 80.4690859 7.3329008, 80.469268 7.3329057, 80.46946 7.332953, 80.4697021 7.3330609, 80.4698647 7.3331664, 80.4700359 7.3334138, 80.470613 7.3346284)",yes
579261582,B122,Galagedara-Rambukkana Road,secondary,50,False,True,370.4919999999999,"LINESTRING (80.4670715 7.3331368, 80.4670215 7.3330878, 80.4669839 7.3330266, 80.4669578 7.3329508, 80.4669278 7.3325309, 80.4669075 7.3322578, 80.4668833 7.3321221, 80.4667385 7.3313839, 80.4666969 7.3311511, 80.4666822 7.3308751, 80.4667009 7.3308206, 80.4667667 7.3307155, 80.4672937 7.3302107, 80.4673145 7.3301695, 80.4673219 7.330111)",
660414572,B122,Galagedara-Rambukkana Road,secondary,50,False,False,39.699,"LINESTRING (80.470613 7.3346284, 80.4707784 7.3349455)",
"[660414572, 660414573, 579261582]",B122,Galagedara-Rambukkana Road,secondary,50,False,True,506.0909999999999,"LINESTRING (80.470613 7.3346284, 80.4700359 7.3334138, 80.4698647 7.3331664, 80.4697021 7.3330609, 80.46946 7.332953, 80.469268 7.3329057, 80.4690859 7.3329008, 80.4689856 7.3329081, 80.4687245 7.3329429, 80.4686281 7.3329774, 80.4685557 7.3330087, 80.4680377 7.3332288, 80.4679938 7.3332398, 80.4679475 7.3332418, 80.4676129 7.3332155, 80.4674922 7.3332088, 80.4672374 7.3332049, 80.4671603 7.3331849, 80.4670715 7.3331368)",yes
660414572,B122,Galagedara-Rambukkana Road,secondary,50,False,True,39.699,"LINESTRING (80.4707784 7.3349455, 80.470613 7.3346284)",
