osmid,highway,oneway,reversed,length,geometry
548529137,unclassified,False,True,299.79100000000005,"LINESTRING (80.420056 6.591878, 80.4200587 6.5920086, 80.4200399 6.5921844, 80.4199997 6.5923496, 80.4199514 6.5923763, 80.4198763 6.5923816, 80.4197744 6.5923949, 80.4196617 6.5924216, 80.4195518 6.5924402, 80.4194391 6.5924162, 80.419313 6.592363, 80.4192057 6.5923257, 80.419026 6.592267, 80.4188168 6.5922404, 80.4185701 6.592259, 80.4184199 6.592275, 80.4182455 6.592307, 80.4179706 6.5923989, 80.4178528 6.5924757)"
548529137,unclassified,False,False,299.791,"LINESTRING (80.4178528 6.5924757, 80.4179706 6.5923989, 80.4182455 6.592307, 80.4184199 6.592275, 80.4185701 6.592259, 80.4188168 6.5922404, 80.419026 6.592267, 80.4192057 6.5923257, 80.419313 6.592363, 80.4194391 6.5924162, 80.4195518 6.5924402, 80.4196617 6.5924216, 80.4197744 6.5923949, 80.4198763 6.5923816, 80.4199514 6.5923763, 80.4199997 6.5923496, 80.4200399 6.5921844, 80.4200587 6.5920086, 80.420056 6.591878)"
1125185169,unclassified,False,False,73.105,"LINESTRING (80.4178528 6.5924757, 80.4177815 6.592339, 80.4177091 6.5922217, 80.4176662 6.5920992, 80.4177118 6.5918674)"
1125185169,unclassified,False,True,73.105,"LINESTRING (80.4177118 6.5918674, 80.4176662 6.5920992, 80.4177091 6.5922217, 80.4177815 6.592339, 80.4178528 6.5924757)"
