osmid,oneway,lanes,ref,name,highway,maxspeed,reversed,length,geometry
199357819,False,2,B201,Karuwalagaswewa - Miyallewa Road,secondary,70,False,218.71699999999998,"LINESTRING (79.9612831 8.057585, 79.9617184 8.0569992, 79.9622221 8.0561467, 79.9623871 8.0559548)"
756483967,False,,,,residential,,True,264.52,"LINESTRING (79.961527 8.0542023, 79.9614626 8.0544188, 79.9614264 8.0548941, 79.9614854 8.0549645, 79.9618368 8.0552115, 79.961936 8.0553098, 79.9619347 8.0553549, 79.9617966 8.0556178, 79.9618395 8.0556563, 79.9622565 8.0558608, 79.9623871 8.0559548)"
199357819,False,2,B201,Karuwalagaswewa - Miyallewa Road,secondary,70,False,336.81,"LINESTRING (79.9623871 8.0559548, 79.962591 8.0557176, 79.964986 8.0543904)"
199357819,False,2,B201,Karuwalagaswewa - Miyallewa Road,secondary,70,True,218.717,"LINESTRING (79.9623871 8.0559548, 79.9622221 8.0561467, 79.9617184 8.0569992, 79.9612831 8.057585)"
756483967,False,,,,residential,,False,264.52,"LINESTRING (79.9623871 8.0559548, 79.9622565 8.0558608, 79.9618395 8.0556563, 79.9617966 8.0556178, 79.9619347 8.0553549, 79.961936 8.0553098, 79.9618368 8.0552115, 79.9614854 8.0549645, 79.9614264 8.0548941, 79.9614626 8.0544188, 79.961527 8.0542023)"
756488774,False,,,,residential,,True,73.303,"LINESTRING (79.9646129 8.0538465, 79.9646464 8.0539208, 79.9649106 8.0542727, 79.964986 8.0543904)"
199357819,False,2,B201,Karuwalagaswewa - Miyallewa Road,secondary,70,True,336.81,"LINESTRING (79.964986 8.0543904, 79.962591 8.0557176, 79.9623871 8.0559548)"
756488774,False,,,,residential,,False,73.303,"LINESTRING (79.964986 8.0543904, 79.9649106 8.0542727, 79.9646464 8.0539208, 79.9646129 8.0538465)"
