osmid,oneway,lanes,ref,name,highway,maxspeed,reversed,length,geometry
205624614,False,2,B53,Kirinda - Kamburupitiya Road,primary,60,False,146.369,"LINESTRING (80.6298096 6.0527251, 80.629084 6.0529362, 80.6285383 6.0530918)"
205624614,False,2,B53,Kirinda - Kamburupitiya Road,primary,60,True,18.982,"LINESTRING (80.6283733 6.0531389, 80.6285383 6.0530918)"
516415873,False,,,,unclassified,,True,403.43499999999995,"LINESTRING (80.6283733 6.0531389, 80.6279433 6.0522224, 80.6278709 6.0521451, 80.6277797 6.0520864, 80.6276777 6.0520544, 80.6274605 6.051889, 80.627313 6.0518223, 80.6271574 6.051777, 80.6269455 6.0517583, 80.6268463 6.051721, 80.626688 6.051713, 80.6266424 6.051737, 80.6265807 6.051825, 80.6265324 6.0520891, 80.6264386 6.0523985, 80.62635 6.0528679)"
516415873,False,,,,unclassified,,False,403.435,"LINESTRING (80.62635 6.0528679, 80.6264386 6.0523985, 80.6265324 6.0520891, 80.6265807 6.051825, 80.6266424 6.051737, 80.626688 6.051713, 80.6268463 6.051721, 80.6269455 6.0517583, 80.6271574 6.051777, 80.627313 6.0518223, 80.6274605 6.051889, 80.6276777 6.0520544, 80.6277797 6.0520864, 80.6278709 6.0521451, 80.6279433 6.0522224, 80.6283733 6.0531389)"
635889956,False,,,,residential,,True,123.852,"LINESTRING (80.6289545 6.0541108, 80.6289089 6.0540202, 80.6288472 6.0539695, 80.6287426 6.0537694, 80.6286111 6.0533347, 80.6285383 6.0530918)"
205624614,False,2,B53,Kirinda - Kamburupitiya Road,primary,60,False,18.982,"LINESTRING (80.6285383 6.0530918, 80.6283733 6.0531389)"
205624614,False,2,B53,Kirinda - Kamburupitiya Road,primary,60,True,146.369,"LINESTRING (80.6285383 6.0530918, 80.629084 6.0529362, 80.6298096 6.0527251)"
635889956,False,,,,residential,,False,123.85199999999999,"LINESTRING (80.6285383 6.0530918, 80.6286111 6.0533347, 80.6287426 6.0537694, 80.6288472 6.0539695, 80.6289089 6.0540202, 80.6289545 6.0541108)"
