osmid,ref,name,highway,maxspeed,oneway,reversed,length,geometry
197676040,B415,Mulatiyana - Makandura Road,primary,60,False,True,10.901,"LINESTRING (80.5843009 6.1601589, 80.584263 6.1600684)"
346922683,,,primary,60,False,True,82.72200000000001,"LINESTRING (80.5843009 6.1601589, 80.5844804 6.1603228, 80.5846616 6.1605594, 80.5847568 6.1607404)"
671847414,,,primary,60,False,False,62.976,"LINESTRING (80.5843009 6.1601589, 80.5842997 6.1603449, 80.5842774 6.1607246)"
671847414,,,primary,60,False,True,62.976,"LINESTRING (80.5842774 6.1607246, 80.5842997 6.1603449, 80.5843009 6.1601589)"
671847415,,,primary,60,False,False,53.1,"LINESTRING (80.5842774 6.1607246, 80.5844405 6.1607182, 80.5847568 6.1607404)"
346922683,,,primary,60,False,False,82.722,"LINESTRING (80.5847568 6.1607404, 80.5846616 6.1605594, 80.5844804 6.1603228, 80.5843009 6.1601589)"
671847415,,,primary,60,False,True,53.1,"LINESTRING (80.5847568 6.1607404, 80.5844405 6.1607182, 80.5842774 6.1607246)"
197676040,B415,Mulatiyana - Makandura Road,primary,60,False,False,10.901,"LINESTRING (80.584263 6.1600684, 80.5843009 6.1601589)"
