osmid,name,highway,maxspeed,oneway,reversed,length,geometry
172857520,Nallathanniya - Sri Pada,residential,30,False,True,82.52799999999999,"LINESTRING (80.5193286 6.8243561, 80.5198324 6.8242786, 80.5200599 6.8242103)"
251138743,,unclassified,20,False,True,449.66400000000004,"LINESTRING (80.5229676 6.8236392, 80.5225735 6.8235313, 80.5223624 6.8235373, 80.5220064 6.8236272, 80.5217993 6.823741, 80.5216364 6.823759, 80.5214273 6.8238308, 80.521375 6.8237869, 80.5213408 6.8236052, 80.5212885 6.8234854, 80.5212423 6.8234535, 80.52118 6.8234674, 80.5210211 6.823753, 80.5209004 6.8238368, 80.5206451 6.8240884, 80.5205908 6.8241683, 80.5205144 6.8241763, 80.520442 6.8241343, 80.5203957 6.8240485, 80.5202228 6.8240225, 80.5201604 6.8239566, 80.5201283 6.8238768, 80.5200559 6.8238867, 80.5200217 6.8239426, 80.5200458 6.8240065, 80.5200599 6.8242103)"
172857520,Nallathanniya - Sri Pada,residential,30,False,False,82.52799999999999,"LINESTRING (80.5200599 6.8242103, 80.5198324 6.8242786, 80.5193286 6.8243561)"
251138743,,unclassified,20,False,False,449.66399999999993,"LINESTRING (80.5200599 6.8242103, 80.5200458 6.8240065, 80.5200217 6.8239426, 80.5200559 6.8238867, 80.5201283 6.8238768, 80.5201604 6.8239566, 80.5202228 6.8240225, 80.5203957 6.8240485, 80.520442 6.8241343, 80.5205144 6.8241763, 80.5205908 6.8241683, 80.5206451 6.8240884, 80.5209004 6.8238368, 80.5210211 6.823753, 80.52118 6.8234674, 80.5212423 6.8234535, 80.5212885 6.8234854, 80.5213408 6.8236052, 80.521375 6.8237869, 80.5214273 6.8238308, 80.5216364 6.823759, 80.5217993 6.823741, 80.5220064 6.8236272, 80.5223624 6.8235373, 80.5225735 6.8235313, 80.5229676 6.8236392)"
