osmid,name,highway,maxspeed,oneway,reversed,length,geometry,lanes,ref
186846068,Komana Road,tertiary,50,False,False,230.31799999999998,"LINESTRING (81.2430343 7.4002059, 81.2430904 7.4001536, 81.2431237 7.4000547, 81.2431763 7.3998662, 81.243221 7.3997682, 81.2432916 7.399684, 81.2435052 7.3995106, 81.2437179 7.3993363, 81.2438868 7.3992259, 81.2440436 7.3991409, 81.2445531 7.3989165)",,
1101550371,Peradeniya-Badulla-Chenkaladi Road,trunk,60,False,False,70.827,"LINESTRING (81.2430343 7.4002059, 81.2429477 7.400076, 81.2428302 7.3999262, 81.2426373 7.3997063)",4,AA005
1101550371,Peradeniya-Badulla-Chenkaladi Road,trunk,60,False,True,411.465,"LINESTRING (81.2430343 7.4002059, 81.2431154 7.4003296, 81.2431639 7.4004535, 81.2432065 7.400612, 81.243241 7.4007774, 81.2432601 7.4008807, 81.2433351 7.4012862, 81.2433977 7.4017858, 81.2434437 7.4021636, 81.2434553 7.4023358, 81.243464 7.4024651, 81.243479 7.4029533, 81.2435188 7.4037634, 81.2435361 7.4038457)",4,AA005
1101550371,Peradeniya-Badulla-Chenkaladi Road,trunk,60,False,True,70.827,"LINESTRING (81.2426373 7.3997063, 81.2428302 7.3999262, 81.2429477 7.400076, 81.2430343 7.4002059)",4,AA005
1101550371,Peradeniya-Badulla-Chenkaladi Road,trunk,60,False,False,411.465,"LINESTRING (81.2435361 7.4038457, 81.2435188 7.4037634, 81.243479 7.4029533, 81.243464 7.4024651, 81.2434553 7.4023358, 81.2434437 7.4021636, 81.2433977 7.4017858, 81.2433351 7.4012862, 81.2432601 7.4008807, 81.243241 7.4007774, 81.2432065 7.400612, 81.2431639 7.4004535, 81.2431154 7.4003296, 81.2430343 7.4002059)",4,AA005
186846068,Komana Road,tertiary,50,False,True,230.31799999999998,"LINESTRING (81.2445531 7.3989165, 81.2440436 7.3991409, 81.2438868 7.3992259, 81.2437179 7.3993363, 81.2435052 7.3995106, 81.2432916 7.399684, 81.243221 7.3997682, 81.2431763 7.3998662, 81.2431237 7.4000547, 81.2430904 7.4001536, 81.2430343 7.4002059)",,
