osmid,lanes,ref,name,highway,maxspeed,oneway,reversed,length,geometry
260815348,2,N40,Chaussée de Beaumont,primary,70,False,False,178.466,"LINESTRING (3.9835993 50.4469123, 3.9836603 50.4468316, 3.9838179 50.4466226, 3.9841845 50.4461352, 3.984692 50.445466)"
64470936,,,Rue des Collines,residential,,False,False,49.809,"LINESTRING (3.984049 50.4452844, 3.9846254 50.4454472, 3.984692 50.445466)"
64470936,,,Rue des Collines,residential,,False,True,49.809,"LINESTRING (3.984692 50.445466, 3.9846254 50.4454472, 3.984049 50.4452844)"
260815348,2,N40,Chaussée de Beaumont,primary,70,False,True,178.466,"LINESTRING (3.984692 50.445466, 3.9841845 50.4461352, 3.9838179 50.4466226, 3.9836603 50.4468316, 3.9835993 50.4469123)"
