osmid,highway,oneway,reversed,length,geometry,ref
928358241,residential,False,False,336.5730000000001,"LINESTRING (68.819625 39.1621436, 68.8196015 39.1620658, 68.8195722 39.1619907, 68.8196468 39.161843, 68.8196897 39.1617536, 68.819679 39.1615966, 68.8197394 39.1614728, 68.8196455 39.1613928, 68.8196428 39.1613148, 68.8195851 39.1611921, 68.8195825 39.1610444, 68.8195932 39.1608427, 68.8195905 39.160512, 68.8196415 39.1604351, 68.8197648 39.1603935, 68.8198051 39.1603415, 68.8198909 39.1602292, 68.8199633 39.1601044, 68.8200599 39.1600358, 68.8201699 39.1599089, 68.820245 39.1598715, 68.8204032 39.1597571, 68.8206446 39.1596843, 68.820709 39.1596739, 68.8207573 39.1596198)",
928632412,residential,False,False,58.084,"LINESTRING (68.8188576 39.15953, 68.818772 39.1591625, 68.8187317 39.1590169)",
936755784,tertiary,False,False,171.526,"LINESTRING (68.8188576 39.15953, 68.819953 39.15938, 68.8203093 39.1594201, 68.820601 39.159543, 68.8207573 39.1596198)",РҶ086
928632412,residential,False,True,58.084,"LINESTRING (68.8187317 39.1590169, 68.818772 39.1591625, 68.8188576 39.15953)",
928358241,residential,False,True,336.573,"LINESTRING (68.8207573 39.1596198, 68.820709 39.1596739, 68.8206446 39.1596843, 68.8204032 39.1597571, 68.820245 39.1598715, 68.8201699 39.1599089, 68.8200599 39.1600358, 68.8199633 39.1601044, 68.8198909 39.1602292, 68.8198051 39.1603415, 68.8197648 39.1603935, 68.8196415 39.1604351, 68.8195905 39.160512, 68.8195932 39.1608427, 68.8195825 39.1610444, 68.8195851 39.1611921, 68.8196428 39.1613148, 68.8196455 39.1613928, 68.8197394 39.1614728, 68.819679 39.1615966, 68.8196897 39.1617536, 68.8196468 39.161843, 68.8195722 39.1619907, 68.8196015 39.1620658, 68.819625 39.1621436)",
936755784,tertiary,False,True,171.526,"LINESTRING (68.8207573 39.1596198, 68.820601 39.159543, 68.8203093 39.1594201, 68.819953 39.15938, 68.8188576 39.15953)",РҶ086
