osmid,highway,oneway,reversed,length,geometry
541006548,unclassified,False,False,445.07800000000003,"LINESTRING (-70.1182844 -18.414857, -70.1182821 -18.414977, -70.1182712 -18.4154994, -70.1182887 -18.4157655, -70.1177756 -18.4161046, -70.1170783 -18.4164605, -70.1166713 -18.4165814, -70.1162112 -18.4166419, -70.1160343 -18.4166083, -70.1157794 -18.4164639, -70.1155989 -18.4162994, -70.1154928 -18.4161113)"
541006548,unclassified,False,True,445.07800000000003,"LINESTRING (-70.1154928 -18.4161113, -70.1155989 -18.4162994, -70.1157794 -18.4164639, -70.1160343 -18.4166083, -70.1162112 -18.4166419, -70.1166713 -18.4165814, -70.1170783 -18.4164605, -70.1177756 -18.4161046, -70.1182887 -18.4157655, -70.1182712 -18.4154994, -70.1182821 -18.414977, -70.1182844 -18.414857)"
