osmid,highway,oneway,reversed,length,geometry
751005870,unclassified,False,False,145.51,"LINESTRING (44.5823187 9.0442645, 44.5822671 9.0444945, 44.5822671 9.0447373, 44.5822964 9.0449823, 44.5822716 9.0451895, 44.5823483 9.0453476, 44.58249 9.0454899)"
"[749267673, 751005871]",unclassified,False,"[False, True]",411.43199999999996,"LINESTRING (44.58249 9.0454899, 44.5821333 9.0454422, 44.5819187 9.0454158, 44.5817712 9.0453707, 44.5815107 9.0452572, 44.5812812 9.0451598, 44.5811845 9.0450849, 44.5809567 9.0451226, 44.5808247 9.0450892, 44.5806702 9.0450046, 44.5804988 9.0449077, 44.5804345 9.0448921, 44.5802048 9.0449098, 44.5800003 9.0450001, 44.5795086 9.0451783, 44.5791478 9.0452986, 44.5789579 9.0453269)"
751005870,unclassified,False,True,145.51000000000002,"LINESTRING (44.58249 9.0454899, 44.5823483 9.0453476, 44.5822716 9.0451895, 44.5822964 9.0449823, 44.5822671 9.0447373, 44.5822671 9.0444945, 44.5823187 9.0442645)"
"[749267673, 751005871]",unclassified,False,"[False, True]",411.43199999999996,"LINESTRING (44.5789579 9.0453269, 44.5791478 9.0452986, 44.5795086 9.0451783, 44.5800003 9.0450001, 44.5802048 9.0449098, 44.5804345 9.0448921, 44.5804988 9.0449077, 44.5806702 9.0450046, 44.5808247 9.0450892, 44.5809567 9.0451226, 44.5811845 9.0450849, 44.5812812 9.0451598, 44.5815107 9.0452572, 44.5817712 9.0453707, 44.5819187 9.0454158, 44.5821333 9.0454422, 44.58249 9.0454899)"
