osmid,highway,oneway,reversed,length,geometry
258642463,residential,False,False,207.781,"LINESTRING (119.4238139 23.2058043, 119.423383 23.2062242, 119.4232182 23.2064837, 119.4231328 23.2067441, 119.4230995 23.2068133, 119.4227789 23.2071092, 119.4226166 23.2072786)"
"[1171836744, 258635745]",residential,False,False,510.42400000000004,"LINESTRING (119.4238139 23.2058043, 119.4242061 23.2058411, 119.4244683 23.2057953, 119.424772 23.2058123, 119.4251567 23.2058465, 119.4253837 23.2058494, 119.4255961 23.2058893, 119.4259029 23.2059469, 119.4262682 23.2060117, 119.4264313 23.2060448, 119.4268404 23.2061279, 119.4269734 23.2061235, 119.4271755 23.2060119, 119.4274705 23.2058747, 119.4281395 23.205834, 119.4286971 23.2058365)"
"[1171836744, 258635745]",residential,False,True,510.4240000000001,"LINESTRING (119.4286971 23.2058365, 119.4281395 23.205834, 119.4274705 23.2058747, 119.4271755 23.2060119, 119.4269734 23.2061235, 119.4268404 23.2061279, 119.4264313 23.2060448, 119.4262682 23.2060117, 119.4259029 23.2059469, 119.4255961 23.2058893, 119.4253837 23.2058494, 119.4251567 23.2058465, 119.424772 23.2058123, 119.4244683 23.2057953, 119.4242061 23.2058411, 119.4238139 23.2058043)"
258642463,residential,False,True,207.781,"LINESTRING (119.4226166 23.2072786, 119.4227789 23.2071092, 119.4230995 23.2068133, 119.4231328 23.2067441, 119.4232182 23.2064837, 119.423383 23.2062242, 119.4238139 23.2058043)"
