osmid,name,highway,oneway,reversed,length,geometry
19792770,新生街,residential,False,False,97.027,"LINESTRING (121.303153 23.346381, 121.3034945 23.3462907, 121.3040582 23.3461158)"
19792770,新生街,residential,False,True,97.027,"LINESTRING (121.3040582 23.3461158, 121.3034945 23.3462907, 121.303153 23.346381)"
