osmid,ref,highway,oneway,reversed,length,geometry
61273970,澎40,tertiary,False,False,205.15,"LINESTRING (119.6528091 23.5835206, 119.6529509 23.584006, 119.652958 23.5842857, 119.6534333 23.585255)"
61273970,澎40,tertiary,False,True,205.15,"LINESTRING (119.6534333 23.585255, 119.652958 23.5842857, 119.6529509 23.584006, 119.6528091 23.5835206)"
