osmid,name,highway,oneway,reversed,length,geometry,lanes,ref
523420860,上杉路,tertiary,False,True,562.6480000000001,"LINESTRING (120.3672128 22.3440039, 120.3684843 22.3427132, 120.3687831 22.342398, 120.3689464 22.3421556, 120.3689808 22.3420801, 120.3689808 22.3419569, 120.3689759 22.3418763, 120.3689727 22.3418235, 120.3689684 22.3417529, 120.3690209 22.3416504, 120.36926 22.3414886, 120.3699117 22.3410842, 120.3701212 22.3409648, 120.370271 22.3408587, 120.3703659 22.3407739, 120.3706691 22.3402867)",,
523420864,復興路,tertiary,False,False,389.485,"LINESTRING (120.3672128 22.3440039, 120.3670774 22.3438818, 120.3667783 22.3436024, 120.366035 22.342937, 120.3659096 22.3428305, 120.3657726 22.342734, 120.3654579 22.3426257, 120.3651903 22.3425357, 120.3649447 22.3424406, 120.3646596 22.34229, 120.364442 22.3421392, 120.3643242 22.3420298, 120.3641822 22.3420296)",2,屏202
523420860,上杉路,tertiary,False,False,562.648,"LINESTRING (120.3706691 22.3402867, 120.3703659 22.3407739, 120.370271 22.3408587, 120.3701212 22.3409648, 120.3699117 22.3410842, 120.36926 22.3414886, 120.3690209 22.3416504, 120.3689684 22.3417529, 120.3689727 22.3418235, 120.3689759 22.3418763, 120.3689808 22.3419569, 120.3689808 22.3420801, 120.3689464 22.3421556, 120.3687831 22.342398, 120.3684843 22.3427132, 120.3672128 22.3440039)",,
523420864,復興路,tertiary,False,True,389.48500000000007,"LINESTRING (120.3641822 22.3420296, 120.3643242 22.3420298, 120.364442 22.3421392, 120.3646596 22.34229, 120.3649447 22.3424406, 120.3651903 22.3425357, 120.3654579 22.3426257, 120.3657726 22.342734, 120.3659096 22.3428305, 120.366035 22.342937, 120.3667783 22.3436024, 120.3670774 22.3438818, 120.3672128 22.3440039)",2,屏202
