osmid,ref,highway,oneway,reversed,length,geometry
1217635039,嘉126,tertiary,False,True,432.879,"LINESTRING (120.5545611 23.4641545, 120.5544821 23.4640282, 120.5539044 23.463529, 120.5535118 23.4631837, 120.5530962 23.4628153, 120.5523695 23.4621456, 120.5520333 23.4618499, 120.5517258 23.4615611, 120.5515916 23.4613856)"
1217635039,嘉126,tertiary,False,False,432.87899999999996,"LINESTRING (120.5515916 23.4613856, 120.5517258 23.4615611, 120.5520333 23.4618499, 120.5523695 23.4621456, 120.5530962 23.4628153, 120.5535118 23.4631837, 120.5539044 23.463529, 120.5544821 23.4640282, 120.5545611 23.4641545)"
