osmid,highway,oneway,reversed,length,geometry
1240399032,tertiary,False,True,589.8389999999999,"LINESTRING (116.323843 35.4531542, 116.3179176 35.4539778, 116.3174169 35.4539661)"
1240399032,tertiary,False,False,589.8389999999999,"LINESTRING (116.3174169 35.4539661, 116.3179176 35.4539778, 116.323843 35.4531542)"
1240399036,tertiary,False,False,484.69499999999994,"LINESTRING (116.3174169 35.4539661, 116.3174523 35.4545094, 116.3176097 35.454894, 116.3180245 35.4560709, 116.3181819 35.4566535, 116.3182963 35.4573293, 116.3184537 35.4582265)"
1240399036,tertiary,False,True,484.695,"LINESTRING (116.3184537 35.4582265, 116.3182963 35.4573293, 116.3181819 35.4566535, 116.3180245 35.4560709, 116.3176097 35.454894, 116.3174523 35.4545094, 116.3174169 35.4539661)"
