osmid,highway,oneway,reversed,length,name,geometry
278001651,unclassified,False,True,70.905,,"LINESTRING (115.6856702 32.1778426, 115.6864227 32.1778118)"
966866848,residential,False,False,316.375,,"LINESTRING (115.6864375 32.180657, 115.6864227 32.1778118)"
278001650,unclassified,False,False,323.14099999999996,苗圃路,"LINESTRING (115.6897246 32.1777243, 115.6897053 32.176034, 115.689668 32.1753938, 115.6896499 32.1750773, 115.6896631 32.1748197)"
278001651,unclassified,False,False,310.919,,"LINESTRING (115.6897246 32.1777243, 115.6870778 32.1777871, 115.6864227 32.1778118)"
278001651,unclassified,False,False,70.905,,"LINESTRING (115.6864227 32.1778118, 115.6856702 32.1778426)"
966866848,residential,False,True,316.375,,"LINESTRING (115.6864227 32.1778118, 115.6864375 32.180657)"
278001651,unclassified,False,True,310.919,,"LINESTRING (115.6864227 32.1778118, 115.6870778 32.1777871, 115.6897246 32.1777243)"
278001650,unclassified,False,True,323.14099999999996,苗圃路,"LINESTRING (115.6896631 32.1748197, 115.6896499 32.1750773, 115.689668 32.1753938, 115.6897053 32.176034, 115.6897246 32.1777243)"
