osmid,highway,oneway,reversed,length,geometry
317589447,tertiary,False,True,291.641,"LINESTRING (106.697518 39.5260402, 106.6986418 39.5235648)"
317589447,tertiary,False,False,291.641,"LINESTRING (106.6986418 39.5235648, 106.697518 39.5260402)"
