osmid,oneway,lanes,name,highway,reversed,length,geometry
563124769,True,2,南岳路,tertiary,False,12.72,"LINESTRING (118.2690537 32.0847572, 118.2691739 32.0848093)"
563124769,True,2,南岳路,tertiary,False,454.799,"LINESTRING (118.2691739 32.0848093, 118.2734566 32.0866968)"
563124770,True,2,儒林路,secondary,False,6.399,"LINESTRING (118.2691739 32.0848093, 118.2691429 32.0848605)"
563127033,True,2,南岳路,tertiary,False,12.729,"LINESTRING (118.2691429 32.0848605, 118.2690204 32.0848122)"
563124751,True,2,儒林路,secondary,False,6.873,"LINESTRING (118.2690204 32.0848122, 118.2690537 32.0847572)"
