osmid,ref,name,highway,maxspeed,oneway,reversed,length,geometry
491857282,S324,燕徐线,primary,80,False,False,326.903,"LINESTRING (119.1474547 34.2521661, 119.144365 34.2507098)"
854903519,,,tertiary,,False,False,259.421,"LINESTRING (119.1438115 34.2484286, 119.1439295 34.2486636, 119.1440476 34.2490716, 119.144365 34.2507098)"
491857282,S324,燕徐线,primary,80,False,False,22.51,"LINESTRING (119.144365 34.2507098, 119.1441522 34.2506096)"
491857282,S324,燕徐线,primary,80,False,True,326.903,"LINESTRING (119.144365 34.2507098, 119.1474547 34.2521661)"
854903519,,,tertiary,,False,True,259.421,"LINESTRING (119.144365 34.2507098, 119.1440476 34.2490716, 119.1439295 34.2486636, 119.1438115 34.2484286)"
491857282,S324,燕徐线,primary,80,False,True,22.51,"LINESTRING (119.1441522 34.2506096, 119.144365 34.2507098)"
