osmid,highway,oneway,reversed,length,geometry
1252074077,unclassified,False,False,10.482,"LINESTRING (116.6435284 34.9650801, 116.6434151 34.9650964)"
1252074077,unclassified,False,True,602.617,"LINESTRING (116.6369126 34.9660821, 116.6398077 34.9656152, 116.6434151 34.9650964)"
1252074077,unclassified,False,True,10.482,"LINESTRING (116.6434151 34.9650964, 116.6435284 34.9650801)"
1252074077,unclassified,False,False,602.617,"LINESTRING (116.6434151 34.9650964, 116.6398077 34.9656152, 116.6369126 34.9660821)"
