osmid,highway,oneway,reversed,length,geometry
226945184,secondary,False,True,191.727,"LINESTRING (88.689037 46.4072142, 88.6881604 46.4062306, 88.6876276 46.4057951)"
226945202,residential,False,True,158.211,"LINESTRING (88.6876276 46.4057951, 88.6860072 46.406676)"
226945184,secondary,False,False,191.727,"LINESTRING (88.6876276 46.4057951, 88.6881604 46.4062306, 88.689037 46.4072142)"
226945202,residential,False,False,158.211,"LINESTRING (88.6860072 46.406676, 88.6876276 46.4057951)"
