osmid,highway,oneway,reversed,length,geometry
614779034,residential,False,True,463.942,"LINESTRING (116.1947104 35.4696015, 116.1933755 35.4736297)"
"[1240399084, 385397151]",tertiary,False,"[False, True]",1313.963,"LINESTRING (116.1947104 35.4696015, 116.1918554 35.4694731, 116.1912321 35.4697116, 116.1895991 35.4711673, 116.1878568 35.4731463, 116.1933755 35.4736297)"
614779034,residential,False,False,463.942,"LINESTRING (116.1933755 35.4736297, 116.1947104 35.4696015)"
"[1240399084, 385397151]",tertiary,False,"[False, True]",1313.963,"LINESTRING (116.1933755 35.4736297, 116.1878568 35.4731463, 116.1895991 35.4711673, 116.1912321 35.4697116, 116.1918554 35.4694731, 116.1947104 35.4696015)"
