osmid,highway,oneway,reversed,length,geometry
1093495952,secondary,False,False,216.029,"LINESTRING (117.437295 35.9110964, 117.4349063 35.910919)"
1093495952,secondary,False,True,725.021,"LINESTRING (117.4268882 35.910336, 117.4295199 35.9105188, 117.4349063 35.910919)"
1093495952,secondary,False,True,216.029,"LINESTRING (117.4349063 35.910919, 117.437295 35.9110964)"
1093495952,secondary,False,False,725.021,"LINESTRING (117.4349063 35.910919, 117.4295199 35.9105188, 117.4268882 35.910336)"
