osmid,name,highway,oneway,reversed,length,geometry
1214001549,峰回路,primary,False,True,214.163,"LINESTRING (117.5168665 31.8606041, 117.5164598 31.8606229, 117.5161779 31.8605083, 117.5156807 31.8601455, 117.5153902 31.8599974, 117.5148498 31.8598956)"
1214001549,峰回路,primary,False,False,214.163,"LINESTRING (117.5148498 31.8598956, 117.5153902 31.8599974, 117.5156807 31.8601455, 117.5161779 31.8605083, 117.5164598 31.8606229, 117.5168665 31.8606041)"
