osmid,name,highway,oneway,reversed,length,lanes,ref,geometry
838047748,兴达路,tertiary,False,True,11.781,,,"LINESTRING (119.8497476 33.4838335, 119.8496225 33.4838519)"
190820477,阜泰线,trunk,True,False,411.199,2,S231,"LINESTRING (119.8496225 33.4838519, 119.8496228 33.4801539)"
838047748,兴达路,tertiary,False,False,11.781,,,"LINESTRING (119.8496225 33.4838519, 119.8497476 33.4838335)"
833811407,光明路,unclassified,False,False,11.42,,,"LINESTRING (119.8496228 33.4801539, 119.8497416 33.4801809)"
833811407,光明路,unclassified,False,True,11.42,,,"LINESTRING (119.8497416 33.4801809, 119.8496228 33.4801539)"
848775490,阜泰线,trunk,True,False,406.152,2,S231,"LINESTRING (119.8497416 33.4801809, 119.8497441 33.4816221, 119.8497476 33.4838335)"
