osmid,oneway,highway,reversed,length,geometry
700930079,True,secondary,False,11.47,"LINESTRING (114.0522335 35.3054281, 114.0523599 35.3054279)"
700930044,True,tertiary,False,61.225,"LINESTRING (114.0522335 35.3054281, 114.052233 35.3052829, 114.0522315 35.3048775)"
700930045,True,tertiary,False,10.964,"LINESTRING (114.0523599 35.3054279, 114.0523602 35.3055265)"
700930079,True,secondary,False,196.471,"LINESTRING (114.0523599 35.3054279, 114.054525 35.3054237)"
"[700930080, 700930044]",True,"['secondary', 'tertiary']",False,22.434,"LINESTRING (114.0523602 35.3055265, 114.0522338 35.3055267, 114.0522335 35.3054281)"
700930045,True,tertiary,False,61.236000000000004,"LINESTRING (114.0523579 35.3048772, 114.0523594 35.3052827, 114.0523599 35.3054279)"
700930080,True,secondary,False,196.48,"LINESTRING (114.0545254 35.3055223, 114.0523602 35.3055265)"
