osmid,ref,highway,oneway,reversed,length,geometry
947975553,S241,primary,False,True,109.399,"LINESTRING (115.0455457 30.7999699, 115.0447685 30.8006926)"
947975553,S241,primary,False,False,257.508,"LINESTRING (115.0455457 30.7999699, 115.0456408 30.7998701, 115.0457292 30.7997869, 115.0458235 30.7997085, 115.0459233 30.7996354, 115.0460189 30.7995733, 115.0461185 30.799516, 115.0462218 30.7994637, 115.04645 30.799361, 115.0465751 30.7993113, 115.0467032 30.7992675, 115.0468339 30.7992299, 115.0470347 30.7991857, 115.0472364 30.7991547, 115.047373 30.7991423, 115.0476034 30.7991289, 115.0478342 30.7991247, 115.0479444 30.7991267)"
947975553,S241,primary,False,False,109.399,"LINESTRING (115.0447685 30.8006926, 115.0455457 30.7999699)"
947975547,,unclassified,False,True,162.319,"LINESTRING (115.0479444 30.7991267, 115.0479437 30.7992639, 115.047951 30.7994712, 115.0479651 30.7995196, 115.0479805 30.7995369, 115.0480033 30.7995501, 115.0480308 30.7995588, 115.048057 30.7995622, 115.0481898 30.7995599, 115.0482219 30.7995622, 115.0482984 30.7995703, 115.0483567 30.7995847, 115.048405 30.7996083, 115.0484473 30.79964, 115.048521 30.7997362, 115.0485753 30.7999015, 115.0485785 30.7999295, 115.0485733 30.7999573, 115.0485611 30.7999817, 115.0485425 30.8000028, 115.0482897 30.8000362)"
947975553,S241,primary,False,True,257.508,"LINESTRING (115.0479444 30.7991267, 115.0478342 30.7991247, 115.0476034 30.7991289, 115.047373 30.7991423, 115.0472364 30.7991547, 115.0470347 30.7991857, 115.0468339 30.7992299, 115.0467032 30.7992675, 115.0465751 30.7993113, 115.04645 30.799361, 115.0462218 30.7994637, 115.0461185 30.799516, 115.0460189 30.7995733, 115.0459233 30.7996354, 115.0458235 30.7997085, 115.0457292 30.7997869, 115.0456408 30.7998701, 115.0455457 30.7999699)"
947975547,,unclassified,False,False,162.319,"LINESTRING (115.0482897 30.8000362, 115.0485425 30.8000028, 115.0485611 30.7999817, 115.0485733 30.7999573, 115.0485785 30.7999295, 115.0485753 30.7999015, 115.048521 30.7997362, 115.0484473 30.79964, 115.048405 30.7996083, 115.0483567 30.7995847, 115.0482984 30.7995703, 115.0482219 30.7995622, 115.0481898 30.7995599, 115.048057 30.7995622, 115.0480308 30.7995588, 115.0480033 30.7995501, 115.0479805 30.7995369, 115.0479651 30.7995196, 115.047951 30.7994712, 115.0479437 30.7992639, 115.0479444 30.7991267)"
