osmid,oneway,lanes,ref,name,highway,maxspeed,reversed,length,geometry
293643744,False,4,G237,金山大道,primary,40,True,630.8439999999999,"LINESTRING (117.2215272 30.712488, 117.2217699 30.7123333, 117.2223171 30.7116738, 117.2245969 30.7090126, 117.2249958 30.7077604)"
293633050,False,4,G237,金山大道,primary,40,True,234.038,"LINESTRING (117.2249958 30.7077604, 117.2252087 30.7069967, 117.2255663 30.7057136)"
293643744,False,4,G237,金山大道,primary,40,False,630.8439999999999,"LINESTRING (117.2249958 30.7077604, 117.2245969 30.7090126, 117.2223171 30.7116738, 117.2217699 30.7123333, 117.2215272 30.712488)"
293633050,False,4,G237,金山大道,primary,40,False,234.038,"LINESTRING (117.2255663 30.7057136, 117.2252087 30.7069967, 117.2249958 30.7077604)"
