osmid,highway,oneway,reversed,length,lanes,ref,name,geometry
1065598729,tertiary,False,True,11.424,,,,"LINESTRING (112.7071067 35.0769621, 112.7070865 35.0768607)"
165829206,trunk,True,False,417.16600000000005,2,G327,连固线,"LINESTRING (112.7071067 35.0769621, 112.705368 35.077171, 112.702583 35.077568)"
527852842,trunk,True,False,417.77200000000005,2,G327,连固线,"LINESTRING (112.7025546 35.0774581, 112.705348 35.0770599, 112.7070865 35.0768607)"
1065598729,tertiary,False,False,11.424,,,,"LINESTRING (112.7070865 35.0768607, 112.7071067 35.0769621)"
