osmid,ref,highway,oneway,reversed,length,geometry
332352385,S421,primary,False,True,1186.2169999999999,"LINESTRING (107.8747924 29.3949311, 107.8748381 29.3954733, 107.8749168 29.3958962, 107.874874 29.3964761, 107.874344 29.3972122, 107.874252 29.3975108, 107.8742142 29.3983238, 107.8741603 29.3984287, 107.874046 29.3984498, 107.8739438 29.3983346, 107.8734726 29.3974491, 107.8725067 29.3966626, 107.8717876 29.3954682, 107.8715578 29.3953233, 107.8712415 29.3952656, 107.8702614 29.395281, 107.8690952 29.3957395, 107.8689147 29.3958986, 107.868643 29.3964092)"
463081838,S421,primary,False,False,196.38400000000001,"LINESTRING (107.8747924 29.3949311, 107.8748899 29.3948753, 107.8760062 29.3946773, 107.8766698 29.3943349)"
621808640,,tertiary,False,True,170.57399999999998,"LINESTRING (107.8747924 29.3949311, 107.8746962 29.3948446, 107.873339 29.3944193, 107.8731975 29.3943222)"
463081838,S421,primary,False,True,196.384,"LINESTRING (107.8766698 29.3943349, 107.8760062 29.3946773, 107.8748899 29.3948753, 107.8747924 29.3949311)"
332352385,S421,primary,False,False,1186.2169999999999,"LINESTRING (107.868643 29.3964092, 107.8689147 29.3958986, 107.8690952 29.3957395, 107.8702614 29.395281, 107.8712415 29.3952656, 107.8715578 29.3953233, 107.8717876 29.3954682, 107.8725067 29.3966626, 107.8734726 29.3974491, 107.8739438 29.3983346, 107.874046 29.3984498, 107.8741603 29.3984287, 107.8742142 29.3983238, 107.874252 29.3975108, 107.874344 29.3972122, 107.874874 29.3964761, 107.8749168 29.3958962, 107.8748381 29.3954733, 107.8747924 29.3949311)"
621808640,,tertiary,False,False,170.57399999999998,"LINESTRING (107.8731975 29.3943222, 107.873339 29.3944193, 107.8746962 29.3948446, 107.8747924 29.3949311)"
