osmid,highway,oneway,reversed,length,geometry
868295893,residential,False,True,303.256,"LINESTRING (124.5386455 52.5856951, 124.5352777 52.5838921)"
868295891,residential,False,True,261.784,"LINESTRING (124.5362332 52.581194, 124.5336436 52.5829452)"
868295892,residential,False,True,261.772,"LINESTRING (124.5378399 52.5821262, 124.5352777 52.5838921)"
868295892,residential,False,False,261.772,"LINESTRING (124.5352777 52.5838921, 124.5378399 52.5821262)"
868295893,residential,False,False,303.256,"LINESTRING (124.5352777 52.5838921, 124.5386455 52.5856951)"
868295893,residential,False,True,152.562,"LINESTRING (124.5352777 52.5838921, 124.5336436 52.5829452)"
868295891,residential,False,False,261.784,"LINESTRING (124.5336436 52.5829452, 124.5362332 52.581194)"
868295893,residential,False,False,152.562,"LINESTRING (124.5336436 52.5829452, 124.5352777 52.5838921)"
