osmid,highway,oneway,reversed,length,geometry
332216574,tertiary,False,True,454.93600000000004,"LINESTRING (116.3070236 35.2897842, 116.3077511 35.2896095, 116.308485 35.2895115, 116.3109572 35.289467, 116.3115793 35.2895894, 116.3119265 35.2897477)"
332216592,tertiary,False,False,299.368,"LINESTRING (116.3120561 35.2870575, 116.3119265 35.2897477)"
332216592,tertiary,False,True,299.368,"LINESTRING (116.3119265 35.2897477, 116.3120561 35.2870575)"
332216574,tertiary,False,False,454.93600000000004,"LINESTRING (116.3119265 35.2897477, 116.3115793 35.2895894, 116.3109572 35.289467, 116.308485 35.2895115, 116.3077511 35.2896095, 116.3070236 35.2897842)"
