osmid,highway,oneway,reversed,length,geometry
503197186,tertiary,False,False,10.037,"LINESTRING (116.7589055 34.9387539, 116.7589097 34.9388441)"
503197186,tertiary,False,True,344.635,"LINESTRING (116.7589055 34.9387539, 116.7588688 34.9374099, 116.7587738 34.9356566)"
1161067887,living_street,False,False,474.256,"LINESTRING (116.7535716 34.9357102, 116.7587738 34.9356566)"
1161067887,living_street,False,True,490.37,"LINESTRING (116.7641523 34.9355791, 116.7615499 34.9356269, 116.7587738 34.9356566)"
503197186,tertiary,False,True,10.037,"LINESTRING (116.7589097 34.9388441, 116.7589055 34.9387539)"
1161067887,living_street,False,True,474.256,"LINESTRING (116.7587738 34.9356566, 116.7535716 34.9357102)"
503197186,tertiary,False,False,344.635,"LINESTRING (116.7587738 34.9356566, 116.7588688 34.9374099, 116.7589055 34.9387539)"
1161067887,living_street,False,False,490.37,"LINESTRING (116.7587738 34.9356566, 116.7615499 34.9356269, 116.7641523 34.9355791)"
