osmid,ref,name,highway,oneway,reversed,length,geometry
209252368,G332,萝额线,trunk,False,True,151.632,"LINESTRING (131.3402833 47.723559, 131.3400376 47.7222054)"
209252368,G332,萝额线,trunk,False,False,151.632,"LINESTRING (131.3400376 47.7222054, 131.3402833 47.723559)"
