osmid,highway,oneway,reversed,length,geometry
460097811,unclassified,False,True,600.28,"LINESTRING (77.2913034 37.8369475, 77.2889951 37.8383832, 77.2859267 37.8402811)"
460097811,unclassified,False,False,600.28,"LINESTRING (77.2859267 37.8402811, 77.2889951 37.8383832, 77.2913034 37.8369475)"
