osmid,name,highway,oneway,reversed,length,lanes,geometry
219383795,文兴路,tertiary,False,True,480.76,,"LINESTRING (120.8462732 40.7514307, 120.8422245 40.7544781)"
694686874,新华大街,primary,True,False,301.413,3,"LINESTRING (120.8462732 40.7514307, 120.8437979 40.7494733)"
219383795,文兴路,tertiary,False,False,480.76,,"LINESTRING (120.8422245 40.7544781, 120.8462732 40.7514307)"
553605759,,residential,False,True,742.286,,"LINESTRING (120.8437979 40.7494733, 120.842185 40.7506788, 120.8375142 40.7541534)"
553605759,,residential,False,False,742.286,,"LINESTRING (120.8375142 40.7541534, 120.842185 40.7506788, 120.8437979 40.7494733)"
