osmid,highway,oneway,reversed,length,geometry
232421415,primary,False,False,264.046,"LINESTRING (87.4473138 47.0972129, 87.4502008 47.0985457)"
"[184171331, 184171333, 184171334]","['residential', 'tertiary']",False,"[False, True]",1516.2940000000003,"LINESTRING (87.4473138 47.0972129, 87.4469116 47.0972373, 87.4414748 47.0979364, 87.4422977 47.1008025, 87.4455807 47.1005396, 87.4455593 47.100189, 87.4499367 47.0996047, 87.4502424 47.0995128, 87.4510486 47.0989178)"
232421415,primary,False,True,76.356,"LINESTRING (87.4510486 47.0989178, 87.4502008 47.0985457)"
"[184171331, 184171333, 184171334]","['residential', 'tertiary']",False,"[False, True]",1516.294,"LINESTRING (87.4510486 47.0989178, 87.4502424 47.0995128, 87.4499367 47.0996047, 87.4455593 47.100189, 87.4455807 47.1005396, 87.4422977 47.1008025, 87.4414748 47.0979364, 87.4469116 47.0972373, 87.4473138 47.0972129)"
669233586,residential,False,True,248.79,"LINESTRING (87.446993 47.0990332, 87.4502008 47.0985457)"
232421415,primary,False,False,76.356,"LINESTRING (87.4502008 47.0985457, 87.4510486 47.0989178)"
232421415,primary,False,True,264.046,"LINESTRING (87.4502008 47.0985457, 87.4473138 47.0972129)"
669233586,residential,False,False,248.79,"LINESTRING (87.4502008 47.0985457, 87.446993 47.0990332)"
