osmid,name,highway,oneway,reversed,length,geometry
"[530444817, 448509459]",复圣大街,"['residential', 'tertiary']",False,False,784.225,"LINESTRING (117.0711255 35.5863904, 117.0743386 35.5853297, 117.0753678 35.5894787)"
448509467,,residential,False,True,334.77,"LINESTRING (117.0790096 35.5889544, 117.0770784 35.5892423, 117.0765848 35.5892685, 117.0753678 35.5894787)"
448509467,,residential,False,True,146.938,"LINESTRING (117.0753678 35.5894787, 117.0737632 35.5896873)"
"[530444817, 448509459]",复圣大街,"['residential', 'tertiary']",False,True,784.225,"LINESTRING (117.0753678 35.5894787, 117.0743386 35.5853297, 117.0711255 35.5863904)"
448509467,,residential,False,False,334.77,"LINESTRING (117.0753678 35.5894787, 117.0765848 35.5892685, 117.0770784 35.5892423, 117.0790096 35.5889544)"
448509467,,residential,False,False,146.938,"LINESTRING (117.0737632 35.5896873, 117.0753678 35.5894787)"
