osmid,ref,name,highway,oneway,reversed,length,geometry
807859985,S106,沈环线,primary,False,False,95.496,"LINESTRING (123.9078148 41.9417121, 123.9085892 41.9410751)"
1249429616,,,unclassified,False,False,559.4110000000001,"LINESTRING (123.9078148 41.9417121, 123.9075798 41.9421353, 123.9068768 41.9432605, 123.9066839 41.9439867, 123.9067215 41.9444056, 123.9071543 41.9465538)"
807859985,S106,沈环线,primary,False,True,95.496,"LINESTRING (123.9085892 41.9410751, 123.9078148 41.9417121)"
1249429616,,,unclassified,False,True,559.411,"LINESTRING (123.9071543 41.9465538, 123.9067215 41.9444056, 123.9066839 41.9439867, 123.9068768 41.9432605, 123.9075798 41.9421353, 123.9078148 41.9417121)"
