osmid,oneway,name,highway,reversed,length,geometry
"[25589864, 108926977, 1174203614]",True,翠竹街 Chui Chuk Street,residential,False,65.14099999999999,"LINESTRING (114.1874081 22.3464608, 114.187453 22.346471, 114.1874917 22.3464812, 114.1875319 22.3464979, 114.1875775 22.3464924, 114.1876107 22.3464727, 114.1876331 22.3464524, 114.1876448 22.3464199, 114.1876419 22.3464012, 114.187636 22.3463719, 114.1876139 22.3463504, 114.1875867 22.3463369, 114.1875581 22.346336, 114.1875279 22.3463487, 114.1874992 22.3463706, 114.1874693 22.3464108, 114.1874081 22.3464608)"
