osmid,highway,oneway,reversed,length,geometry
614778870,residential,False,False,821.176,"LINESTRING (116.1470093 35.598172, 116.143831 35.6001433, 116.1417067 35.6013821, 116.1394322 35.6021672)"
614778870,residential,False,True,821.1759999999999,"LINESTRING (116.1394322 35.6021672, 116.1417067 35.6013821, 116.143831 35.6001433, 116.1470093 35.598172)"
