osmid,oneway,lanes,ref,name,highway,reversed,length,geometry
"[263480024, 769625499, 769625500]",False,2,S104,合宣路,"['primary', 'secondary', 'tertiary']",True,1383.946,"LINESTRING (118.6002679 31.3095231, 118.6055368 31.3095735, 118.6054149 31.3135543, 118.6052935 31.3137229, 118.6051228 31.3138103, 118.6009161 31.3138452)"
"[263480024, 769625499, 769625500]",False,2,S104,合宣路,"['secondary', 'tertiary', 'primary']",False,1383.9460000000001,"LINESTRING (118.6009161 31.3138452, 118.6051228 31.3138103, 118.6052935 31.3137229, 118.6054149 31.3135543, 118.6055368 31.3095735, 118.6002679 31.3095231)"
