osmid,highway,oneway,reversed,length,geometry
987719242,residential,False,False,113.80099999999999,"LINESTRING (29.7296959 -3.0839581, 29.7290247 -3.0841211, 29.7287564 -3.08432)"
987719242,residential,False,True,113.80099999999999,"LINESTRING (29.7287564 -3.08432, 29.7290247 -3.0841211, 29.7296959 -3.0839581)"
