osmid,oneway,ref,highway,reversed,length,geometry
160068558,False,RN 21,primary,True,157.722,"LINESTRING (30.6903586 -3.2033175, 30.690895 -3.2039067, 30.6914637 -3.2041611)"
397182727,False,,tertiary,True,590.529,"LINESTRING (30.6903586 -3.2033175, 30.690887 -3.2035237, 30.6913067 -3.2035921, 30.6918767 -3.2034782, 30.6927403 -3.2031783, 30.6929121 -3.2030899, 30.6932715 -3.2028489, 30.6935826 -3.2025516, 30.6938884 -3.2022865, 30.6940546 -3.202174, 30.694301 -3.2021246, 30.6943714 -3.202101, 30.6944972 -3.2020589, 30.6950793 -3.2016531)"
160068558,False,RN 21,primary,False,157.722,"LINESTRING (30.6914637 -3.2041611, 30.690895 -3.2039067, 30.6903586 -3.2033175)"
160068558,False,RN 21,primary,True,763.1659999999999,"LINESTRING (30.6914637 -3.2041611, 30.692727 -3.2042682, 30.692825 -3.2043366, 30.6928874 -3.2043801, 30.6932795 -3.2046538, 30.6936368 -3.2047091, 30.6937232 -3.2047225, 30.6941459 -3.2047878, 30.6944892 -3.2046887, 30.6952778 -3.2042495, 30.6955272 -3.2041531, 30.6958705 -3.2040326, 30.6960502 -3.2039388, 30.6962138 -3.2038398, 30.6964633 -3.2036576, 30.696643 -3.2034916, 30.6975032 -3.2026339)"
397182727,False,,tertiary,False,590.529,"LINESTRING (30.6950793 -3.2016531, 30.6944972 -3.2020589, 30.6943714 -3.202101, 30.694301 -3.2021246, 30.6940546 -3.202174, 30.6938884 -3.2022865, 30.6935826 -3.2025516, 30.6932715 -3.2028489, 30.6929121 -3.2030899, 30.6927403 -3.2031783, 30.6918767 -3.2034782, 30.6913067 -3.2035921, 30.690887 -3.2035237, 30.6903586 -3.2033175)"
397182727,False,,tertiary,True,298.278,"LINESTRING (30.6950793 -3.2016531, 30.6955218 -3.2016678, 30.6961146 -3.2017723, 30.6963077 -3.2018574, 30.6964123 -3.2019036, 30.6966618 -3.2020481, 30.697099 -3.2023106, 30.6975032 -3.2026339)"
160068558,False,RN 21,primary,False,763.166,"LINESTRING (30.6975032 -3.2026339, 30.696643 -3.2034916, 30.6964633 -3.2036576, 30.6962138 -3.2038398, 30.6960502 -3.2039388, 30.6958705 -3.2040326, 30.6955272 -3.2041531, 30.6952778 -3.2042495, 30.6944892 -3.2046887, 30.6941459 -3.2047878, 30.6937232 -3.2047225, 30.6936368 -3.2047091, 30.6932795 -3.2046538, 30.6928874 -3.2043801, 30.692825 -3.2043366, 30.692727 -3.2042682, 30.6914637 -3.2041611)"
397182727,False,,tertiary,False,298.278,"LINESTRING (30.6975032 -3.2026339, 30.697099 -3.2023106, 30.6966618 -3.2020481, 30.6964123 -3.2019036, 30.6963077 -3.2018574, 30.6961146 -3.2017723, 30.6955218 -3.2016678, 30.6950793 -3.2016531)"
