osmid,oneway,highway,reversed,length,geometry
304089037,False,tertiary,True,72.809,"LINESTRING (29.7056923 -3.3392668, 29.705615 -3.3387171, 29.7056002 -3.3386185)"
304089037,False,tertiary,False,72.809,"LINESTRING (29.7056002 -3.3386185, 29.705615 -3.3387171, 29.7056923 -3.3392668)"
314205563,False,unclassified,True,351.0739999999999,"LINESTRING (29.7056002 -3.3386185, 29.705371 -3.3387867, 29.7052731 -3.3388597, 29.7052013 -3.3389126, 29.7051557 -3.3389407, 29.7050994 -3.3389681, 29.7050216 -3.3390009, 29.7049103 -3.3390538, 29.7047272 -3.3391395, 29.7046334 -3.3391743, 29.7045831 -3.339189, 29.7045127 -3.3392031, 29.7043718 -3.3392433, 29.7042431 -3.3392854, 29.7041539 -3.3393169, 29.703608 -3.339587, 29.7032359 -3.3397721, 29.7030991 -3.3398417, 29.7029509 -3.3399539, 29.7028953 -3.3400037, 29.702821 -3.3400712)"
314205563,False,unclassified,False,351.074,"LINESTRING (29.702821 -3.3400712, 29.7028953 -3.3400037, 29.7029509 -3.3399539, 29.7030991 -3.3398417, 29.7032359 -3.3397721, 29.703608 -3.339587, 29.7041539 -3.3393169, 29.7042431 -3.3392854, 29.7043718 -3.3392433, 29.7045127 -3.3392031, 29.7045831 -3.339189, 29.7046334 -3.3391743, 29.7047272 -3.3391395, 29.7049103 -3.3390538, 29.7050216 -3.3390009, 29.7050994 -3.3389681, 29.7051557 -3.3389407, 29.7052013 -3.3389126, 29.7052731 -3.3388597, 29.705371 -3.3387867, 29.7056002 -3.3386185)"
1149302681,False,residential,False,198.277,"LINESTRING (29.702821 -3.3400712, 29.7021174 -3.3394127, 29.7014414 -3.3389463)"
1149302681,False,residential,True,198.277,"LINESTRING (29.7014414 -3.3389463, 29.7021174 -3.3394127, 29.702821 -3.3400712)"
