osmid,name,highway,oneway,reversed,length,geometry
28186565,Heinrich-Heine-Straße,residential,False,True,217.911,"LINESTRING (14.5941193 51.0021328, 14.5943166 51.0031542, 14.5943623 51.0031834, 14.5944219 51.0031906, 14.5957306 51.0029737)"
28186565,Heinrich-Heine-Straße,residential,False,False,217.911,"LINESTRING (14.5957306 51.0029737, 14.5944219 51.0031906, 14.5943623 51.0031834, 14.5943166 51.0031542, 14.5941193 51.0021328)"
