osmid,name,highway,oneway,reversed,length,geometry
26968591,Flurweg,residential,False,True,261.139,"LINESTRING (12.0712546 50.7807774, 12.0711983 50.78026, 12.0710527 50.7798616, 12.0710975 50.7797035, 12.0713034 50.779622, 12.0723935 50.7795135, 12.0726252 50.779405, 12.0726505 50.7793516, 12.0727282 50.7791879)"
26968590,Am Schießberg,residential,False,True,342.736,"LINESTRING (12.070013 50.7809734, 12.0704506 50.7810726, 12.0711955 50.7811314, 12.0712676 50.7811349, 12.0721003 50.7811382, 12.0729618 50.7810595, 12.0740002 50.7808199, 12.0747249 50.7806402)"
26807351,Uferstraße,residential,False,True,230.85799999999998,"LINESTRING (12.0727282 50.7791879, 12.0731202 50.7792501, 12.0733987 50.77934, 12.0736665 50.7794479, 12.0737995 50.7795097, 12.0739219 50.7795761, 12.0740513 50.7796508, 12.0741737 50.7797323, 12.0743068 50.7798507, 12.0744328 50.7799793, 12.0745926 50.780187, 12.0746742 50.780346, 12.0747275 50.7804982, 12.0747249 50.7806402)"
26968591,Flurweg,residential,False,False,261.139,"LINESTRING (12.0727282 50.7791879, 12.0726505 50.7793516, 12.0726252 50.779405, 12.0723935 50.7795135, 12.0713034 50.779622, 12.0710975 50.7797035, 12.0710527 50.7798616, 12.0711983 50.78026, 12.0712546 50.7807774)"
26807351,Uferstraße,residential,False,False,230.858,"LINESTRING (12.0747249 50.7806402, 12.0747275 50.7804982, 12.0746742 50.780346, 12.0745926 50.780187, 12.0744328 50.7799793, 12.0743068 50.7798507, 12.0741737 50.7797323, 12.0740513 50.7796508, 12.0739219 50.7795761, 12.0737995 50.7795097, 12.0736665 50.7794479, 12.0733987 50.77934, 12.0731202 50.7792501, 12.0727282 50.7791879)"
26968590,Am Schießberg,residential,False,False,342.736,"LINESTRING (12.0747249 50.7806402, 12.0740002 50.7808199, 12.0729618 50.7810595, 12.0721003 50.7811382, 12.0712676 50.7811349, 12.0711955 50.7811314, 12.0704506 50.7810726, 12.070013 50.7809734)"
