osmid,name,highway,oneway,reversed,length,geometry
30575561,Obergrabnerweg,unclassified,False,False,155.53699999999998,"LINESTRING (14.2077739 47.5093972, 14.2079404 47.5092751, 14.2080981 47.509169, 14.208288 47.509035, 14.2084541 47.5089444, 14.2085853 47.5088581, 14.2086951 47.5087781, 14.20885 47.508712, 14.209073 47.5086772, 14.2092626 47.5086614, 14.2094198 47.5086242)"
30575561,Obergrabnerweg,unclassified,False,True,155.53699999999998,"LINESTRING (14.2094198 47.5086242, 14.2092626 47.5086614, 14.209073 47.5086772, 14.20885 47.508712, 14.2086951 47.5087781, 14.2085853 47.5088581, 14.2084541 47.5089444, 14.208288 47.509035, 14.2080981 47.509169, 14.2079404 47.5092751, 14.2077739 47.5093972)"
