osmid,highway,oneway,reversed,length,geometry
558911593,residential,False,True,181.256,"LINESTRING (-86.1087986 11.8249387, -86.108736 11.8245745, -86.1082865 11.823393)"
560166857,residential,False,True,148.832,"LINESTRING (-86.1082865 11.823393, -86.1078043 11.8221405)"
558911593,residential,False,False,181.256,"LINESTRING (-86.1082865 11.823393, -86.108736 11.8245745, -86.1087986 11.8249387)"
560166857,residential,False,False,148.832,"LINESTRING (-86.1078043 11.8221405, -86.1082865 11.823393)"
