osmid,highway,oneway,reversed,length,geometry
701747978,unclassified,False,False,352.174,"LINESTRING (-3.0611113 11.8866903, -3.06124 11.887147, -3.0615672 11.8880499, -3.0617657 11.8883413, -3.0620125 11.8889187, -3.06227 11.8893649, -3.0622807 11.8896116)"
701747978,unclassified,False,True,352.174,"LINESTRING (-3.0622807 11.8896116, -3.06227 11.8893649, -3.0620125 11.8889187, -3.0617657 11.8883413, -3.0615672 11.8880499, -3.06124 11.887147, -3.0611113 11.8866903)"
