osmid,highway,oneway,reversed,length,geometry
309205916,unclassified,False,False,550.955,"LINESTRING (-1.2375802 12.5785227, -1.2378136 12.5789725, -1.2379214 12.5794223, -1.2378615 12.5799715, -1.2374964 12.5808711, -1.2374186 12.5820746, -1.2373348 12.5827989, -1.2375302 12.5832977)"
309205916,unclassified,False,True,550.955,"LINESTRING (-1.2375302 12.5832977, -1.2373348 12.5827989, -1.2374186 12.5820746, -1.2374964 12.5808711, -1.2378615 12.5799715, -1.2379214 12.5794223, -1.2378136 12.5789725, -1.2375802 12.5785227)"
