osmid,name,highway,oneway,reversed,length,geometry
"[594329478, 185511198]",Nowogródzka,residential,False,False,164.305,"LINESTRING (19.4387336 54.1948632, 19.4393163 54.195531, 19.4393426 54.1955612, 19.440493 54.195392)"
276090608,Nowogródzka,residential,False,True,61.98,"LINESTRING (19.4401534 54.1948807, 19.4404802 54.1952791, 19.4405024 54.1953263, 19.4405042 54.1953665, 19.440493 54.195392)"
276090608,Nowogródzka,residential,False,False,61.980000000000004,"LINESTRING (19.440493 54.195392, 19.4405042 54.1953665, 19.4405024 54.1953263, 19.4404802 54.1952791, 19.4401534 54.1948807)"
594329478,Nowogródzka,residential,False,False,22.481,"LINESTRING (19.440493 54.195392, 19.4406326 54.1953794, 19.4408318 54.1953528)"
"[594329478, 185511198]",Nowogródzka,residential,False,True,164.305,"LINESTRING (19.440493 54.195392, 19.4393426 54.1955612, 19.4393163 54.195531, 19.4387336 54.1948632)"
594329478,Nowogródzka,residential,False,True,22.481,"LINESTRING (19.4408318 54.1953528, 19.4406326 54.1953794, 19.440493 54.195392)"
