osmid,highway,oneway,reversed,length,geometry
834092158,residential,False,False,153.578,"LINESTRING (120.8596184 17.441024, 120.8595912 17.4411971, 120.8595765 17.4413135, 120.8595718 17.4414357, 120.8595698 17.4416839, 120.8595734 17.4418243, 120.8595791 17.4419072, 120.8595875 17.4419868, 120.8595909 17.442062, 120.8595872 17.4421256, 120.8595714 17.4421973, 120.8595486 17.4422516, 120.8595238 17.4422814, 120.859504 17.4422904, 120.8594853 17.4422929, 120.8594611 17.4422929, 120.8594155 17.4422859)"
834092158,residential,False,True,153.57799999999997,"LINESTRING (120.8594155 17.4422859, 120.8594611 17.4422929, 120.8594853 17.4422929, 120.859504 17.4422904, 120.8595238 17.4422814, 120.8595486 17.4422516, 120.8595714 17.4421973, 120.8595872 17.4421256, 120.8595909 17.442062, 120.8595875 17.4419868, 120.8595791 17.4419072, 120.8595734 17.4418243, 120.8595698 17.4416839, 120.8595718 17.4414357, 120.8595765 17.4413135, 120.8595912 17.4411971, 120.8596184 17.441024)"
