osmid,highway,oneway,reversed,length,geometry
"[737043802, 817627468]","['secondary', 'tertiary']",False,True,653.6420000000002,"LINESTRING (124.3713196 7.5104371, 124.3713101 7.5106782, 124.3712988 7.5109563, 124.3712948 7.511633, 124.3713015 7.5131887, 124.3712958 7.5140741, 124.3713121 7.5145688, 124.3713188 7.5150541, 124.371319 7.5156085, 124.3713289 7.5163146)"
737043802,tertiary,False,True,41.405,"LINESTRING (124.3713289 7.5163146, 124.3713219 7.5166869)"
856216911,residential,False,True,74.43,"LINESTRING (124.3713289 7.5163146, 124.3706551 7.5163571)"
"[737043802, 817627468]","['secondary', 'tertiary']",False,False,653.6419999999999,"LINESTRING (124.3713289 7.5163146, 124.371319 7.5156085, 124.3713188 7.5150541, 124.3713121 7.5145688, 124.3712958 7.5140741, 124.3713015 7.5131887, 124.3712948 7.511633, 124.3712988 7.5109563, 124.3713101 7.5106782, 124.3713196 7.5104371)"
856216911,residential,False,False,74.43,"LINESTRING (124.3706551 7.5163571, 124.3713289 7.5163146)"
856219587,residential,False,True,70.987,"LINESTRING (124.3706793 7.516728, 124.3713219 7.5166869)"
737043802,tertiary,False,False,41.405,"LINESTRING (124.3713219 7.5166869, 124.3713289 7.5163146)"
856219587,residential,False,False,70.987,"LINESTRING (124.3713219 7.5166869, 124.3706793 7.516728)"
