osmid,highway,oneway,reversed,length,geometry
"[251432618, 822635454]",tertiary,False,False,629.044,"LINESTRING (124.4228085 6.8574313, 124.4230588 6.8575049, 124.4236247 6.857638, 124.423838 6.8576873, 124.4240123 6.8577193, 124.4243328 6.8577905, 124.4244864 6.8578191, 124.4245494 6.8578418, 124.424599 6.8578617, 124.4246252 6.8578787, 124.4246453 6.8578917, 124.4246748 6.8579283, 124.4247043 6.8579796, 124.4247177 6.8580228, 124.4247345 6.8580828, 124.42476 6.8582053, 124.4247801 6.8582965, 124.4248156 6.8584136, 124.4248619 6.8585341, 124.4248723 6.8585572, 124.4249008 6.85862, 124.4249732 6.8587711, 124.4250671 6.8589396, 124.425175 6.859142, 124.4252475 6.8592725, 124.425287 6.8593557, 124.4253226 6.8594356, 124.4253802 6.8596087, 124.4254406 6.8597907, 124.4254855 6.8599106, 124.4255127 6.8599532, 124.4255495 6.8599895, 124.4255948 6.8600191, 124.4256317 6.8600397, 124.4256679 6.8600567, 124.4257118 6.8600672, 124.4257551 6.860072, 124.425802 6.86007, 124.4258717 6.8600674, 124.4259515 6.860058, 124.426032 6.8600427, 124.4262701 6.8599935, 124.4265624 6.8599322, 124.4267019 6.8599096, 124.4267904 6.8599049, 124.4268749 6.8599116, 124.4269386 6.8599236, 124.4269942 6.8599389)"
"[251432618, 822635454]",tertiary,False,True,629.044,"LINESTRING (124.4269942 6.8599389, 124.4269386 6.8599236, 124.4268749 6.8599116, 124.4267904 6.8599049, 124.4267019 6.8599096, 124.4265624 6.8599322, 124.4262701 6.8599935, 124.426032 6.8600427, 124.4259515 6.860058, 124.4258717 6.8600674, 124.425802 6.86007, 124.4257551 6.860072, 124.4257118 6.8600672, 124.4256679 6.8600567, 124.4256317 6.8600397, 124.4255948 6.8600191, 124.4255495 6.8599895, 124.4255127 6.8599532, 124.4254855 6.8599106, 124.4254406 6.8597907, 124.4253802 6.8596087, 124.4253226 6.8594356, 124.425287 6.8593557, 124.4252475 6.8592725, 124.425175 6.859142, 124.4250671 6.8589396, 124.4249732 6.8587711, 124.4249008 6.85862, 124.4248723 6.8585572, 124.4248619 6.8585341, 124.4248156 6.8584136, 124.4247801 6.8582965, 124.42476 6.8582053, 124.4247345 6.8580828, 124.4247177 6.8580228, 124.4247043 6.8579796, 124.4246748 6.8579283, 124.4246453 6.8578917, 124.4246252 6.8578787, 124.424599 6.8578617, 124.4245494 6.8578418, 124.4244864 6.8578191, 124.4243328 6.8577905, 124.4240123 6.8577193, 124.423838 6.8576873, 124.4236247 6.857638, 124.4230588 6.8575049, 124.4228085 6.8574313)"
