osmid,highway,oneway,reversed,length,geometry
857175302,residential,False,True,211.069,"LINESTRING (124.3642098 7.1160345, 124.3640783 7.1179282)"
857175302,residential,False,False,211.069,"LINESTRING (124.3640783 7.1179282, 124.3642098 7.1160345)"
