osmid,highway,oneway,reversed,length,geometry
565046881,unclassified,False,True,559.7059999999999,"LINESTRING (121.2156437 5.986041, 121.2150608 5.9854969, 121.2145427 5.9850327, 121.2140769 5.9845399, 121.2138024 5.9842111, 121.2137094 5.9840723, 121.2136254 5.983923, 121.2134125 5.9835366, 121.2126889 5.9823234, 121.2125523 5.982111)"
565046881,unclassified,False,False,94.967,"LINESTRING (121.2120898 5.9813914, 121.2125523 5.982111)"
32684906,primary,False,True,528.2,"LINESTRING (121.2120898 5.9813914, 121.2125324 5.9810713, 121.2141994 5.9800656, 121.2161158 5.9788385)"
32684906,primary,False,False,528.2,"LINESTRING (121.2161158 5.9788385, 121.2141994 5.9800656, 121.2125324 5.9810713, 121.2120898 5.9813914)"
919147453,residential,False,True,187.03199999999998,"LINESTRING (121.211092 5.9822517, 121.2113884 5.982241, 121.2116043 5.9823437, 121.2116405 5.9824785, 121.211729 5.9825145, 121.2118068 5.9824931, 121.2125523 5.982111)"
565046881,unclassified,False,True,94.967,"LINESTRING (121.2125523 5.982111, 121.2120898 5.9813914)"
565046881,unclassified,False,False,559.706,"LINESTRING (121.2125523 5.982111, 121.2126889 5.9823234, 121.2134125 5.9835366, 121.2136254 5.983923, 121.2137094 5.9840723, 121.2138024 5.9842111, 121.2140769 5.9845399, 121.2145427 5.9850327, 121.2150608 5.9854969, 121.2156437 5.986041)"
919147453,residential,False,False,187.03199999999998,"LINESTRING (121.2125523 5.982111, 121.2118068 5.9824931, 121.211729 5.9825145, 121.2116405 5.9824785, 121.2116043 5.9823437, 121.2113884 5.982241, 121.211092 5.9822517)"
