osmid,highway,oneway,reversed,length,geometry
373903485,residential,False,False,327.096,"LINESTRING (121.1961937 5.9548374, 121.1962835 5.9551282, 121.1963895 5.9554083, 121.1964418 5.9556604, 121.1964633 5.9559952, 121.1964753 5.9562126, 121.1964378 5.9565021, 121.1963975 5.9567155, 121.1961347 5.9576999)"
373903485,residential,False,True,327.096,"LINESTRING (121.1961347 5.9576999, 121.1963975 5.9567155, 121.1964378 5.9565021, 121.1964753 5.9562126, 121.1964633 5.9559952, 121.1964418 5.9556604, 121.1963895 5.9554083, 121.1962835 5.9551282, 121.1961937 5.9548374)"
558769104,tertiary,False,True,571.5550000000001,"LINESTRING (121.1961347 5.9576999, 121.1975509 5.9569876, 121.197685 5.9569089, 121.1977829 5.9568515, 121.1983958 5.9562927, 121.1985326 5.9561579, 121.1987405 5.9559552, 121.1989617 5.9557351, 121.1990422 5.9556444, 121.1992072 5.955399, 121.1995947 5.9548134, 121.1998267 5.954572, 121.1999246 5.9544853, 121.1999971 5.9544266)"
558769104,tertiary,False,False,571.5550000000001,"LINESTRING (121.1999971 5.9544266, 121.1999246 5.9544853, 121.1998267 5.954572, 121.1995947 5.9548134, 121.1992072 5.955399, 121.1990422 5.9556444, 121.1989617 5.9557351, 121.1987405 5.9559552, 121.1985326 5.9561579, 121.1983958 5.9562927, 121.1977829 5.9568515, 121.197685 5.9569089, 121.1975509 5.9569876, 121.1961347 5.9576999)"
