osmid,lanes,name,highway,maxspeed,oneway,reversed,length,geometry,ref
538671266,2,Santo Tomas-Villasis Diversion Road,secondary,80,False,True,330.418,"LINESTRING (120.5707468 15.9066871, 120.5709735 15.9056269, 120.5713865 15.90378)",
1041665512,2,Villasis-Malasiqui-San Carlos Road,primary,80,False,False,124.985,"LINESTRING (120.5707468 15.9066871, 120.5706052 15.9067277, 120.5705041 15.9067568, 120.5697907 15.9070047, 120.5696431 15.907056)",211
538671266,2,Santo Tomas-Villasis Diversion Road,secondary,80,False,False,330.418,"LINESTRING (120.5713865 15.90378, 120.5709735 15.9056269, 120.5707468 15.9066871)",
538671267,1,,unclassified,,False,True,409.756,"LINESTRING (120.5713865 15.90378, 120.5711626 15.9042604, 120.5709279 15.9046841, 120.5704504 15.9054902, 120.5700347 15.9061841, 120.5697745 15.9067413, 120.5696431 15.907056)",
538671267,1,,unclassified,,False,False,409.756,"LINESTRING (120.5696431 15.907056, 120.5697745 15.9067413, 120.5700347 15.9061841, 120.5704504 15.9054902, 120.5709279 15.9046841, 120.5711626 15.9042604, 120.5713865 15.90378)",
1041665512,2,Villasis-Malasiqui-San Carlos Road,primary,80,False,True,124.985,"LINESTRING (120.5696431 15.907056, 120.5697907 15.9070047, 120.5705041 15.9067568, 120.5706052 15.9067277, 120.5707468 15.9066871)",211
