osmid,lanes,name,highway,maxspeed,oneway,reversed,length,geometry
"[688731123, 679585613]",1,Pokal Road,secondary,40,False,False,731.773,"LINESTRING (73.0568122 34.8299487, 73.0572058 34.8296277, 73.0573021 34.8295642, 73.0576446 34.8293381, 73.0580398 34.8291226, 73.0590206 34.8285878, 73.0592746 34.8284756, 73.0595766 34.8284106, 73.0599187 34.8283137, 73.0603956 34.8281559, 73.0607046 34.8280218, 73.0609975 34.8278701, 73.0612742 34.8277197, 73.0615349 34.8275297, 73.0619021 34.82732, 73.0620968 34.8272189, 73.0623782 34.827109, 73.0627794 34.8270029, 73.0631497 34.8269036, 73.0634413 34.826812, 73.0636413 34.8267403, 73.0636957 34.8267136)"
687867183,,Akhtar Ali,residential,20,False,False,86.07799999999999,"LINESTRING (73.0636957 34.8267136, 73.0637698 34.8268028, 73.0638959 34.8269217, 73.0640595 34.8269437, 73.064148 34.8269327, 73.0642392 34.8268798, 73.0643009 34.8268468, 73.0644752 34.8268138)"
"[688731123, 679585613]",1,Pokal Road,secondary,40,False,True,731.773,"LINESTRING (73.0636957 34.8267136, 73.0636413 34.8267403, 73.0634413 34.826812, 73.0631497 34.8269036, 73.0627794 34.8270029, 73.0623782 34.827109, 73.0620968 34.8272189, 73.0619021 34.82732, 73.0615349 34.8275297, 73.0612742 34.8277197, 73.0609975 34.8278701, 73.0607046 34.8280218, 73.0603956 34.8281559, 73.0599187 34.8283137, 73.0595766 34.8284106, 73.0592746 34.8284756, 73.0590206 34.8285878, 73.0580398 34.8291226, 73.0576446 34.8293381, 73.0573021 34.8295642, 73.0572058 34.8296277, 73.0568122 34.8299487)"
687867183,,Akhtar Ali,residential,20,False,True,86.078,"LINESTRING (73.0644752 34.8268138, 73.0643009 34.8268468, 73.0642392 34.8268798, 73.064148 34.8269327, 73.0640595 34.8269437, 73.0638959 34.8269217, 73.0637698 34.8268028, 73.0636957 34.8267136)"
