osmid,highway,oneway,reversed,length,geometry
124114432,unclassified,False,False,339.98800000000006,"LINESTRING (122.9950083 24.4531394, 122.9949933 24.4532997, 122.9949796 24.4534965, 122.9949924 24.4535917, 122.9950245 24.4536656, 122.995198 24.4539113, 122.9952524 24.4540138, 122.99545 24.454389, 122.995513 24.4545772, 122.995605 24.4546989, 122.9959027 24.4549614, 122.995999 24.4550721, 122.9960943 24.4552262, 122.996198 24.455416, 122.9962537 24.4556029, 122.9962957 24.4557889, 122.9963089 24.4558546)"
124114432,unclassified,False,True,339.98800000000006,"LINESTRING (122.9963089 24.4558546, 122.9962957 24.4557889, 122.9962537 24.4556029, 122.996198 24.455416, 122.9960943 24.4552262, 122.995999 24.4550721, 122.9959027 24.4549614, 122.995605 24.4546989, 122.995513 24.4545772, 122.99545 24.454389, 122.9952524 24.4540138, 122.995198 24.4539113, 122.9950245 24.4536656, 122.9949924 24.4535917, 122.9949796 24.4534965, 122.9949933 24.4532997, 122.9950083 24.4531394)"
