osmid,highway,oneway,reversed,length,geometry
136564494,residential,False,True,47.286,"LINESTRING (138.8543807 34.646225, 138.8542668 34.6466398)"
136564494,residential,False,False,47.286,"LINESTRING (138.8542668 34.6466398, 138.8543807 34.646225)"
136564824,residential,False,True,86.96,"LINESTRING (138.8542668 34.6466398, 138.8549928 34.6467865, 138.8550683 34.6468113, 138.855176 34.646858)"
136564824,residential,False,False,86.96,"LINESTRING (138.855176 34.646858, 138.8550683 34.6468113, 138.8549928 34.6467865, 138.8542668 34.6466398)"
