osmid,ref,name,highway,oneway,reversed,length,geometry
176663307,40,都農綾線,primary,False,False,132.433,"LINESTRING (131.2930451 32.0468966, 131.2932366 32.0473443, 131.2936285 32.0479772)"
176663307,40,都農綾線,primary,False,False,49.308,"LINESTRING (131.2936285 32.0479772, 131.2938587 32.0483754)"
176663307,40,都農綾線,primary,False,True,132.433,"LINESTRING (131.2936285 32.0479772, 131.2932366 32.0473443, 131.2930451 32.0468966)"
176663307,40,都農綾線,primary,False,True,49.308,"LINESTRING (131.2938587 32.0483754, 131.2936285 32.0479772)"
