osmid,highway,oneway,reversed,length,geometry
92623973,residential,False,False,274.358,"LINESTRING (138.2072187 35.9126466, 138.2071298 35.9125838, 138.2069822 35.9124491, 138.2075965 35.9116975, 138.2081673 35.9104928)"
142080905,tertiary,False,False,65.81,"LINESTRING (138.2081673 35.9104928, 138.2075638 35.9101591)"
92623973,residential,False,True,274.358,"LINESTRING (138.2081673 35.9104928, 138.2075965 35.9116975, 138.2069822 35.9124491, 138.2071298 35.9125838, 138.2072187 35.9126466)"
142080905,tertiary,False,True,65.81,"LINESTRING (138.2075638 35.9101591, 138.2081673 35.9104928)"
