osmid,highway,oneway,reversed,length,geometry,ref,name
226158885,unclassified,False,True,196.346,"LINESTRING (136.757341 37.067804, 136.755861 37.068254, 136.755868 37.068756)",,
226156395,secondary,False,False,231.68699999999998,"LINESTRING (136.7583107 37.0680211, 136.7576243 37.0682318, 136.7566467 37.0685324, 136.7561325 37.0686926, 136.755868 37.068756)",301,若葉台松木線
226156395,secondary,False,False,171.76500000000001,"LINESTRING (136.755868 37.068756, 136.7554905 37.0688035, 136.7551627 37.0688165, 136.7548217 37.0687978, 136.7539418 37.0687318)",301,若葉台松木線
226156395,secondary,False,True,231.687,"LINESTRING (136.755868 37.068756, 136.7561325 37.0686926, 136.7566467 37.0685324, 136.7576243 37.0682318, 136.7583107 37.0680211)",301,若葉台松木線
226158885,unclassified,False,False,196.346,"LINESTRING (136.755868 37.068756, 136.755861 37.068254, 136.757341 37.067804)",,
226156395,secondary,False,True,171.765,"LINESTRING (136.7539418 37.0687318, 136.7548217 37.0687978, 136.7551627 37.0688165, 136.7554905 37.0688035, 136.755868 37.068756)",301,若葉台松木線
