osmid,highway,oneway,reversed,length,geometry
125757547,tertiary,False,False,140.796,"LINESTRING (135.7750975 34.7523312, 135.7749773 34.7523312, 135.7735564 34.7523318)"
125757547,tertiary,False,True,151.01000000000002,"LINESTRING (135.7750975 34.7523312, 135.7752477 34.7523315, 135.7767504 34.7523349)"
125757547,tertiary,False,False,151.01000000000002,"LINESTRING (135.7767504 34.7523349, 135.7752477 34.7523315, 135.7750975 34.7523312)"
125757547,tertiary,False,True,140.796,"LINESTRING (135.7735564 34.7523318, 135.7749773 34.7523312, 135.7750975 34.7523312)"
