osmid,highway,oneway,reversed,length,geometry
126864547,unclassified,False,False,109.863,"LINESTRING (131.321945 32.727367, 131.321771 32.727374, 131.321631 32.72735, 131.321464 32.727357, 131.321291 32.727412, 131.321138 32.727502, 131.320887 32.727667)"
126864547,unclassified,False,True,109.863,"LINESTRING (131.320887 32.727667, 131.321138 32.727502, 131.321291 32.727412, 131.321464 32.727357, 131.321631 32.72735, 131.321771 32.727374, 131.321945 32.727367)"
