osmid,highway,oneway,reversed,length,geometry
1082546457,unclassified,False,True,89.61500000000001,"LINESTRING (-2.0159888 52.2010285, -2.0158896 52.2011116, -2.0158429 52.2011779, -2.0158012 52.2012784, -2.0157936 52.2013289, -2.0157244 52.2017884, -2.0157469 52.201794)"
1082546457,unclassified,False,False,89.61500000000001,"LINESTRING (-2.0157469 52.201794, -2.0157244 52.2017884, -2.0157936 52.2013289, -2.0158012 52.2012784, -2.0158429 52.2011779, -2.0158896 52.2011116, -2.0159888 52.2010285)"
