osmid,lanes,ref,name,highway,oneway,reversed,length,geometry
229879894,3,B167,Gasteiner Bundesstraße,primary,False,False,8.946,"LINESTRING (13.1008465 47.1626359, 13.1009035 47.1625654)"
"[82256074, 239612779]",,,,primary_link,True,False,147.383,"LINESTRING (13.1008465 47.1626359, 13.1005741 47.1630685, 13.1004111 47.1633731, 13.100173 47.1637792, 13.1001481 47.1638139, 13.1001127 47.1638633)"
177205654,,,,unclassified,False,True,34.833,"LINESTRING (13.1001127 47.1638633, 13.0997109 47.16371)"
177205654,,,,unclassified,False,False,34.833,"LINESTRING (13.0997109 47.16371, 13.1001127 47.1638633)"
177205653,,,,primary_link,False,True,92.66499999999999,"LINESTRING (13.0997109 47.16371, 13.0997434 47.1636706, 13.100291 47.1629759)"
81366159,,,,primary_link,True,False,65.157,"LINESTRING (13.100291 47.1629759, 13.1004313 47.1628597, 13.1006911 47.1626917, 13.1009035 47.1625654)"
177205653,,,,primary_link,False,False,92.66499999999999,"LINESTRING (13.100291 47.1629759, 13.0997434 47.1636706, 13.0997109 47.16371)"
229879894,3,B167,Gasteiner Bundesstraße,primary,False,True,8.946,"LINESTRING (13.1009035 47.1625654, 13.1008465 47.1626359)"
