osmid,highway,oneway,reversed,length,geometry
130148233,unclassified,False,False,371.40500000000003,"LINESTRING (15.4982249 48.5043997, 15.4983106 48.5043214, 15.4985433 48.5041892, 15.4986252 48.5041373, 15.4987165 48.5040634, 15.4988122 48.5039526, 15.499086 48.5036285, 15.4993701 48.5033146, 15.4995064 48.5032243, 15.4996881 48.5031039, 15.4999757 48.5028858, 15.5000394 48.5028289, 15.5000854 48.502772, 15.5001132 48.5027068, 15.5001249 48.5026658, 15.5001296 48.502618, 15.5001264 48.5025025, 15.5001306 48.5024668, 15.50014 48.5024311, 15.500156 48.5023957, 15.5001764 48.5023717, 15.500251 48.5023231, 15.5004326 48.5022505, 15.500847 48.5020536, 15.5010052 48.5019784, 15.5010659 48.5019495, 15.5012449 48.5018645)"
130148233,unclassified,False,True,371.405,"LINESTRING (15.5012449 48.5018645, 15.5010659 48.5019495, 15.5010052 48.5019784, 15.500847 48.5020536, 15.5004326 48.5022505, 15.500251 48.5023231, 15.5001764 48.5023717, 15.500156 48.5023957, 15.50014 48.5024311, 15.5001306 48.5024668, 15.5001264 48.5025025, 15.5001296 48.502618, 15.5001249 48.5026658, 15.5001132 48.5027068, 15.5000854 48.502772, 15.5000394 48.5028289, 15.4999757 48.5028858, 15.4996881 48.5031039, 15.4995064 48.5032243, 15.4993701 48.5033146, 15.499086 48.5036285, 15.4988122 48.5039526, 15.4987165 48.5040634, 15.4986252 48.5041373, 15.4985433 48.5041892, 15.4983106 48.5043214, 15.4982249 48.5043997)"
