osmid,name,highway,oneway,reversed,length,geometry
61453216,Kranabethweg,residential,False,True,828.837,"LINESTRING (13.4973788 47.3756808, 13.497269 47.3756724, 13.4971018 47.3756977, 13.4970174 47.3757281, 13.4968519 47.3757653, 13.4966627 47.3757906, 13.4965057 47.3758294, 13.4962962 47.3759341, 13.4959365 47.3760709, 13.4957119 47.3761334, 13.4953707 47.3761841, 13.4950583 47.376206, 13.4946986 47.376206, 13.4940349 47.3761858, 13.4937089 47.3762044, 13.4934539 47.3762331, 13.4925977 47.3763783, 13.4922717 47.376407, 13.4920319 47.3764138, 13.491733 47.3763766, 13.4914155 47.3763293, 13.4910574 47.3763428, 13.4907484 47.3763817, 13.4905271 47.3764239, 13.490414 47.3764357, 13.4898972 47.3764391, 13.4896607 47.3764644, 13.4895628 47.3765117, 13.4893669 47.3766907, 13.4892132 47.3768613, 13.4889531 47.3771214, 13.4889345 47.3772058, 13.4889818 47.3772869, 13.4890302 47.3773268, 13.4892993 47.3775233, 13.489453 47.3776568, 13.4896084 47.3778223, 13.4897232 47.3779962, 13.4897688 47.378133, 13.4897777 47.3781934)"
143822334,,residential,False,True,52.106,"LINESTRING (13.4893399 47.3778416, 13.4894717 47.3778959, 13.4895723 47.3779797, 13.4896988 47.3780892, 13.4897777 47.3781934)"
61453216,Kranabethweg,residential,False,False,828.8370000000002,"LINESTRING (13.4897777 47.3781934, 13.4897688 47.378133, 13.4897232 47.3779962, 13.4896084 47.3778223, 13.489453 47.3776568, 13.4892993 47.3775233, 13.4890302 47.3773268, 13.4889818 47.3772869, 13.4889345 47.3772058, 13.4889531 47.3771214, 13.4892132 47.3768613, 13.4893669 47.3766907, 13.4895628 47.3765117, 13.4896607 47.3764644, 13.4898972 47.3764391, 13.490414 47.3764357, 13.4905271 47.3764239, 13.4907484 47.3763817, 13.4910574 47.3763428, 13.4914155 47.3763293, 13.491733 47.3763766, 13.4920319 47.3764138, 13.4922717 47.376407, 13.4925977 47.3763783, 13.4934539 47.3762331, 13.4937089 47.3762044, 13.4940349 47.3761858, 13.4946986 47.376206, 13.4950583 47.376206, 13.4953707 47.3761841, 13.4957119 47.3761334, 13.4959365 47.3760709, 13.4962962 47.3759341, 13.4965057 47.3758294, 13.4966627 47.3757906, 13.4968519 47.3757653, 13.4970174 47.3757281, 13.4971018 47.3756977, 13.497269 47.3756724, 13.4973788 47.3756808)"
143822334,,residential,False,False,52.10600000000001,"LINESTRING (13.4897777 47.3781934, 13.4896988 47.3780892, 13.4895723 47.3779797, 13.4894717 47.3778959, 13.4893399 47.3778416)"
