osmid,name,highway,oneway,reversed,length,geometry
25200998,Tulpengasse,residential,False,False,71.035,"LINESTRING (15.7625494 48.3516975, 15.7631099 48.3511785)"
25200998,Tulpengasse,residential,False,False,12.107,"LINESTRING (15.7631099 48.3511785, 15.7631643 48.3510758)"
"[25201000, 25200999]",Tulpengasse,residential,False,"[False, True]",21.101,"LINESTRING (15.7631099 48.3511785, 15.7632381 48.3510674, 15.7631643 48.3510758)"
25200998,Tulpengasse,residential,False,True,71.035,"LINESTRING (15.7631099 48.3511785, 15.7625494 48.3516975)"
25200998,Tulpengasse,residential,False,True,12.107,"LINESTRING (15.7631643 48.3510758, 15.7631099 48.3511785)"
"[25201000, 25200999]",Tulpengasse,residential,False,"[False, True]",21.101,"LINESTRING (15.7631643 48.3510758, 15.7632381 48.3510674, 15.7631099 48.3511785)"
