osmid,highway,oneway,reversed,length,geometry
530720589,residential,False,True,91.85900000000001,"LINESTRING (-75.2628855 6.1270472, -75.2628849 6.1268703, -75.262856 6.1267871, -75.2628037 6.1267111, -75.2627555 6.1266525, -75.2626669 6.1266271, -75.2625623 6.1266431, -75.2623907 6.1267405)"
530720589,residential,False,False,91.85900000000001,"LINESTRING (-75.2623907 6.1267405, -75.2625623 6.1266431, -75.2626669 6.1266271, -75.2627555 6.1266525, -75.2628037 6.1267111, -75.262856 6.1267871, -75.2628849 6.1268703, -75.2628855 6.1270472)"
