osmid,name,highway,oneway,reversed,length,geometry
"[126354772, 126354791]",Vía Sincelejo - San Antonio de Palmito,secondary,False,True,331.40600000000006,"LINESTRING (-75.4263801 9.3196997, -75.4256486 9.3192072, -75.4252249 9.3189664, -75.4250945 9.3188642, -75.4250211 9.3186567, -75.4249513 9.3184582, -75.4247957 9.3182755, -75.4245892 9.3181009, -75.4242674 9.317823, -75.4241788 9.3177727)"
"[126354772, 126354791]",Vía Sincelejo - San Antonio de Palmito,secondary,False,False,331.406,"LINESTRING (-75.4241788 9.3177727, -75.4242674 9.317823, -75.4245892 9.3181009, -75.4247957 9.3182755, -75.4249513 9.3184582, -75.4250211 9.3186567, -75.4250945 9.3188642, -75.4252249 9.3189664, -75.4256486 9.3192072, -75.4263801 9.3196997)"
