osmid,highway,oneway,reversed,length,geometry
"[98438867, 403249413]",tertiary,False,False,25.332000000000004,"LINESTRING (177.6836447 -17.5430312, 177.6836314 -17.5429873, 177.6836281 -17.5429593, 177.6836322 -17.5429083, 177.6836427 -17.5428733, 177.68366 -17.5428394, 177.6836771 -17.5428158)"
735220511,tertiary_link,False,True,26.219,"LINESTRING (177.6836447 -17.5430312, 177.6836051 -17.5430017, 177.683561 -17.5429807, 177.6835131 -17.5429699, 177.6834638 -17.5429699, 177.6834159 -17.5429807)"
453558531,unclassified,False,True,33.259,"LINESTRING (177.6834159 -17.5429807, 177.6834547 -17.5429552, 177.6835253 -17.542918, 177.6835925 -17.542876, 177.6836771 -17.5428158)"
735220511,tertiary_link,False,False,26.219,"LINESTRING (177.6834159 -17.5429807, 177.6834638 -17.5429699, 177.6835131 -17.5429699, 177.683561 -17.5429807, 177.6836051 -17.5430017, 177.6836447 -17.5430312)"
"[98438867, 403249413]",tertiary,False,True,25.331999999999997,"LINESTRING (177.6836771 -17.5428158, 177.68366 -17.5428394, 177.6836427 -17.5428733, 177.6836322 -17.5429083, 177.6836281 -17.5429593, 177.6836314 -17.5429873, 177.6836447 -17.5430312)"
453558531,unclassified,False,False,33.259,"LINESTRING (177.6836771 -17.5428158, 177.6835925 -17.542876, 177.6835253 -17.542918, 177.6834547 -17.5429552, 177.6834159 -17.5429807)"
