osmid,highway,oneway,reversed,length,geometry
41227051,unclassified,False,True,420.05099999999993,"LINESTRING (-87.7364742 14.3088062, -87.7364418 14.3091147, -87.736474 14.3093226, -87.7366027 14.3095201, -87.7367798 14.3097125, -87.7369032 14.3099204, -87.737048 14.3100399, -87.7371473 14.3099721, -87.7371392 14.3098372, -87.737107 14.3096085, -87.7370802 14.3093642, -87.7371446 14.3090991, -87.7372572 14.3089276, -87.7373796 14.3088362, -87.7375113 14.3088087, -87.737736 14.3088938, -87.7378341 14.3090127, -87.7378702 14.3090564, -87.7380019 14.3092841, -87.7381284 14.3093766)"
41227051,unclassified,False,False,420.051,"LINESTRING (-87.7381284 14.3093766, -87.7380019 14.3092841, -87.7378702 14.3090564, -87.7378341 14.3090127, -87.737736 14.3088938, -87.7375113 14.3088087, -87.7373796 14.3088362, -87.7372572 14.3089276, -87.7371446 14.3090991, -87.7370802 14.3093642, -87.737107 14.3096085, -87.7371392 14.3098372, -87.7371473 14.3099721, -87.737048 14.3100399, -87.7369032 14.3099204, -87.7367798 14.3097125, -87.7366027 14.3095201, -87.736474 14.3093226, -87.7364418 14.3091147, -87.7364742 14.3088062)"
