osmid,highway,oneway,reversed,length,geometry
1086077378,unclassified,False,False,967.9259999999999,"LINESTRING (-88.3668391 15.0990715, -88.3662503 15.099512, -88.3654939 15.0994706, -88.3642118 15.099077, -88.3640777 15.0989993, -88.3640294 15.0989941, -88.3638953 15.0989372, -88.3637934 15.0988595, -88.3633749 15.098383, -88.3630048 15.0980464, -88.3629028 15.0979325, -88.3626936 15.0977719, -88.3625488 15.0976218, -88.3625166 15.0974612, -88.3627097 15.097311, -88.3630691 15.0971401, -88.3633266 15.0968864, -88.3634232 15.0966844, -88.3634661 15.0965601, -88.3634768 15.0964669, -88.3635412 15.0963219, -88.363568 15.0961872, -88.3636002 15.0961147, -88.3636646 15.0960785, -88.3638846 15.0960733, -88.3639489 15.0960578, -88.3640669 15.0959749, -88.3641635 15.0958454, -88.3642333 15.095659, -88.3642386 15.0955554, -88.3642225 15.0954881, -88.3641367 15.0953793, -88.3639918 15.0952706, -88.3639221 15.0951618, -88.3639382 15.0950479, -88.3640457 15.0948558)"
1086077378,unclassified,False,True,967.926,"LINESTRING (-88.3640457 15.0948558, -88.3639382 15.0950479, -88.3639221 15.0951618, -88.3639918 15.0952706, -88.3641367 15.0953793, -88.3642225 15.0954881, -88.3642386 15.0955554, -88.3642333 15.095659, -88.3641635 15.0958454, -88.3640669 15.0959749, -88.3639489 15.0960578, -88.3638846 15.0960733, -88.3636646 15.0960785, -88.3636002 15.0961147, -88.363568 15.0961872, -88.3635412 15.0963219, -88.3634768 15.0964669, -88.3634661 15.0965601, -88.3634232 15.0966844, -88.3633266 15.0968864, -88.3630691 15.0971401, -88.3627097 15.097311, -88.3625166 15.0974612, -88.3625488 15.0976218, -88.3626936 15.0977719, -88.3629028 15.0979325, -88.3630048 15.0980464, -88.3633749 15.098383, -88.3637934 15.0988595, -88.3638953 15.0989372, -88.3640294 15.0989941, -88.3640777 15.0989993, -88.3642118 15.099077, -88.3654939 15.0994706, -88.3662503 15.099512, -88.3668391 15.0990715)"
