osmid,name,highway,oneway,reversed,length,geometry
90630102,вулиця Гайдара,residential,False,False,137.543,"LINESTRING (33.7033369 46.1122265, 33.7029452 46.1121712, 33.7015853 46.1119909)"
90630102,вулиця Гайдара,residential,False,True,97.71100000000001,"LINESTRING (33.700335 46.1118467, 33.701064 46.1119355, 33.7015853 46.1119909)"
90630102,вулиця Гайдара,residential,False,False,97.71100000000001,"LINESTRING (33.7015853 46.1119909, 33.701064 46.1119355, 33.700335 46.1118467)"
90630102,вулиця Гайдара,residential,False,True,137.543,"LINESTRING (33.7015853 46.1119909, 33.7029452 46.1121712, 33.7033369 46.1122265)"
