osmid,highway,oneway,reversed,length,geometry
48143120,residential,False,False,520.3870000000001,"LINESTRING (39.1544599 55.2889022, 39.1547585 55.2892522, 39.1558691 55.291557, 39.1554573 55.2916468, 39.1547255 55.2916918, 39.1531853 55.2916987, 39.1526542 55.291882)"
48143121,residential,False,False,251.281,"LINESTRING (39.1544599 55.2889022, 39.1564227 55.2885862, 39.1575279 55.2884938, 39.1582881 55.2883318)"
229704490,unclassified,False,False,23.643,"LINESTRING (39.1526542 55.291882, 39.1523511 55.2920062)"
48143120,residential,False,True,520.3870000000001,"LINESTRING (39.1526542 55.291882, 39.1531853 55.2916987, 39.1547255 55.2916918, 39.1554573 55.2916468, 39.1558691 55.291557, 39.1547585 55.2892522, 39.1544599 55.2889022)"
48143121,residential,False,True,251.281,"LINESTRING (39.1582881 55.2883318, 39.1575279 55.2884938, 39.1564227 55.2885862, 39.1544599 55.2889022)"
229704490,unclassified,False,True,23.643,"LINESTRING (39.1523511 55.2920062, 39.1526542 55.291882)"
