osmid,highway,oneway,reversed,length,geometry
317642730,residential,False,False,148.084,"LINESTRING (30.1472452 69.6504682, 30.143906 69.6511203)"
317642732,residential,False,True,69.939,"LINESTRING (30.1472452 69.6504682, 30.1485168 69.6509155)"
317642732,residential,False,False,240.60899999999998,"LINESTRING (30.1472452 69.6504682, 30.1465105 69.6499837, 30.1463771 69.6499183, 30.1462133 69.6498542, 30.1460391 69.6498251, 30.1458318 69.6498168, 30.1456207 69.6498363, 30.1454552 69.6498746, 30.1439733 69.6505481, 30.1431972 69.6507149)"
317642732,residential,False,True,240.609,"LINESTRING (30.1431972 69.6507149, 30.1439733 69.6505481, 30.1454552 69.6498746, 30.1456207 69.6498363, 30.1458318 69.6498168, 30.1460391 69.6498251, 30.1462133 69.6498542, 30.1463771 69.6499183, 30.1465105 69.6499837, 30.1472452 69.6504682)"
317642732,residential,False,False,69.939,"LINESTRING (30.1485168 69.6509155, 30.1472452 69.6504682)"
317642730,residential,False,True,148.084,"LINESTRING (30.143906 69.6511203, 30.1472452 69.6504682)"
