osmid,highway,oneway,reversed,length,geometry
309280372,residential,False,True,598.284,"LINESTRING (40.9493652 55.0719125, 40.9512079 55.0728442, 40.9524969 55.0734117, 40.9568811 55.0751303)"
309280372,residential,False,False,598.284,"LINESTRING (40.9568811 55.0751303, 40.9524969 55.0734117, 40.9512079 55.0728442, 40.9493652 55.0719125)"
