osmid,name,highway,oneway,reversed,length,geometry,ref
733192899,Молодёжная улица,secondary,False,True,279.402,"LINESTRING (58.4435166 51.4682597, 58.4428299 51.4683132, 58.442551 51.4682597, 58.4422978 51.4681324, 58.4420083 51.4679908, 58.441593 51.4677876, 58.441091 51.467542, 58.4405544 51.4672795, 58.4401552 51.4670842)",
51343984,Орское шоссе,secondary,False,False,829.1139999999999,"LINESTRING (58.4350395 51.4709515, 58.4352019 51.4710332, 58.4360304 51.47145, 58.437608 51.4722635, 58.4380092 51.4724151, 58.4384666 51.4725045, 58.4389569 51.4725396, 58.4447286 51.4727419, 58.4454314 51.472765, 58.4456136 51.4727723, 58.4461511 51.4728012)",53К-4305000
733192900,улица Войченко,secondary,False,True,557.2710000000001,"LINESTRING (58.4350395 51.4709515, 58.4360141 51.4702073, 58.4390686 51.4678749, 58.4395958 51.4674723, 58.4401552 51.4670842)",
733192899,Молодёжная улица,secondary,False,False,279.402,"LINESTRING (58.4401552 51.4670842, 58.4405544 51.4672795, 58.441091 51.467542, 58.441593 51.4677876, 58.4420083 51.4679908, 58.4422978 51.4681324, 58.442551 51.4682597, 58.4428299 51.4683132, 58.4435166 51.4682597)",
733192900,улица Войченко,secondary,False,False,557.271,"LINESTRING (58.4401552 51.4670842, 58.4395958 51.4674723, 58.4390686 51.4678749, 58.4360141 51.4702073, 58.4350395 51.4709515)",
51343984,Орское шоссе,secondary,False,True,829.1139999999998,"LINESTRING (58.4461511 51.4728012, 58.4456136 51.4727723, 58.4454314 51.472765, 58.4447286 51.4727419, 58.4389569 51.4725396, 58.4384666 51.4725045, 58.4380092 51.4724151, 58.437608 51.4722635, 58.4360304 51.47145, 58.4352019 51.4710332, 58.4350395 51.4709515)",53К-4305000
