osmid,highway,access,oneway,reversed,length,geometry
70223065,unclassified,destination,False,True,342.238,"LINESTRING (38.1105393 55.8748052, 38.1118559 55.8760165, 38.1124411 55.8765832, 38.1129993 55.8771301, 38.1130389 55.877167, 38.1133487 55.8774486)"
48227597,unclassified,destination,False,False,259.974,"LINESTRING (38.1133487 55.8774486, 38.1146367 55.8787453, 38.1148668 55.8788587, 38.1159711 55.8791435)"
70223065,unclassified,destination,False,False,342.238,"LINESTRING (38.1133487 55.8774486, 38.1130389 55.877167, 38.1129993 55.8771301, 38.1124411 55.8765832, 38.1118559 55.8760165, 38.1105393 55.8748052)"
70223068,residential,destination,False,True,565.198,"LINESTRING (38.1133487 55.8774486, 38.1131116 55.8776023, 38.1129493 55.8777075, 38.1128212 55.8778061, 38.1125872 55.8779864, 38.1125774 55.8780773, 38.1126113 55.8782023, 38.1126849 55.8785246, 38.112579 55.8786489, 38.1123602 55.8787333, 38.1121571 55.878762, 38.1120003 55.8787738, 38.1117573 55.8787921, 38.1099668 55.8789271, 38.108772 55.8790172, 38.1082914 55.8790534, 38.1076452 55.8791021, 38.1064766 55.8791902, 38.1060662 55.8792311)"
35004344,unclassified,destination,False,False,391.724,"LINESTRING (38.1159711 55.8791435, 38.1176707 55.8807321, 38.1177707 55.8807776, 38.1179465 55.8808047, 38.1194944 55.8805871, 38.1197977 55.8805871, 38.1205491 55.8806745)"
48227597,unclassified,destination,False,True,259.974,"LINESTRING (38.1159711 55.8791435, 38.1148668 55.8788587, 38.1146367 55.8787453, 38.1133487 55.8774486)"
35004344,unclassified,destination,False,True,391.72400000000005,"LINESTRING (38.1205491 55.8806745, 38.1197977 55.8805871, 38.1194944 55.8805871, 38.1179465 55.8808047, 38.1177707 55.8807776, 38.1176707 55.8807321, 38.1159711 55.8791435)"
70223068,residential,destination,False,False,565.1980000000001,"LINESTRING (38.1060662 55.8792311, 38.1064766 55.8791902, 38.1076452 55.8791021, 38.1082914 55.8790534, 38.108772 55.8790172, 38.1099668 55.8789271, 38.1117573 55.8787921, 38.1120003 55.8787738, 38.1121571 55.878762, 38.1123602 55.8787333, 38.112579 55.8786489, 38.1126849 55.8785246, 38.1126113 55.8782023, 38.1125774 55.8780773, 38.1125872 55.8779864, 38.1128212 55.8778061, 38.1129493 55.8777075, 38.1131116 55.8776023, 38.1133487 55.8774486)"
