osmid,highway,oneway,reversed,length,geometry
214777275,residential,False,False,195.946,"LINESTRING (92.531251 56.1957179, 92.5311262 56.1967451, 92.5312573 56.1969692, 92.5312723 56.1974661)"
214777275,residential,False,True,195.94600000000003,"LINESTRING (92.5312723 56.1974661, 92.5312573 56.1969692, 92.5311262 56.1967451, 92.531251 56.1957179)"
