osmid,name,highway,oneway,reversed,length,geometry
106941110,улица Горского,unclassified,False,True,304.352,"LINESTRING (56.4670631 54.7127826, 56.4650937 54.7127826, 56.4640843 54.7128395, 56.4633107 54.712998, 56.4625198 54.7132847)"
106941105,Тихая улица,residential,False,True,768.893,"LINESTRING (56.4682738 54.7193468, 56.467216 54.7182162, 56.4661324 54.71711, 56.4640725 54.7148232, 56.4625198 54.7132847)"
106941105,Тихая улица,residential,False,False,768.8929999999999,"LINESTRING (56.4625198 54.7132847, 56.4640725 54.7148232, 56.4661324 54.71711, 56.467216 54.7182162, 56.4682738 54.7193468)"
106941105,Тихая улица,residential,False,True,205.627,"LINESTRING (56.4625198 54.7132847, 56.4617872 54.7124774, 56.4609604 54.7116704)"
106941110,улица Горского,unclassified,False,False,304.35200000000003,"LINESTRING (56.4625198 54.7132847, 56.4633107 54.712998, 56.4640843 54.7128395, 56.4650937 54.7127826, 56.4670631 54.7127826)"
106941105,Тихая улица,residential,False,False,205.627,"LINESTRING (56.4609604 54.7116704, 56.4617872 54.7124774, 56.4625198 54.7132847)"
