osmid,lanes,name,highway,maxspeed,oneway,reversed,length,geometry
42326783,2,Советская улица,secondary,40,False,False,315.642,"LINESTRING (41.5059123 52.5930069, 41.5059119 52.592943, 41.5059182 52.5924469, 41.5059222 52.5916586, 41.5059281 52.5905193, 41.5059289 52.590375, 41.5059287 52.5901683)"
42326783,2,Советская улица,secondary,40,False,True,311.556,"LINESTRING (41.5059123 52.5930069, 41.5059167 52.5930735, 41.5059278 52.5933461, 41.5059328 52.5936151, 41.5059343 52.5938169, 41.5059368 52.5941556, 41.5059416 52.5943305, 41.5059477 52.5944851, 41.5059517 52.5946333, 41.5059597 52.5948862, 41.505959 52.5951467, 41.5059581 52.5955242, 41.5059585 52.5958085)"
"[273008017, 333043313]",2,проспект Труда,unclassified,"['60', '40']",False,False,523.4540000000001,"LINESTRING (41.5059123 52.5930069, 41.5060333 52.5930069, 41.5068679 52.593007, 41.5069842 52.593007, 41.5071598 52.593007, 41.5077722 52.5930071, 41.5079489 52.5930071, 41.5096774 52.5930073, 41.5106073 52.5930074, 41.5108392 52.5930074, 41.5111149 52.5930056, 41.5113458 52.5930042, 41.5119787 52.5930001, 41.5123946 52.5929975, 41.5136615 52.5929894)"
42326783,2,Советская улица,secondary,40,False,True,315.64200000000005,"LINESTRING (41.5059287 52.5901683, 41.5059289 52.590375, 41.5059281 52.5905193, 41.5059222 52.5916586, 41.5059182 52.5924469, 41.5059119 52.592943, 41.5059123 52.5930069)"
"[333043313, 273008017]",2,проспект Труда,unclassified,"['60', '40']",False,True,523.454,"LINESTRING (41.5136615 52.5929894, 41.5123946 52.5929975, 41.5119787 52.5930001, 41.5113458 52.5930042, 41.5111149 52.5930056, 41.5108392 52.5930074, 41.5106073 52.5930074, 41.5096774 52.5930073, 41.5079489 52.5930071, 41.5077722 52.5930071, 41.5071598 52.593007, 41.5069842 52.593007, 41.5068679 52.593007, 41.5060333 52.5930069, 41.5059123 52.5930069)"
42326783,2,Советская улица,secondary,40,False,False,311.556,"LINESTRING (41.5059585 52.5958085, 41.5059581 52.5955242, 41.505959 52.5951467, 41.5059597 52.5948862, 41.5059517 52.5946333, 41.5059477 52.5944851, 41.5059416 52.5943305, 41.5059368 52.5941556, 41.5059343 52.5938169, 41.5059328 52.5936151, 41.5059278 52.5933461, 41.5059167 52.5930735, 41.5059123 52.5930069)"
