osmid,highway,oneway,reversed,length,geometry
"[186448817, 186448756]","['unclassified', 'residential']",False,"[False, True]",505.496,"LINESTRING (56.3810186 54.840408, 56.3799778 54.8406226, 56.378346 54.8408964, 56.377514 54.840978, 56.3768844 54.8412739, 56.3766403 54.8416402, 56.3760942 54.8423431, 56.3759153 54.8425678, 56.3757297 54.8427422, 56.3754789 54.842896, 56.3752783 54.8429942)"
"[186448817, 186448756]","['residential', 'unclassified']",False,"[False, True]",505.496,"LINESTRING (56.3752783 54.8429942, 56.3754789 54.842896, 56.3757297 54.8427422, 56.3759153 54.8425678, 56.3760942 54.8423431, 56.3766403 54.8416402, 56.3768844 54.8412739, 56.377514 54.840978, 56.378346 54.8408964, 56.3799778 54.8406226, 56.3810186 54.840408)"
186448756,residential,False,True,544.665,"LINESTRING (56.3752783 54.8429942, 56.3745973 54.8432642, 56.3739034 54.8436527, 56.3734473 54.8440522, 56.3732288 54.8443999, 56.3727217 54.8458549, 56.3722202 54.8469782, 56.3724386 54.8473296)"
186448798,residential,False,False,235.55299999999997,"LINESTRING (56.3752783 54.8429942, 56.3756741 54.8433155, 56.37649 54.8437261, 56.3769783 54.8439185, 56.3781796 54.8442329)"
186448798,residential,False,True,235.55299999999997,"LINESTRING (56.3781796 54.8442329, 56.3769783 54.8439185, 56.37649 54.8437261, 56.3756741 54.8433155, 56.3752783 54.8429942)"
186448756,residential,False,False,544.665,"LINESTRING (56.3724386 54.8473296, 56.3722202 54.8469782, 56.3727217 54.8458549, 56.3732288 54.8443999, 56.3734473 54.8440522, 56.3739034 54.8436527, 56.3745973 54.8432642, 56.3752783 54.8429942)"
