osmid,highway,oneway,reversed,length,geometry
338833346,residential,False,False,307.427,"LINESTRING (60.2306352 54.5995713, 60.2299151 54.6005412, 60.2279256 54.6018031)"
376721232,unclassified,False,True,9.059,"LINESTRING (60.2279256 54.6018031, 60.2278318 54.6017424)"
338833346,residential,False,True,307.427,"LINESTRING (60.2279256 54.6018031, 60.2299151 54.6005412, 60.2306352 54.5995713)"
376721232,unclassified,False,False,140.599,"LINESTRING (60.2262533 54.6009456, 60.226705 54.6012265, 60.2272837 54.6013155, 60.2275632 54.6015686, 60.2278318 54.6017424)"
376721232,unclassified,False,False,9.059,"LINESTRING (60.2278318 54.6017424, 60.2279256 54.6018031)"
376721232,unclassified,False,True,140.599,"LINESTRING (60.2278318 54.6017424, 60.2275632 54.6015686, 60.2272837 54.6013155, 60.226705 54.6012265, 60.2262533 54.6009456)"
