osmid,highway,oneway,reversed,length,geometry
908022169,residential,False,True,248.911,"LINESTRING (39.2907625 59.2979412, 39.2889708 59.2974345, 39.2884183 59.297366, 39.2873293 59.2972209, 39.2871845 59.2971086, 39.2870935 59.2969209)"
"[105789552, 908022170, 908022168]","['unclassified', 'residential']",False,"[False, True]",449.245,"LINESTRING (39.2870935 59.2969209, 39.2870164 59.2969984, 39.2866694 59.2972181, 39.2860807 59.2976635, 39.2859185 59.2980015, 39.2857844 59.2986862, 39.285602 59.2989354, 39.2856771 59.2990916, 39.2859346 59.2991491, 39.2876351 59.2993189, 39.2888474 59.2994914)"
908022169,residential,False,False,248.911,"LINESTRING (39.2870935 59.2969209, 39.2871845 59.2971086, 39.2873293 59.2972209, 39.2884183 59.297366, 39.2889708 59.2974345, 39.2907625 59.2979412)"
"[908022168, 908022170, 105789552]","['residential', 'unclassified']",False,"[False, True]",449.24500000000006,"LINESTRING (39.2888474 59.2994914, 39.2876351 59.2993189, 39.2859346 59.2991491, 39.2856771 59.2990916, 39.285602 59.2989354, 39.2857844 59.2986862, 39.2859185 59.2980015, 39.2860807 59.2976635, 39.2866694 59.2972181, 39.2870164 59.2969984, 39.2870935 59.2969209)"
