osmid,highway,oneway,reversed,length,geometry
456228172,residential,False,True,377.631,"LINESTRING (42.3668121 56.0502465, 42.372698 56.0511003)"
456228172,residential,False,False,326.595,"LINESTRING (42.3777885 56.0518388, 42.372698 56.0511003)"
456228172,residential,False,False,377.631,"LINESTRING (42.372698 56.0511003, 42.3668121 56.0502465)"
456228172,residential,False,True,326.595,"LINESTRING (42.372698 56.0511003, 42.3777885 56.0518388)"
