osmid,highway,oneway,reversed,length,geometry
793439225,residential,False,False,226.97699999999998,"LINESTRING (56.0956821 54.0242976, 56.0956401 54.0240562, 56.095556 54.0238202, 56.0953973 54.0235624, 56.0952758 54.0234142, 56.095103 54.0232578, 56.0949863 54.0231289, 56.094977 54.0228271, 56.095047 54.0223443)"
793439226,residential,False,False,328.969,"LINESTRING (56.0956821 54.0242976, 56.0961818 54.0242701, 56.097382 54.024207, 56.0989885 54.0241001, 56.1002307 54.0239931, 56.1006837 54.0239574)"
793439225,residential,False,True,226.977,"LINESTRING (56.095047 54.0223443, 56.094977 54.0228271, 56.0949863 54.0231289, 56.095103 54.0232578, 56.0952758 54.0234142, 56.0953973 54.0235624, 56.095556 54.0238202, 56.0956401 54.0240562, 56.0956821 54.0242976)"
793439226,residential,False,True,328.969,"LINESTRING (56.1006837 54.0239574, 56.1002307 54.0239931, 56.0989885 54.0241001, 56.097382 54.024207, 56.0961818 54.0242701, 56.0956821 54.0242976)"
