osmid,highway,oneway,reversed,length,geometry
181323833,residential,False,False,459.46000000000004,"LINESTRING (47.3785212 53.1450666, 47.3807465 53.1449552, 47.38239 53.1446963, 47.3840333 53.1443128, 47.3850664 53.1439544)"
181323833,residential,False,True,459.46,"LINESTRING (47.3850664 53.1439544, 47.3840333 53.1443128, 47.38239 53.1446963, 47.3807465 53.1449552, 47.3785212 53.1450666)"
447750848,residential,False,False,197.919,"LINESTRING (47.3850664 53.1439544, 47.3847119 53.1435321, 47.3844597 53.1430559, 47.3843009 53.1426357, 47.3840581 53.1422884)"
447750848,residential,False,True,197.91899999999998,"LINESTRING (47.3840581 53.1422884, 47.3843009 53.1426357, 47.3844597 53.1430559, 47.3847119 53.1435321, 47.3850664 53.1439544)"
