osmid,highway,oneway,reversed,length,geometry
"[132310880, 829885989]",residential,False,True,903.895,"LINESTRING (20.8685734 54.6476276, 20.8645036 54.6483788, 20.8634281 54.648732, 20.8628273 54.6489507, 20.8661412 54.6492646, 20.8669358 54.6493487, 20.8679144 54.6489563, 20.8684183 54.6485526, 20.8685734 54.6481041, 20.8685734 54.6476276)"
"[132310880, 829885989]",residential,False,False,903.895,"LINESTRING (20.8685734 54.6476276, 20.8685734 54.6481041, 20.8684183 54.6485526, 20.8679144 54.6489563, 20.8669358 54.6493487, 20.8661412 54.6492646, 20.8628273 54.6489507, 20.8634281 54.648732, 20.8645036 54.6483788, 20.8685734 54.6476276)"
