osmid,lanes,name,highway,oneway,reversed,length,geometry
35451983,2,Строительная улица,residential,False,False,357.224,"LINESTRING (31.2045857 58.4965751, 31.2046868 58.4966095, 31.2052888 58.4968215, 31.2056851 58.4968206, 31.2059448 58.4967846, 31.2065046 58.4966502, 31.2068325 58.4965368, 31.2070394 58.49647, 31.2075455 58.4963065, 31.2083883 58.4960389, 31.2087211 58.495941, 31.2099442 58.4955633)"
35451983,2,Строительная улица,residential,False,True,357.224,"LINESTRING (31.2099442 58.4955633, 31.2087211 58.495941, 31.2083883 58.4960389, 31.2075455 58.4963065, 31.2070394 58.49647, 31.2068325 58.4965368, 31.2065046 58.4966502, 31.2059448 58.4967846, 31.2056851 58.4968206, 31.2052888 58.4968215, 31.2046868 58.4966095, 31.2045857 58.4965751)"
