osmid,highway,oneway,reversed,length,geometry,name
103496250,tertiary,False,False,552.05,"LINESTRING (56.4547517 52.9446827, 56.4540182 52.944898, 56.4529086 52.9460653, 56.4520435 52.9465186, 56.4483385 52.9469152, 56.4480621 52.9469472)",
103496250,tertiary,False,True,552.05,"LINESTRING (56.4480621 52.9469472, 56.4483385 52.9469152, 56.4520435 52.9465186, 56.4529086 52.9460653, 56.4540182 52.944898, 56.4547517 52.9446827)",
690207010,tertiary,False,False,241.56400000000002,"LINESTRING (56.4480621 52.9469472, 56.4479187 52.9466643, 56.4473956 52.9456512, 56.4468495 52.9449049)",
690208302,residential,False,False,223.32299999999998,"LINESTRING (56.4435725 52.9448559, 56.4465914 52.9448523, 56.4467937 52.9448467, 56.4468495 52.9449049)",Лесная улица
690207010,tertiary,False,True,241.564,"LINESTRING (56.4468495 52.9449049, 56.4473956 52.9456512, 56.4479187 52.9466643, 56.4480621 52.9469472)",
690208302,residential,False,False,171.919,"LINESTRING (56.4468495 52.9449049, 56.4482329 52.94493, 56.4493956 52.9448026)",Лесная улица
690208302,residential,False,True,223.323,"LINESTRING (56.4468495 52.9449049, 56.4467937 52.9448467, 56.4465914 52.9448523, 56.4435725 52.9448559)",Лесная улица
690208302,residential,False,True,171.919,"LINESTRING (56.4493956 52.9448026, 56.4482329 52.94493, 56.4468495 52.9449049)",Лесная улица
