osmid,highway,oneway,reversed,length,geometry
195376859,unclassified,False,True,213.98399999999998,"LINESTRING (46.108259 52.5340758, 46.107949 52.5348007, 46.1075952 52.5353249, 46.1071139 52.5358586)"
195376859,unclassified,False,False,213.98399999999998,"LINESTRING (46.1071139 52.5358586, 46.1075952 52.5353249, 46.107949 52.5348007, 46.108259 52.5340758)"
195376859,unclassified,False,True,363.26899999999995,"LINESTRING (46.1071139 52.5358586, 46.106128 52.5366222, 46.1053964 52.5371307, 46.1045137 52.5377239, 46.1042535 52.537846, 46.1038696 52.5379702, 46.1033193 52.538091)"
195376859,unclassified,False,True,58.235,"LINESTRING (46.1033193 52.538091, 46.102529 52.5382989)"
195376859,unclassified,False,False,363.269,"LINESTRING (46.1033193 52.538091, 46.1038696 52.5379702, 46.1042535 52.537846, 46.1045137 52.5377239, 46.1053964 52.5371307, 46.106128 52.5366222, 46.1071139 52.5358586)"
195376859,unclassified,False,False,58.235,"LINESTRING (46.102529 52.5382989, 46.1033193 52.538091)"
