osmid,lanes,name,highway,oneway,reversed,length,geometry
1212675917,1,до д. Хашки-2,unclassified,False,False,210.248,"LINESTRING (28.1085293 57.4621778, 28.1083003 57.4618415, 28.1081955 57.4616924, 28.1078381 57.4613742, 28.1075177 57.4610494, 28.1073636 57.4608538, 28.1072508 57.4607541, 28.1069358 57.4605009)"
1212675917,1,до д. Хашки-2,unclassified,False,True,210.248,"LINESTRING (28.1069358 57.4605009, 28.1072508 57.4607541, 28.1073636 57.4608538, 28.1075177 57.4610494, 28.1078381 57.4613742, 28.1081955 57.4616924, 28.1083003 57.4618415, 28.1085293 57.4621778)"
