osmid,highway,oneway,reversed,length,geometry
240253298,unclassified,False,True,123.163,"LINESTRING (42.0554539 45.0840061, 42.0553521 45.0839028, 42.0545507 45.0833181, 42.0544215 45.0831769)"
240253298,unclassified,False,False,123.163,"LINESTRING (42.0544215 45.0831769, 42.0545507 45.0833181, 42.0553521 45.0839028, 42.0554539 45.0840061)"
