osmid,name,highway,oneway,reversed,length,geometry
1088086153,улица Железнодорожников,tertiary,False,True,65.358,"LINESTRING (114.840013 56.3595007, 114.83934 56.3599551)"
1250744842,улица 70 лет Октября,secondary,False,False,64.438,"LINESTRING (114.840013 56.3595007, 114.8396617 56.3595129, 114.8394794 56.359521, 114.8393101 56.35953, 114.8391301 56.3595498, 114.8389764 56.3595691)"
1088086204,,tertiary_link,False,False,51.678,"LINESTRING (114.8389764 56.3595691, 114.8390669 56.3596041, 114.8391876 56.3596695, 114.8392095 56.3596862, 114.8392734 56.3597349, 114.8393324 56.3597899, 114.83934 56.3599551)"
1250744842,улица 70 лет Октября,secondary,False,True,64.438,"LINESTRING (114.8389764 56.3595691, 114.8391301 56.3595498, 114.8393101 56.35953, 114.8394794 56.359521, 114.8396617 56.3595129, 114.840013 56.3595007)"
1088086153,улица Железнодорожников,tertiary,False,False,65.358,"LINESTRING (114.83934 56.3599551, 114.840013 56.3595007)"
1088086204,,tertiary_link,False,True,51.678,"LINESTRING (114.83934 56.3599551, 114.8393324 56.3597899, 114.8392734 56.3597349, 114.8392095 56.3596862, 114.8391876 56.3596695, 114.8390669 56.3596041, 114.8389764 56.3595691)"
