osmid,name,highway,oneway,reversed,length,geometry
471300429,Комсомольская улица,residential,False,True,205.976,"LINESTRING (136.6140605 45.0485093, 136.6142848 45.0487211, 136.6145545 45.0489758, 136.6146774 45.0490919, 136.6150594 45.0494526, 136.6156312 45.0499925)"
471300429,Комсомольская улица,residential,False,False,205.976,"LINESTRING (136.6156312 45.0499925, 136.6150594 45.0494526, 136.6146774 45.0490919, 136.6145545 45.0489758, 136.6142848 45.0487211, 136.6140605 45.0485093)"
1151253307,Партизанская улица,residential,False,True,368.268,"LINESTRING (136.6156312 45.0499925, 136.6153399 45.0501777, 136.614494 45.0506858, 136.6142369 45.0508411, 136.6140409 45.0509617, 136.6138173 45.0510738, 136.6135139 45.0512526, 136.6132465 45.0514899, 136.6127528 45.0519448, 136.6123931 45.0522604, 136.6123321 45.0523199)"
"[471300544, 1151253308]",Партизанская улица,residential,False,False,321.216,"LINESTRING (136.6156312 45.0499925, 136.6157466 45.0499276, 136.6161042 45.0497273, 136.6165169 45.0495392, 136.6173847 45.0491964, 136.6179212 45.0489782, 136.6190936 45.0485255, 136.6191328 45.0485106)"
1151253307,Партизанская улица,residential,False,False,368.26800000000003,"LINESTRING (136.6123321 45.0523199, 136.6123931 45.0522604, 136.6127528 45.0519448, 136.6132465 45.0514899, 136.6135139 45.0512526, 136.6138173 45.0510738, 136.6140409 45.0509617, 136.6142369 45.0508411, 136.614494 45.0506858, 136.6153399 45.0501777, 136.6156312 45.0499925)"
"[471300544, 1151253308]",Партизанская улица,residential,False,True,321.216,"LINESTRING (136.6191328 45.0485106, 136.6190936 45.0485255, 136.6179212 45.0489782, 136.6173847 45.0491964, 136.6165169 45.0495392, 136.6161042 45.0497273, 136.6157466 45.0499276, 136.6156312 45.0499925)"
