osmid,highway,oneway,reversed,length,geometry
749892752,unclassified,False,True,568.3199999999999,"LINESTRING (35.9361155 52.4829648, 35.9356242 52.4835799, 35.9355261 52.4837761, 35.9355214 52.4838586, 35.9355821 52.4839809, 35.9356849 52.4841089, 35.9359184 52.484288, 35.9360631 52.4844018, 35.9361519 52.4845013, 35.9361939 52.4846094, 35.9361939 52.4847573, 35.9361285 52.4849137, 35.9360631 52.4850531, 35.9359651 52.4852408, 35.9358016 52.4854825, 35.9355121 52.4858038, 35.9352039 52.4861167, 35.934975 52.4862901, 35.9343959 52.4866314, 35.9339243 52.4869271, 35.9336628 52.4871376, 35.933504 52.4873082, 35.9334744 52.4873469)"
749892752,unclassified,False,False,568.3199999999999,"LINESTRING (35.9334744 52.4873469, 35.933504 52.4873082, 35.9336628 52.4871376, 35.9339243 52.4869271, 35.9343959 52.4866314, 35.934975 52.4862901, 35.9352039 52.4861167, 35.9355121 52.4858038, 35.9358016 52.4854825, 35.9359651 52.4852408, 35.9360631 52.4850531, 35.9361285 52.4849137, 35.9361939 52.4847573, 35.9361939 52.4846094, 35.9361519 52.4845013, 35.9360631 52.4844018, 35.9359184 52.484288, 35.9356849 52.4841089, 35.9355821 52.4839809, 35.9355214 52.4838586, 35.9355261 52.4837761, 35.9356242 52.4835799, 35.9361155 52.4829648)"
749892752,unclassified,False,True,106.15299999999999,"LINESTRING (35.9334744 52.4873469, 35.9333452 52.4875158, 35.9331771 52.4877547, 35.9329716 52.4879679, 35.9327311 52.4881842)"
749892752,unclassified,False,False,106.153,"LINESTRING (35.9327311 52.4881842, 35.9329716 52.4879679, 35.9331771 52.4877547, 35.9333452 52.4875158, 35.9334744 52.4873469)"
749892752,unclassified,False,True,83.451,"LINESTRING (35.9327311 52.4881842, 35.9325606 52.4883376, 35.932131 52.4886959, 35.9320105 52.4887929)"
749892752,unclassified,False,False,83.451,"LINESTRING (35.9320105 52.4887929, 35.932131 52.4886959, 35.9325606 52.4883376, 35.9327311 52.4881842)"
