osmid,name,highway,maxspeed,oneway,reversed,length,geometry
133955199,Юбилейная улица,residential,20,False,False,123.101,"LINESTRING (58.635946 54.7885325, 58.634026 54.7885284)"
133955199,Юбилейная улица,residential,20,False,True,174.613,"LINESTRING (58.635946 54.7885325, 58.6364367 54.7885191, 58.6374908 54.7884902, 58.6376705 54.7884853, 58.6386675 54.7884834)"
"[80632425, 37517165]",улица Белинского,residential,20,False,False,774.761,"LINESTRING (58.6327978 54.78317, 58.6298634 54.7844185, 58.6306954 54.7850323, 58.6334672 54.7871784, 58.6337829 54.7875334, 58.63399 54.7879881, 58.6339972 54.7880961, 58.634026 54.7885284)"
133955199,Юбилейная улица,residential,20,False,True,123.101,"LINESTRING (58.634026 54.7885284, 58.635946 54.7885325)"
80632425,улица Белинского,residential,20,False,False,53.568,"LINESTRING (58.634026 54.7885284, 58.6340368 54.7888617, 58.6340553 54.7890097)"
"[80632425, 37517165]",улица Белинского,residential,20,False,True,774.761,"LINESTRING (58.634026 54.7885284, 58.6339972 54.7880961, 58.63399 54.7879881, 58.6337829 54.7875334, 58.6334672 54.7871784, 58.6306954 54.7850323, 58.6298634 54.7844185, 58.6327978 54.78317)"
133955199,Юбилейная улица,residential,20,False,False,174.61300000000003,"LINESTRING (58.6386675 54.7884834, 58.6376705 54.7884853, 58.6374908 54.7884902, 58.6364367 54.7885191, 58.635946 54.7885325)"
80632425,улица Белинского,residential,20,False,True,53.568,"LINESTRING (58.6340553 54.7890097, 58.6340368 54.7888617, 58.634026 54.7885284)"
