osmid,ref,highway,oneway,reversed,length,geometry
432735808,46Н-08862,tertiary,False,False,666.7620000000001,"LINESTRING (37.1836516 55.4127921, 37.183962 55.4128951, 37.1850836 55.4132354, 37.1854598 55.4133496, 37.1865145 55.4135788, 37.1873239 55.4137496, 37.1876619 55.4138209, 37.1895571 55.414203, 37.1898055 55.4142527, 37.1902391 55.4143394, 37.1909008 55.4144716, 37.1910808 55.4145076, 37.1912677 55.414545, 37.1920824 55.4147125, 37.1927455 55.4148585, 37.1928374 55.4148787, 37.1934444 55.4150124)"
432735808,46Н-08862,tertiary,False,True,666.7620000000001,"LINESTRING (37.1934444 55.4150124, 37.1928374 55.4148787, 37.1927455 55.4148585, 37.1920824 55.4147125, 37.1912677 55.414545, 37.1910808 55.4145076, 37.1909008 55.4144716, 37.1902391 55.4143394, 37.1898055 55.4142527, 37.1895571 55.414203, 37.1876619 55.4138209, 37.1873239 55.4137496, 37.1865145 55.4135788, 37.1854598 55.4133496, 37.1850836 55.4132354, 37.183962 55.4128951, 37.1836516 55.4127921)"
