osmid,lanes,name,highway,oneway,reversed,length,geometry
"[200366968, 200366969, 200366970]","['1', '2']",Cemetary Road,"['unclassified', 'residential']",False,True,474.75,"LINESTRING (-62.852353 46.3791335, -62.8523601 46.3796851, -62.852416 46.3803633, -62.8524313 46.3805529, -62.8526334 46.3827401, -62.8526187 46.3833971)"
"[200366968, 200366969, 200366970]","['1', '2']",Cemetary Road,"['residential', 'unclassified']",False,False,474.75000000000006,"LINESTRING (-62.8526187 46.3833971, -62.8526334 46.3827401, -62.8524313 46.3805529, -62.852416 46.3803633, -62.8523601 46.3796851, -62.852353 46.3791335)"
