osmid,highway,oneway,reversed,length,geometry
548217810,unclassified,False,True,5.036,"LINESTRING (95.6810017 17.0326813, 95.6809825 17.0326399)"
548217812,unclassified,False,False,380.01,"LINESTRING (95.6810017 17.0326813, 95.6813802 17.0333971, 95.6819151 17.0344165, 95.6825991 17.0357385)"
548217812,unclassified,False,True,380.01,"LINESTRING (95.6825991 17.0357385, 95.6819151 17.0344165, 95.6813802 17.0333971, 95.6810017 17.0326813)"
548217810,unclassified,False,False,5.036,"LINESTRING (95.6809825 17.0326399, 95.6810017 17.0326813)"
548217813,unclassified,False,False,876.7099999999999,"LINESTRING (95.6809825 17.0326399, 95.6813511 17.0326457, 95.6817513 17.0325761, 95.6822438 17.0325182, 95.6826234 17.0324984, 95.682792 17.0325482, 95.6829012 17.0326422, 95.683157 17.0326921, 95.6835354 17.0327756, 95.6837211 17.0327953, 95.6840219 17.0327779, 95.684444 17.0327152, 95.686387 17.0327326, 95.6869146 17.0327187, 95.687082 17.0333728, 95.687122 17.0336789, 95.6871875 17.0339503, 95.6873622 17.0341869, 95.6875623 17.034333, 95.6877916 17.0344269, 95.6879007 17.0344548)"
548217813,unclassified,False,True,876.7099999999998,"LINESTRING (95.6879007 17.0344548, 95.6877916 17.0344269, 95.6875623 17.034333, 95.6873622 17.0341869, 95.6871875 17.0339503, 95.687122 17.0336789, 95.687082 17.0333728, 95.6869146 17.0327187, 95.686387 17.0327326, 95.684444 17.0327152, 95.6840219 17.0327779, 95.6837211 17.0327953, 95.6835354 17.0327756, 95.683157 17.0326921, 95.6829012 17.0326422, 95.682792 17.0325482, 95.6826234 17.0324984, 95.6822438 17.0325182, 95.6817513 17.0325761, 95.6813511 17.0326457, 95.6809825 17.0326399)"
