osmid,highway,oneway,reversed,length,geometry
700973472,unclassified,False,True,161.747,"LINESTRING (-86.8605693 13.0409887, -86.860469 13.0411324, -86.8605414 13.0416158, -86.860526 13.0420285, -86.8605119 13.0424076)"
1135782139,unclassified,False,True,581.5090000000001,"LINESTRING (-86.8605693 13.0409887, -86.8603188 13.0408319, -86.8601149 13.0406203, -86.8594605 13.0398364, -86.8588543 13.0393347, -86.8573523 13.0385821, -86.8569982 13.0383835, -86.8568212 13.0381797, -86.8566871 13.0379184, -86.8566334 13.0376623)"
700973472,unclassified,False,False,161.747,"LINESTRING (-86.8605119 13.0424076, -86.860526 13.0420285, -86.8605414 13.0416158, -86.860469 13.0411324, -86.8605693 13.0409887)"
1135782139,unclassified,False,False,581.509,"LINESTRING (-86.8566334 13.0376623, -86.8566871 13.0379184, -86.8568212 13.0381797, -86.8569982 13.0383835, -86.8573523 13.0385821, -86.8588543 13.0393347, -86.8594605 13.0398364, -86.8601149 13.0406203, -86.8603188 13.0408319, -86.8605693 13.0409887)"
