osmid,highway,oneway,reversed,length,geometry
1084415484,residential,False,False,42.608000000000004,"LINESTRING (38.3110691 37.7904919, 38.3112249 37.7905178, 38.3112372 37.7905762, 38.3111962 37.7906021, 38.3111306 37.7905794, 38.3110691 37.7904919)"
1084415484,residential,False,True,42.608000000000004,"LINESTRING (38.3110691 37.7904919, 38.3111306 37.7905794, 38.3111962 37.7906021, 38.3112372 37.7905762, 38.3112249 37.7905178, 38.3110691 37.7904919)"
