osmid,highway,oneway,reversed,length,geometry
692552167,residential,False,True,77.271,"LINESTRING (42.1681228 38.4909244, 42.1690104 38.4909086)"
692552168,residential,False,False,117.393,"LINESTRING (42.1690826 38.4919628, 42.16904 38.4912717, 42.1690104 38.4909086)"
692552167,residential,False,False,77.271,"LINESTRING (42.1690104 38.4909086, 42.1681228 38.4909244)"
692552168,residential,False,True,117.393,"LINESTRING (42.1690104 38.4909086, 42.16904 38.4912717, 42.1690826 38.4919628)"
