osmid,highway,oneway,reversed,length,geometry
377317476,living_street,False,False,76.66300000000001,"LINESTRING (39.3811946 40.251289, 39.3811529 40.2514092, 39.3811575 40.2515259, 39.3811529 40.2516213, 39.3811344 40.2516637, 39.3809862 40.2516991, 39.3808704 40.2517486, 39.3807829 40.2518065)"
"[377317473, 287594953, 377317461]","['residential', 'unclassified']",False,False,252.009,"LINESTRING (39.3807829 40.2518065, 39.3808657 40.2518193, 39.3809954 40.2519041, 39.3811019 40.252049, 39.3813289 40.2523813, 39.3811019 40.2522364, 39.3808333 40.2521586, 39.3806342 40.2521409, 39.3804304 40.2520844, 39.3802822 40.2520243, 39.3799442 40.2519475, 39.3797594 40.2519609, 39.3796451 40.2519945, 39.3795571 40.2519677, 39.379522 40.2519114)"
377317461,residential,False,True,111.97399999999999,"LINESTRING (39.3807829 40.2518065, 39.3804072 40.2517486, 39.380134 40.2517238, 39.3798885 40.251798, 39.379694 40.2518723, 39.379522 40.2519114)"
377317476,living_street,False,True,76.66300000000001,"LINESTRING (39.3807829 40.2518065, 39.3808704 40.2517486, 39.3809862 40.2516991, 39.3811344 40.2516637, 39.3811529 40.2516213, 39.3811575 40.2515259, 39.3811529 40.2514092, 39.3811946 40.251289)"
"[377317473, 287594953, 377317461]","['unclassified', 'residential']",False,True,252.00899999999996,"LINESTRING (39.379522 40.2519114, 39.3795571 40.2519677, 39.3796451 40.2519945, 39.3797594 40.2519609, 39.3799442 40.2519475, 39.3802822 40.2520243, 39.3804304 40.2520844, 39.3806342 40.2521409, 39.3808333 40.2521586, 39.3811019 40.2522364, 39.3813289 40.2523813, 39.3811019 40.252049, 39.3809954 40.2519041, 39.3808657 40.2518193, 39.3807829 40.2518065)"
377317461,residential,False,False,111.974,"LINESTRING (39.379522 40.2519114, 39.379694 40.2518723, 39.3798885 40.251798, 39.380134 40.2517238, 39.3804072 40.2517486, 39.3807829 40.2518065)"
