osmid,highway,oneway,reversed,length,geometry
290662438,residential,False,False,446.238,"LINESTRING (28.7422827 37.432781, 28.7425039 37.4330943, 28.7427908 37.4333601, 28.7430777 37.4335974, 28.743532 37.433906, 28.7436934 37.4340911, 28.7437891 37.4342809, 28.7438428 37.434561, 28.743813 37.4350688, 28.7437831 37.4352872, 28.7437831 37.4353916, 28.7438907 37.4356574, 28.7440879 37.4361985, 28.7441398 37.436303)"
290662450,tertiary,False,False,86.196,"LINESTRING (28.7441398 37.436303, 28.7450921 37.4364737)"
290662438,residential,False,True,446.23800000000006,"LINESTRING (28.7441398 37.436303, 28.7440879 37.4361985, 28.7438907 37.4356574, 28.7437831 37.4353916, 28.7437831 37.4352872, 28.743813 37.4350688, 28.7438428 37.434561, 28.7437891 37.4342809, 28.7436934 37.4340911, 28.743532 37.433906, 28.7430777 37.4335974, 28.7427908 37.4333601, 28.7425039 37.4330943, 28.7422827 37.432781)"
290662450,tertiary,False,True,86.196,"LINESTRING (28.7450921 37.4364737, 28.7441398 37.436303)"
