osmid,highway,oneway,reversed,length,geometry
1140794932,unclassified,False,True,18.752,"LINESTRING (36.5117766 36.3865178, 36.5116613 36.386377)"
1140794936,unclassified,False,False,499.61199999999997,"LINESTRING (36.5089529 36.3805129, 36.5090334 36.3805647, 36.5091138 36.3806166, 36.509146 36.3806338, 36.509264 36.3806814, 36.5095751 36.3808368, 36.5135792 36.3828894, 36.5136694 36.3828787)"
1140794936,unclassified,False,True,499.61199999999997,"LINESTRING (36.5136694 36.3828787, 36.5135792 36.3828894, 36.5095751 36.3808368, 36.509264 36.3806814, 36.509146 36.3806338, 36.5091138 36.3806166, 36.5090334 36.3805647, 36.5089529 36.3805129)"
1140794940,tertiary,False,True,499.403,"LINESTRING (36.5136694 36.3828787, 36.5137259 36.3831783, 36.5137434 36.3834195, 36.5137175 36.3835846, 36.5134892 36.3840595, 36.5132528 36.3843973, 36.513118 36.3844856, 36.5129831 36.3845565, 36.5128865 36.3845589, 36.5125153 36.3844941, 36.5123375 36.3844922, 36.5121813 36.384586, 36.5121123 36.3847084, 36.5118125 36.3853296, 36.5116505 36.3856506, 36.5116201 36.385775, 36.5117822 36.3860078, 36.5117881 36.3861224, 36.5116613 36.386377)"
1140794932,unclassified,False,False,18.752,"LINESTRING (36.5116613 36.386377, 36.5117766 36.3865178)"
1140794940,tertiary,False,False,499.403,"LINESTRING (36.5116613 36.386377, 36.5117881 36.3861224, 36.5117822 36.3860078, 36.5116201 36.385775, 36.5116505 36.3856506, 36.5118125 36.3853296, 36.5121123 36.3847084, 36.5121813 36.384586, 36.5123375 36.3844922, 36.5125153 36.3844941, 36.5128865 36.3845589, 36.5129831 36.3845565, 36.513118 36.3844856, 36.5132528 36.3843973, 36.5134892 36.3840595, 36.5137175 36.3835846, 36.5137434 36.3834195, 36.5137259 36.3831783, 36.5136694 36.3828787)"
