osmid,highway,oneway,reversed,length,geometry
278865611,living_street,False,True,213.387,"LINESTRING (33.8275084 39.8875816, 33.8268914 39.887638, 33.8265797 39.8876313, 33.8263719 39.8877376, 33.8260169 39.8879037, 33.8252031 39.8882027)"
278865611,living_street,False,False,213.387,"LINESTRING (33.8252031 39.8882027, 33.8260169 39.8879037, 33.8263719 39.8877376, 33.8265797 39.8876313, 33.8268914 39.887638, 33.8275084 39.8875816)"
