osmid,highway,oneway,reversed,length,geometry
943407653,residential,False,False,46.684,"LINESTRING (42.605611 38.7930719, 42.6055992 38.792834, 42.6055677 38.7926539)"
943407652,residential,False,False,169.951,"LINESTRING (42.6045665 38.7913715, 42.605011 38.7918872, 42.6052911 38.7921928, 42.6054591 38.7923047, 42.6055677 38.7926539)"
943407653,residential,False,True,102.929,"LINESTRING (42.6044544 38.792482, 42.604647 38.7924738, 42.604801 38.7924493, 42.6050706 38.792452, 42.6053121 38.7925229, 42.6054836 38.7925884, 42.6055677 38.7926539)"
943407652,residential,False,True,169.951,"LINESTRING (42.6055677 38.7926539, 42.6054591 38.7923047, 42.6052911 38.7921928, 42.605011 38.7918872, 42.6045665 38.7913715)"
943407653,residential,False,False,102.929,"LINESTRING (42.6055677 38.7926539, 42.6054836 38.7925884, 42.6053121 38.7925229, 42.6050706 38.792452, 42.604801 38.7924493, 42.604647 38.7924738, 42.6044544 38.792482)"
943407653,residential,False,True,46.684,"LINESTRING (42.6055677 38.7926539, 42.6055992 38.792834, 42.605611 38.7930719)"
