osmid,highway,oneway,reversed,length,geometry
"[218030832, 218030819]","['living_street', 'tertiary']",False,"[False, True]",265.44,"LINESTRING (39.6634411 38.2334295, 39.663525 38.2337227, 39.6639226 38.2348989, 39.6639733 38.2351912, 39.6639903 38.2354902, 39.6641087 38.2357494)"
218030826,living_street,False,True,153.56799999999998,"LINESTRING (39.6634411 38.2334295, 39.6644132 38.2335167, 39.6651661 38.2336762)"
218030826,living_street,False,False,153.56799999999998,"LINESTRING (39.6651661 38.2336762, 39.6644132 38.2335167, 39.6634411 38.2334295)"
218030842,living_street,False,False,236.345,"LINESTRING (39.6614771 38.2354891, 39.6624929 38.2357427, 39.6629244 38.2358291, 39.663525 38.2358158, 39.6638295 38.2358092, 39.6641087 38.2357494)"
218030832,living_street,False,True,24.123,"LINESTRING (39.6641087 38.2357494, 39.664354 38.2358491)"
"[218030832, 218030819]","['living_street', 'tertiary']",False,"[False, True]",265.44,"LINESTRING (39.6641087 38.2357494, 39.6639903 38.2354902, 39.6639733 38.2351912, 39.6639226 38.2348989, 39.663525 38.2337227, 39.6634411 38.2334295)"
218030842,living_street,False,True,236.345,"LINESTRING (39.6641087 38.2357494, 39.6638295 38.2358092, 39.663525 38.2358158, 39.6629244 38.2358291, 39.6624929 38.2357427, 39.6614771 38.2354891)"
218030832,living_street,False,False,24.123,"LINESTRING (39.664354 38.2358491, 39.6641087 38.2357494)"
