osmid,highway,oneway,reversed,length,geometry
184358826,residential,False,False,67.576,"LINESTRING (33.0991635 41.7833021, 33.0991407 41.7835011, 33.0989744 41.7836851, 33.0988564 41.7838491)"
184358826,residential,False,True,67.576,"LINESTRING (33.0988564 41.7838491, 33.0989744 41.7836851, 33.0991407 41.7835011, 33.0991635 41.7833021)"
