osmid,highway,oneway,reversed,length,geometry
"[1030552697, 244179743]",residential,False,"[False, True]",259.151,"LINESTRING (37.8394756 40.5662353, 37.839974 40.5661955, 37.8404111 40.5660493, 37.8409183 40.5659962, 37.8412768 40.5659431, 37.8414094 40.565999, 37.8419244 40.5660194, 37.8424126 40.5662028)"
1030552700,residential,False,True,42.352999999999994,"LINESTRING (37.8394756 40.5662353, 37.8396039 40.5660398, 37.8396683 40.5658849)"
"[1030552697, 244179743]",residential,False,"[False, True]",259.151,"LINESTRING (37.8424126 40.5662028, 37.8419244 40.5660194, 37.8414094 40.565999, 37.8412768 40.5659431, 37.8409183 40.5659962, 37.8404111 40.5660493, 37.839974 40.5661955, 37.8394756 40.5662353)"
1030552698,residential,False,False,263.556,"LINESTRING (37.8424126 40.5662028, 37.8426218 40.5663291, 37.8427666 40.5663617, 37.8430938 40.5665573, 37.843303 40.5666388, 37.8434586 40.5667203, 37.8437 40.5668955, 37.8437858 40.5670096, 37.8437966 40.5670544, 37.8437 40.5671644, 37.8436035 40.5672256, 37.8434479 40.5672826, 37.8433299 40.5672908, 37.8432333 40.5672541, 37.8428042 40.5669403)"
1030552699,residential,False,True,48.432,"LINESTRING (37.8424126 40.5662028, 37.8424823 40.5660764, 37.842493 40.5660194, 37.8424716 40.565779)"
1030552698,residential,False,True,263.556,"LINESTRING (37.8428042 40.5669403, 37.8432333 40.5672541, 37.8433299 40.5672908, 37.8434479 40.5672826, 37.8436035 40.5672256, 37.8437 40.5671644, 37.8437966 40.5670544, 37.8437858 40.5670096, 37.8437 40.5668955, 37.8434586 40.5667203, 37.843303 40.5666388, 37.8430938 40.5665573, 37.8427666 40.5663617, 37.8426218 40.5663291, 37.8424126 40.5662028)"
1030552699,residential,False,False,48.432,"LINESTRING (37.8424716 40.565779, 37.842493 40.5660194, 37.8424823 40.5660764, 37.8424126 40.5662028)"
1030552700,residential,False,False,42.352999999999994,"LINESTRING (37.8396683 40.5658849, 37.8396039 40.5660398, 37.8394756 40.5662353)"
