osmid,highway,oneway,reversed,length,geometry
245021941,residential,False,True,304.81100000000004,"LINESTRING (38.4516367 37.6908611, 38.4516451 37.690562, 38.4516115 37.6902297, 38.4515891 37.6901871, 38.4514818 37.6902125, 38.4513316 37.6902125, 38.4512404 37.6901956, 38.4511599 37.6900258, 38.4510956 37.6898687, 38.4508166 37.6894612, 38.4504196 37.6890154, 38.4502641 37.6887607, 38.4501861 37.688632)"
758642178,residential,False,True,196.86,"LINESTRING (38.4516367 37.6908611, 38.4517876 37.6906752, 38.451927 37.6905479, 38.4520075 37.690497, 38.4520933 37.6903314, 38.4522114 37.6901361, 38.4521953 37.6899621, 38.4521094 37.6897074, 38.4520236 37.6894824, 38.4519275 37.6892644)"
758642174,unclassified,False,False,169.413,"LINESTRING (38.4519275 37.6892644, 38.4514278 37.6891202, 38.4510308 37.6889096, 38.4507133 37.6887987, 38.450363 37.6886768, 38.4501861 37.688632)"
758642178,residential,False,False,196.86,"LINESTRING (38.4519275 37.6892644, 38.4520236 37.6894824, 38.4521094 37.6897074, 38.4521953 37.6899621, 38.4522114 37.6901361, 38.4520933 37.6903314, 38.4520075 37.690497, 38.451927 37.6905479, 38.4517876 37.6906752, 38.4516367 37.6908611)"
245021941,residential,False,False,304.811,"LINESTRING (38.4501861 37.688632, 38.4502641 37.6887607, 38.4504196 37.6890154, 38.4508166 37.6894612, 38.4510956 37.6898687, 38.4511599 37.6900258, 38.4512404 37.6901956, 38.4513316 37.6902125, 38.4514818 37.6902125, 38.4515891 37.6901871, 38.4516115 37.6902297, 38.4516451 37.690562, 38.4516367 37.6908611)"
758642174,unclassified,False,True,169.413,"LINESTRING (38.4501861 37.688632, 38.450363 37.6886768, 38.4507133 37.6887987, 38.4510308 37.6889096, 38.4514278 37.6891202, 38.4519275 37.6892644)"
