osmid,highway,oneway,reversed,length,geometry
188388575,residential,False,False,137.57000000000002,"LINESTRING (33.873591 41.4369052, 33.8734919 41.4371653, 33.8734919 41.437351, 33.8735476 41.4375414, 33.8736096 41.4377365, 33.873591 41.4378433, 33.8734795 41.4379547, 33.8733618 41.4380615)"
188388443,residential,False,False,112.569,"LINESTRING (33.8733618 41.4380615, 33.8734238 41.4382101, 33.8734361 41.4383866, 33.8732937 41.4388278, 33.8732441 41.4390507)"
188388575,residential,False,True,137.57,"LINESTRING (33.8733618 41.4380615, 33.8734795 41.4379547, 33.873591 41.4378433, 33.8736096 41.4377365, 33.8735476 41.4375414, 33.8734919 41.437351, 33.8734919 41.4371653, 33.873591 41.4369052)"
188388443,residential,False,True,112.569,"LINESTRING (33.8732441 41.4390507, 33.8732937 41.4388278, 33.8734361 41.4383866, 33.8734238 41.4382101, 33.8733618 41.4380615)"
