osmid,highway,oneway,reversed,length,geometry
913694056,residential,False,False,108.957,"LINESTRING (45.7656118 5.7690241, 45.7656556 5.7689472, 45.7657578 5.7687142, 45.765811 5.7684876, 45.7657776 5.7680844)"
913693704,residential,False,False,30.195,"LINESTRING (45.7657776 5.7680844, 45.7655513 5.7679326)"
913694056,residential,False,True,108.957,"LINESTRING (45.7657776 5.7680844, 45.765811 5.7684876, 45.7657578 5.7687142, 45.7656556 5.7689472, 45.7656118 5.7690241)"
913693702,residential,False,True,208.68500000000003,"LINESTRING (45.7637801 5.7681063, 45.764044 5.7680597, 45.7644315 5.7679157, 45.764589 5.7678776, 45.7648956 5.767759, 45.7650616 5.7677462, 45.7653469 5.7677717, 45.7655513 5.7679326)"
913693704,residential,False,True,30.195,"LINESTRING (45.7655513 5.7679326, 45.7657776 5.7680844)"
913693702,residential,False,False,208.685,"LINESTRING (45.7655513 5.7679326, 45.7653469 5.7677717, 45.7650616 5.7677462, 45.7648956 5.767759, 45.764589 5.7678776, 45.7644315 5.7679157, 45.764044 5.7680597, 45.7637801 5.7681063)"
