osmid,name,highway,oneway,reversed,length,geometry
826968717,Rusin贸w,residential,False,False,71.586,"LINESTRING (18.8503618 50.1983399, 18.8504522 50.1980534, 18.8504156 50.197949, 18.8502367 50.1978004, 18.8502364 50.1977435)"
826968717,Rusin贸w,residential,False,True,166.346,"LINESTRING (18.8503618 50.1983399, 18.8503409 50.1983893, 18.8501618 50.1988407, 18.8498097 50.199256, 18.8495013 50.1997225)"
826968717,Rusin贸w,residential,False,True,71.586,"LINESTRING (18.8502364 50.1977435, 18.8502367 50.1978004, 18.8504156 50.197949, 18.8504522 50.1980534, 18.8503618 50.1983399)"
1091394768,,residential,False,True,115.996,"LINESTRING (18.8502364 50.1977435, 18.8501304 50.1977289, 18.8499722 50.1976705, 18.8495725 50.1975117, 18.8488363 50.1972172)"
826968717,Rusin贸w,residential,False,False,166.346,"LINESTRING (18.8495013 50.1997225, 18.8498097 50.199256, 18.8501618 50.1988407, 18.8503409 50.1983893, 18.8503618 50.1983399)"
1091394768,,residential,False,False,115.996,"LINESTRING (18.8488363 50.1972172, 18.8495725 50.1975117, 18.8499722 50.1976705, 18.8501304 50.1977289, 18.8502364 50.1977435)"
