osmid,lanes,ref,name,highway,oneway,reversed,length,geometry
788615811,2,804,Vía 804,tertiary,False,True,561.159,"LINESTRING (-83.3408617 10.0965331, -83.3410887 10.0965912, -83.341888 10.0967127, -83.3449779 10.0971722, -83.3459238 10.09732)"
788615812,2,804,Vía 804,tertiary,False,False,40.676,"LINESTRING (-83.3408617 10.0965331, -83.3408791 10.0963377, -83.3408992 10.0961692)"
788615811,2,804,Vía 804,tertiary,False,False,561.1590000000001,"LINESTRING (-83.3459238 10.09732, -83.3449779 10.0971722, -83.341888 10.0967127, -83.3410887 10.0965912, -83.3408617 10.0965331)"
788615811,2,804,Vía 804,tertiary,False,True,202.845,"LINESTRING (-83.3459238 10.09732, -83.3459918 10.0973306, -83.3477538 10.0976061)"
788615811,2,804,Vía 804,tertiary,False,False,202.845,"LINESTRING (-83.3477538 10.0976061, -83.3459918 10.0973306, -83.3459238 10.09732)"
1181923530,,,,residential,False,True,99.555,"LINESTRING (-83.3418064 10.0962315, -83.3408992 10.0961692)"
1181923530,,,,residential,False,False,99.555,"LINESTRING (-83.3408992 10.0961692, -83.3418064 10.0962315)"
788615812,2,804,Vía 804,tertiary,False,True,40.676,"LINESTRING (-83.3408992 10.0961692, -83.3408791 10.0963377, -83.3408617 10.0965331)"
