osmid,ref,name,highway,oneway,reversed,length,geometry
820003526,О141903,вулиця Івана Франка,tertiary,False,True,105.551,"LINESTRING (22.9991489 49.0740196, 23.0001316 49.073322)"
820003526,О141903,вулиця Івана Франка,tertiary,False,False,110.738,"LINESTRING (22.9991489 49.0740196, 22.9986683 49.0745371, 22.9984523 49.0747984, 22.9983848 49.0748802)"
820003526,О141903,вулиця Івана Франка,tertiary,False,False,105.551,"LINESTRING (23.0001316 49.073322, 22.9991489 49.0740196)"
875354344,,,unclassified,False,False,142.416,"LINESTRING (23.0001316 49.073322, 23.000468 49.0735531, 23.0005056 49.0735971, 23.0005136 49.0736568, 23.0003393 49.0745002)"
875354344,,,unclassified,False,True,142.416,"LINESTRING (23.0003393 49.0745002, 23.0005136 49.0736568, 23.0005056 49.0735971, 23.000468 49.0735531, 23.0001316 49.073322)"
875354346,,,residential,False,True,208.97599999999997,"LINESTRING (22.9959324 49.0743948, 22.9962489 49.0742929, 22.9965064 49.0742489, 22.996839 49.074205, 22.9969999 49.0741997, 22.9971608 49.0742261, 22.9977161 49.074509, 22.9980379 49.0747233, 22.9983848 49.0748802)"
820003526,О141903,вулиця Івана Франка,tertiary,False,True,110.738,"LINESTRING (22.9983848 49.0748802, 22.9984523 49.0747984, 22.9986683 49.0745371, 22.9991489 49.0740196)"
875354346,,,residential,False,False,208.976,"LINESTRING (22.9983848 49.0748802, 22.9980379 49.0747233, 22.9977161 49.074509, 22.9971608 49.0742261, 22.9969999 49.0741997, 22.996839 49.074205, 22.9965064 49.0742489, 22.9962489 49.0742929, 22.9959324 49.0743948)"
