osmid,ref,name,highway,oneway,reversed,length,geometry
1187631587,О-060510,вулиця Героїв-Десантників,tertiary,False,True,298.551,"LINESTRING (28.8350608 50.4751367, 28.8328671 50.4749221, 28.8323146 50.4748708, 28.8319766 50.4748504, 28.8314563 50.474864, 28.8308828 50.4749223)"
"[881951928, 1187744124]",,вулиця Корнійчука,"['unclassified', 'residential']",False,True,368.039,"LINESTRING (28.8350608 50.4751367, 28.8350384 50.4753761, 28.8350035 50.4755792, 28.8348868 50.4761331, 28.8348238 50.4764447, 28.8347876 50.4765881, 28.8347273 50.4767946, 28.8346039 50.4770984, 28.8344993 50.4774074, 28.8344094 50.4777069, 28.8343531 50.4779246, 28.8343477 50.4780133, 28.8343558 50.4781004, 28.8343491 50.4781712, 28.8342699 50.4784008)"
"[881951928, 1187744124]",,вулиця Корнійчука,"['unclassified', 'residential']",False,False,368.039,"LINESTRING (28.8342699 50.4784008, 28.8343491 50.4781712, 28.8343558 50.4781004, 28.8343477 50.4780133, 28.8343531 50.4779246, 28.8344094 50.4777069, 28.8344993 50.4774074, 28.8346039 50.4770984, 28.8347273 50.4767946, 28.8347876 50.4765881, 28.8348238 50.4764447, 28.8348868 50.4761331, 28.8350035 50.4755792, 28.8350384 50.4753761, 28.8350608 50.4751367)"
1187631587,О-060510,вулиця Героїв-Десантників,tertiary,False,False,298.551,"LINESTRING (28.8308828 50.4749223, 28.8314563 50.474864, 28.8319766 50.4748504, 28.8323146 50.4748708, 28.8328671 50.4749221, 28.8350608 50.4751367)"
