osmid,name,highway,oneway,reversed,length,geometry
128404684,Бантиша вулиця,tertiary,False,False,168.534,"LINESTRING (37.4548395 48.6395452, 37.4551774 48.6395416, 37.4555039 48.6395697, 37.4559224 48.6396654, 37.4563919 48.6398004, 37.4569758 48.6400197)"
1165076053,,tertiary,False,True,232.078,"LINESTRING (37.4548395 48.6395452, 37.4546029 48.6397082, 37.4544096 48.6398745, 37.4543132 48.6399706, 37.4542596 48.6400981, 37.4542515 48.6404739, 37.4542381 48.6408992, 37.4541736 48.64114, 37.4540824 48.6412463, 37.453959 48.6413456, 37.4538093 48.6413877)"
128404674,Затонського вулиця,residential,False,True,395.426,"LINESTRING (37.4538093 48.6413877, 37.4534064 48.6412534, 37.4532893 48.6412349, 37.4529002 48.6410416, 37.4490471 48.639746)"
1165076053,,tertiary,False,False,232.078,"LINESTRING (37.4538093 48.6413877, 37.453959 48.6413456, 37.4540824 48.6412463, 37.4541736 48.64114, 37.4542381 48.6408992, 37.4542515 48.6404739, 37.4542596 48.6400981, 37.4543132 48.6399706, 37.4544096 48.6398745, 37.4546029 48.6397082, 37.4548395 48.6395452)"
128404684,Бантиша вулиця,tertiary,False,True,168.534,"LINESTRING (37.4569758 48.6400197, 37.4563919 48.6398004, 37.4559224 48.6396654, 37.4555039 48.6395697, 37.4551774 48.6395416, 37.4548395 48.6395452)"
275037283,,residential,False,False,304.896,"LINESTRING (37.4569758 48.6400197, 37.4570808 48.6396949, 37.457259 48.6394584, 37.457494 48.6392885, 37.4587548 48.6389706, 37.4589267 48.638969, 37.4590917 48.6389873, 37.4592305 48.6390515, 37.4593062 48.6391312, 37.4593493 48.6392356, 37.4593216 48.6393699, 37.4591887 48.6397085)"
275037283,,residential,False,True,304.89599999999996,"LINESTRING (37.4591887 48.6397085, 37.4593216 48.6393699, 37.4593493 48.6392356, 37.4593062 48.6391312, 37.4592305 48.6390515, 37.4590917 48.6389873, 37.4589267 48.638969, 37.4587548 48.6389706, 37.457494 48.6392885, 37.457259 48.6394584, 37.4570808 48.6396949, 37.4569758 48.6400197)"
128404674,Затонського вулиця,residential,False,False,395.426,"LINESTRING (37.4490471 48.639746, 37.4529002 48.6410416, 37.4532893 48.6412349, 37.4534064 48.6412534, 37.4538093 48.6413877)"
