osmid,highway,oneway,reversed,length,ref,geometry
1091124447,residential,False,True,235.095,,"LINESTRING (67.2621817 40.4988673, 67.2599361 40.500114)"
168717084,secondary,False,False,132.60999999999999,4К236,"LINESTRING (67.2621817 40.4988673, 67.2615417 40.4981955, 67.2615165 40.4981703, 67.2612526 40.4979066)"
168717084,secondary,False,True,132.61,4К236,"LINESTRING (67.2612526 40.4979066, 67.2615165 40.4981703, 67.2615417 40.4981955, 67.2621817 40.4988673)"
1091124447,residential,False,False,37.179,,"LINESTRING (67.259581 40.5003112, 67.2599361 40.500114)"
1091124447,residential,False,False,235.095,,"LINESTRING (67.2599361 40.500114, 67.2621817 40.4988673)"
1091124447,residential,False,True,37.179,,"LINESTRING (67.2599361 40.500114, 67.259581 40.5003112)"
