osmid,highway,oneway,reversed,length,geometry
207364350,primary,False,True,305.375,"LINESTRING (72.6249827 32.355132, 72.623788 32.3544996, 72.6222279 32.3536737)"
207364339,residential,False,True,259.881,"LINESTRING (72.6222279 32.3536737, 72.6223407 32.3529103, 72.6224856 32.3521898, 72.6223863 32.351357)"
207364350,primary,False,False,305.375,"LINESTRING (72.6222279 32.3536737, 72.623788 32.3544996, 72.6249827 32.355132)"
207364339,residential,False,False,259.88100000000003,"LINESTRING (72.6223863 32.351357, 72.6224856 32.3521898, 72.6223407 32.3529103, 72.6222279 32.3536737)"
