osmid,highway,oneway,reversed,length,geometry
74996024,residential,False,False,343.60200000000003,"LINESTRING (68.9111045 27.6776628, 68.9114151 27.6782215, 68.9118143 27.6788021, 68.9120213 27.6790945, 68.9120558 27.679387, 68.9120854 27.6796838, 68.9120558 27.6798759, 68.9119671 27.6801465, 68.9118439 27.6803953, 68.9118023 27.6804916)"
74996035,residential,False,False,388.39300000000003,"LINESTRING (68.9081791 27.6796623, 68.9097483 27.6798779, 68.9102006 27.6799501, 68.9107263 27.6799898, 68.9109504 27.6799717, 68.9112764 27.6799898, 68.9114598 27.6800331, 68.9115535 27.6801197, 68.9116554 27.6802424, 68.9117125 27.6803795, 68.9118023 27.6804916)"
74996024,residential,False,True,217.15699999999998,"LINESTRING (68.9130696 27.6820828, 68.9128964 27.6818392, 68.9127464 27.6816371, 68.9124009 27.6811203, 68.9120699 27.6807891, 68.9119544 27.6806644, 68.9119263 27.6806325, 68.9118023 27.6804916)"
74996024,residential,False,False,217.15699999999998,"LINESTRING (68.9118023 27.6804916, 68.9119263 27.6806325, 68.9119544 27.6806644, 68.9120699 27.6807891, 68.9124009 27.6811203, 68.9127464 27.6816371, 68.9128964 27.6818392, 68.9130696 27.6820828)"
74996024,residential,False,True,343.60200000000003,"LINESTRING (68.9118023 27.6804916, 68.9118439 27.6803953, 68.9119671 27.6801465, 68.9120558 27.6798759, 68.9120854 27.6796838, 68.9120558 27.679387, 68.9120213 27.6790945, 68.9118143 27.6788021, 68.9114151 27.6782215, 68.9111045 27.6776628)"
74996035,residential,False,True,388.39300000000003,"LINESTRING (68.9118023 27.6804916, 68.9117125 27.6803795, 68.9116554 27.6802424, 68.9115535 27.6801197, 68.9114598 27.6800331, 68.9112764 27.6799898, 68.9109504 27.6799717, 68.9107263 27.6799898, 68.9102006 27.6799501, 68.9097483 27.6798779, 68.9081791 27.6796623)"
