osmid,highway,oneway,reversed,length,geometry
689202977,unclassified,False,True,430.413,"LINESTRING (72.4742297 34.091539, 72.4744291 34.0913639, 72.4750171 34.0907538, 72.4767406 34.088554, 72.4768227 34.0883372)"
689202966,residential,False,True,197.16600000000003,"LINESTRING (72.4792528 34.0872265, 72.4789551 34.0873687, 72.4788317 34.0874197, 72.4787325 34.0874464, 72.4786413 34.0874731, 72.4785501 34.0875086, 72.4783838 34.0875841, 72.4781129 34.0876685, 72.4779063 34.0877418, 72.4774101 34.0878462, 72.4773057 34.0879257)"
689202966,residential,False,False,72.36699999999999,"LINESTRING (72.4768227 34.0883372, 72.4769139 34.0883594, 72.4769944 34.0883549, 72.4770319 34.0883194, 72.4772438 34.0879729, 72.4773057 34.0879257)"
689202977,unclassified,False,False,430.41299999999995,"LINESTRING (72.4768227 34.0883372, 72.4767406 34.088554, 72.4750171 34.0907538, 72.4744291 34.0913639, 72.4742297 34.091539)"
689202966,residential,False,False,197.16599999999997,"LINESTRING (72.4773057 34.0879257, 72.4774101 34.0878462, 72.4779063 34.0877418, 72.4781129 34.0876685, 72.4783838 34.0875841, 72.4785501 34.0875086, 72.4786413 34.0874731, 72.4787325 34.0874464, 72.4788317 34.0874197, 72.4789551 34.0873687, 72.4792528 34.0872265)"
689202966,residential,False,True,72.367,"LINESTRING (72.4773057 34.0879257, 72.4772438 34.0879729, 72.4770319 34.0883194, 72.4769944 34.0883549, 72.4769139 34.0883594, 72.4768227 34.0883372)"
