osmid,highway,oneway,reversed,length,geometry
"[1228067696, 1020127955]",unclassified,False,True,792.4979999999999,"LINESTRING (73.7469152 32.5864841, 73.7469335 32.5861758, 73.747092 32.5860062, 73.7472275 32.5860026, 73.7472063 32.5851437, 73.7467497 32.5851527, 73.7456242 32.5853495, 73.7452739 32.585099, 73.7441185 32.5851034, 73.7441424 32.5860302, 73.744145 32.586115, 73.7441504 32.5861478, 73.7441692 32.5861726, 73.744196 32.5861884, 73.7442403 32.5861997, 73.7443314 32.5862009, 73.7445964 32.586201, 73.7451797 32.5861938, 73.7454991 32.5862082, 73.7459547 32.5862117, 73.7463421 32.5862548)"
"[1228067696, 1020127955]",unclassified,False,False,792.4979999999999,"LINESTRING (73.7463421 32.5862548, 73.7459547 32.5862117, 73.7454991 32.5862082, 73.7451797 32.5861938, 73.7445964 32.586201, 73.7443314 32.5862009, 73.7442403 32.5861997, 73.744196 32.5861884, 73.7441692 32.5861726, 73.7441504 32.5861478, 73.744145 32.586115, 73.7441424 32.5860302, 73.7441185 32.5851034, 73.7452739 32.585099, 73.7456242 32.5853495, 73.7467497 32.5851527, 73.7472063 32.5851437, 73.7472275 32.5860026, 73.747092 32.5860062, 73.7469335 32.5861758, 73.7469152 32.5864841)"
