osmid,highway,oneway,reversed,length,geometry
560510058,tertiary,False,True,45.023,"LINESTRING (10.0313211 45.2251817, 10.031338 45.2251373, 10.0313478 45.2250858, 10.0313459 45.2250387, 10.03133 45.2249815, 10.0312586 45.2247863)"
560510058,tertiary,False,False,45.022999999999996,"LINESTRING (10.0312586 45.2247863, 10.03133 45.2249815, 10.0313459 45.2250387, 10.0313478 45.2250858, 10.031338 45.2251373, 10.0313211 45.2251817)"
