osmid,oneway,lanes,ref,name,highway,maxspeed,reversed,length,geometry
170135725,True,2,RA8,Raccordo autostradale 8 Ferrara-Porto Garibaldi,motorway,90,False,109.665,"LINESTRING (11.8333566 44.7689418, 11.8320057 44.7691717)"
170087823,False,,,,emergency_bay,,False,110.28,"LINESTRING (11.8333566 44.7689418, 11.8329684 44.7690527, 11.8326204 44.7691133, 11.8320057 44.7691717)"
170135725,True,2,RA8,Raccordo autostradale 8 Ferrara-Porto Garibaldi,motorway,90,False,591.714,"LINESTRING (11.8320057 44.7691717, 11.8247223 44.7704288)"
170087823,False,,,,emergency_bay,,True,110.28,"LINESTRING (11.8320057 44.7691717, 11.8326204 44.7691133, 11.8329684 44.7690527, 11.8333566 44.7689418)"
170135725,True,2,RA8,Raccordo autostradale 8 Ferrara-Porto Garibaldi,motorway,90,False,144.141,"LINESTRING (11.8247223 44.7704288, 11.8229488 44.7707372)"
170087806,False,,,,emergency_bay,,False,144.644,"LINESTRING (11.8247223 44.7704288, 11.8241092 44.7705853, 11.8237072 44.7706531, 11.8229488 44.7707372)"
170087806,False,,,,emergency_bay,,True,144.644,"LINESTRING (11.8229488 44.7707372, 11.8237072 44.7706531, 11.8241092 44.7705853, 11.8247223 44.7704288)"
