osmid,highway,oneway,reversed,length,geometry
703134413,unclassified,False,False,158.82899999999998,"LINESTRING (17.3014872 40.7887056, 17.3016416 40.7888711, 17.3025683 40.7897748, 17.3026095 40.7898142, 17.3026353 40.7898388)"
703134413,unclassified,False,True,158.829,"LINESTRING (17.3026353 40.7898388, 17.3026095 40.7898142, 17.3025683 40.7897748, 17.3016416 40.7888711, 17.3014872 40.7887056)"
