osmid,name,highway,maxspeed,oneway,reversed,length,geometry
172267420,Hemmathagama-Horawala Road,secondary,50,False,True,74.38900000000001,"LINESTRING (80.4996461 7.173268, 80.4996613 7.1734421, 80.499691 7.1735868, 80.4998611 7.1738895)"
225062354,Dippitiya-Thalgaspitiya-Hemmathagama Road,tertiary,40,False,False,409.5899999999999,"LINESTRING (80.4996461 7.173268, 80.4995691 7.1732092, 80.4995083 7.1731704, 80.4994117 7.1730896, 80.4993076 7.1730171, 80.4992145 7.1729755, 80.4991078 7.1730091, 80.4988362 7.1730935, 80.49869 7.1730697, 80.4985676 7.1730102, 80.4982825 7.172785, 80.498036 7.1725705, 80.497865 7.1724213, 80.4977305 7.1722668, 80.4976704 7.1720577, 80.497575 7.171886, 80.4975224 7.171772, 80.4974484 7.1717048, 80.4972375 7.1716117, 80.4971257 7.171563, 80.4970299 7.1715355, 80.4969226 7.1715217, 80.4968464 7.1715068, 80.496752 7.1714781)"
225062354,Dippitiya-Thalgaspitiya-Hemmathagama Road,tertiary,40,False,True,409.59000000000003,"LINESTRING (80.496752 7.1714781, 80.4968464 7.1715068, 80.4969226 7.1715217, 80.4970299 7.1715355, 80.4971257 7.171563, 80.4972375 7.1716117, 80.4974484 7.1717048, 80.4975224 7.171772, 80.497575 7.171886, 80.4976704 7.1720577, 80.4977305 7.1722668, 80.497865 7.1724213, 80.498036 7.1725705, 80.4982825 7.172785, 80.4985676 7.1730102, 80.49869 7.1730697, 80.4988362 7.1730935, 80.4991078 7.1730091, 80.4992145 7.1729755, 80.4993076 7.1730171, 80.4994117 7.1730896, 80.4995083 7.1731704, 80.4995691 7.1732092, 80.4996461 7.173268)"
172267420,Hemmathagama-Horawala Road,secondary,50,False,False,74.389,"LINESTRING (80.4998611 7.1738895, 80.499691 7.1735868, 80.4996613 7.1734421, 80.4996461 7.173268)"
