osmid,ref,name,highway,maxspeed,oneway,reversed,length,geometry
505825910,AA026,Kandy - Mahiyanganaya- Padiyathalawa Road,trunk,60,False,False,260.498,"LINESTRING (80.8189333 7.2866579, 80.8188662 7.286602, 80.818767 7.2865967, 80.8186561 7.2866304, 80.8185504 7.2866906, 80.8181913 7.2870277, 80.8181173 7.2871699, 80.8180616 7.28748, 80.8180187 7.2875838, 80.8178068 7.2878365, 80.8178202 7.288193, 80.8177434 7.2883317)"
505825910,AA026,Kandy - Mahiyanganaya- Padiyathalawa Road,trunk,60,False,True,260.498,"LINESTRING (80.8177434 7.2883317, 80.8178202 7.288193, 80.8178068 7.2878365, 80.8180187 7.2875838, 80.8180616 7.28748, 80.8181173 7.2871699, 80.8181913 7.2870277, 80.8185504 7.2866906, 80.8186561 7.2866304, 80.818767 7.2865967, 80.8188662 7.286602, 80.8189333 7.2866579)"
