osmid,highway,oneway,reversed,length,geometry
933225456,residential,False,False,200.802,"LINESTRING (-71.1482316 -34.428164, -71.1474609 -34.4282335, -71.1468051 -34.4282851, -71.1467448 -34.4282674, -71.1467193 -34.4282287, -71.1465275 -34.4277269)"
933225456,residential,False,True,200.80200000000002,"LINESTRING (-71.1465275 -34.4277269, -71.1467193 -34.4282287, -71.1467448 -34.4282674, -71.1468051 -34.4282851, -71.1474609 -34.4282335, -71.1482316 -34.428164)"
