osmid,highway,oneway,reversed,length,geometry
111291052,primary,False,False,33.799,"LINESTRING (155.6339496 -6.2174901, 155.6342506 -6.2175435)"
760953884,unclassified,False,True,23.224,"LINESTRING (155.6339496 -6.2174901, 155.6340033 -6.2174203, 155.6339808 -6.2173014)"
111291052,primary,False,True,33.799,"LINESTRING (155.6342506 -6.2175435, 155.6339496 -6.2174901)"
760925764,unclassified,False,False,40.177,"LINESTRING (155.6342506 -6.2175435, 155.6339808 -6.2173014)"
760925764,unclassified,False,True,40.177,"LINESTRING (155.6339808 -6.2173014, 155.6342506 -6.2175435)"
760953884,unclassified,False,False,23.224,"LINESTRING (155.6339808 -6.2173014, 155.6340033 -6.2174203, 155.6339496 -6.2174901)"
