osmid,ref,highway,oneway,reversed,length,geometry
309641217,Н7875,residential,False,False,360.667,"LINESTRING (24.9550523 54.133418, 24.9550952 54.13333, 24.9550898 54.1331697, 24.9550469 54.133, 24.955063 54.1328963, 24.9552669 54.132626, 24.9554171 54.1324405, 24.955519 54.1322865, 24.9555673 54.1321168, 24.955578 54.1320256, 24.9556209 54.1319156, 24.9556808 54.1318196, 24.9564151 54.1310324, 24.9569224 54.1304622, 24.9569428 54.1304332)"
309641217,Н7875,residential,False,True,360.6669999999999,"LINESTRING (24.9569428 54.1304332, 24.9569224 54.1304622, 24.9564151 54.1310324, 24.9556808 54.1318196, 24.9556209 54.1319156, 24.955578 54.1320256, 24.9555673 54.1321168, 24.955519 54.1322865, 24.9554171 54.1324405, 24.9552669 54.132626, 24.955063 54.1328963, 24.9550469 54.133, 24.9550898 54.1331697, 24.9550952 54.13333, 24.9550523 54.133418)"
