osmid,name,highway,oneway,reversed,length,geometry
"[823933098, 825196197]",Лясная вуліца,"['residential', 'unclassified']",False,True,421.24199999999996,"LINESTRING (23.6604114 51.8154702, 23.6599164 51.8160736, 23.6597267 51.8163668, 23.6596297 51.8167244, 23.6593964 51.8191535)"
"[823933098, 825196197]",Лясная вуліца,"['unclassified', 'residential']",False,False,421.242,"LINESTRING (23.6593964 51.8191535, 23.6596297 51.8167244, 23.6597267 51.8163668, 23.6599164 51.8160736, 23.6604114 51.8154702)"
