osmid,highway,oneway,reversed,length,geometry
844210682,residential,False,False,30.774,"LINESTRING (30.5530021 52.324189, 30.5533878 52.324334)"
485733321,residential,False,False,305.124,"LINESTRING (30.5530021 52.324189, 30.5515143 52.3258542, 30.5511817 52.3264785, 30.5511595 52.3266682)"
485733323,residential,False,False,112.136,"LINESTRING (30.5530021 52.324189, 30.5532561 52.32382, 30.5532281 52.3232121)"
485733319,residential,False,False,193.071,"LINESTRING (30.5511595 52.3266682, 30.5525735 52.3266843, 30.5526728 52.3266335, 30.5530295 52.3258712)"
485733321,residential,False,True,305.124,"LINESTRING (30.5511595 52.3266682, 30.5511817 52.3264785, 30.5515143 52.3258542, 30.5530021 52.324189)"
485733319,residential,False,True,193.071,"LINESTRING (30.5530295 52.3258712, 30.5526728 52.3266335, 30.5525735 52.3266843, 30.5511595 52.3266682)"
485733323,residential,False,True,112.136,"LINESTRING (30.5532281 52.3232121, 30.5532561 52.32382, 30.5530021 52.324189)"
844210682,residential,False,True,30.774,"LINESTRING (30.5533878 52.324334, 30.5530021 52.324189)"
