osmid,highway,oneway,reversed,length,geometry
219192813,unclassified,False,True,102.01499999999999,"LINESTRING (-10.779733 13.3318879, -10.7796834 13.3320427, -10.7796973 13.3322265, -10.779628 13.3325318, -10.7795075 13.332762)"
1064523238,unclassified,False,False,232.10299999999995,"LINESTRING (-10.779733 13.3318879, -10.7793394 13.3321925, -10.7792455 13.3322812, -10.7791945 13.3322708, -10.7791811 13.3322108, -10.7791838 13.3320333, -10.7791704 13.3319576, -10.7791275 13.3318636, -10.7789612 13.3316601, -10.7789075 13.3315922, -10.7788485 13.3315948, -10.7788056 13.3316366, -10.7786286 13.3320098, -10.7786071 13.3320933, -10.7785696 13.3321142)"
219192813,unclassified,False,False,102.015,"LINESTRING (-10.7795075 13.332762, -10.779628 13.3325318, -10.7796973 13.3322265, -10.7796834 13.3320427, -10.779733 13.3318879)"
219192813,unclassified,False,True,190.448,"LINESTRING (-10.7795075 13.332762, -10.7794105 13.3329272, -10.7793654 13.3330747, -10.7790366 13.3332929, -10.7785597 13.3336397, -10.7781782 13.333794)"
219192860,unclassified,False,True,73.116,"LINESTRING (-10.7795075 13.332762, -10.7795367 13.3328078, -10.7796303 13.3328725, -10.7797064 13.3328764, -10.7797906 13.3328764, -10.7799429 13.3327984, -10.7801152 13.3327828)"
219192860,unclassified,False,False,73.11599999999999,"LINESTRING (-10.7801152 13.3327828, -10.7799429 13.3327984, -10.7797906 13.3328764, -10.7797064 13.3328764, -10.7796303 13.3328725, -10.7795367 13.3328078, -10.7795075 13.332762)"
1064523238,unclassified,False,True,232.103,"LINESTRING (-10.7785696 13.3321142, -10.7786071 13.3320933, -10.7786286 13.3320098, -10.7788056 13.3316366, -10.7788485 13.3315948, -10.7789075 13.3315922, -10.7789612 13.3316601, -10.7791275 13.3318636, -10.7791704 13.3319576, -10.7791838 13.3320333, -10.7791811 13.3322108, -10.7791945 13.3322708, -10.7792455 13.3322812, -10.7793394 13.3321925, -10.779733 13.3318879)"
219192813,unclassified,False,False,190.448,"LINESTRING (-10.7781782 13.333794, -10.7785597 13.3336397, -10.7790366 13.3332929, -10.7793654 13.3330747, -10.7794105 13.3329272, -10.7795075 13.332762)"
