osmid,highway,oneway,reversed,length,geometry
1178735138,tertiary,False,False,367.822,"LINESTRING (116.8368341 35.5155181, 116.8408972 35.5154499)"
522344773,primary,False,False,478.038,"LINESTRING (116.8410269 35.5197477, 116.8409329 35.5166532, 116.8408972 35.5154499)"
1178735137,residential,False,False,478.32599999999996,"LINESTRING (116.8410269 35.5197477, 116.8374585 35.519424, 116.8357647 35.51938)"
1178735137,residential,False,True,478.32599999999996,"LINESTRING (116.8357647 35.51938, 116.8374585 35.519424, 116.8410269 35.5197477)"
1178735138,tertiary,False,True,367.822,"LINESTRING (116.8408972 35.5154499, 116.8368341 35.5155181)"
522344773,primary,False,True,478.038,"LINESTRING (116.8408972 35.5154499, 116.8409329 35.5166532, 116.8410269 35.5197477)"
