osmid,ref,name,highway,oneway,reversed,length,geometry
1105413938,S237,章新线,primary,False,False,551.5899999999999,"LINESTRING (117.3633919 35.9517035, 117.363467 35.9522159, 117.3636065 35.9527891, 117.3638104 35.9532842, 117.3646043 35.954335, 117.365409 35.9553512, 117.3660205 35.9558288, 117.3662457 35.9559367)"
1105413938,S237,章新线,primary,False,True,551.59,"LINESTRING (117.3662457 35.9559367, 117.3660205 35.9558288, 117.365409 35.9553512, 117.3646043 35.954335, 117.3638104 35.9532842, 117.3636065 35.9527891, 117.363467 35.9522159, 117.3633919 35.9517035)"
