osmid,ref,highway,oneway,reversed,length,geometry
118711860,X875,secondary,False,True,154.805,"LINESTRING (90.744884 46.4777256, 90.743454 46.4767415)"
118711860,X875,secondary,False,False,154.805,"LINESTRING (90.743454 46.4767415, 90.744884 46.4777256)"
