osmid,highway,oneway,reversed,length,geometry
1065451390,unclassified,False,False,95.121,"LINESTRING (113.1390776 35.1416741, 113.1401164 35.1417751)"
1065451390,unclassified,False,False,100.89800000000001,"LINESTRING (113.1411179 35.1418629, 113.1420112 35.1419408, 113.142221 35.1419613)"
1065451390,unclassified,False,True,91.586,"LINESTRING (113.1411179 35.1418629, 113.140166 35.1417799, 113.1401164 35.1417751)"
1065451390,unclassified,False,True,100.89800000000001,"LINESTRING (113.142221 35.1419613, 113.1420112 35.1419408, 113.1411179 35.1418629)"
1065451390,unclassified,False,True,95.121,"LINESTRING (113.1401164 35.1417751, 113.1390776 35.1416741)"
1065451390,unclassified,False,False,91.586,"LINESTRING (113.1401164 35.1417751, 113.140166 35.1417799, 113.1411179 35.1418629)"
