osmid,highway,oneway,reversed,length,geometry
1240398990,tertiary,False,False,479.33299999999997,"LINESTRING (116.3885556 35.4437875, 116.3891471 35.4438586, 116.390573 35.444201, 116.3909902 35.4442441, 116.3916751 35.4443354, 116.3937637 35.444437)"
1240398990,tertiary,False,True,479.33299999999997,"LINESTRING (116.3937637 35.444437, 116.3916751 35.4443354, 116.3909902 35.4442441, 116.390573 35.444201, 116.3891471 35.4438586, 116.3885556 35.4437875)"
