osmid,oneway,highway,reversed,length,geometry
1240719280,True,secondary,False,18.155,"LINESTRING (116.7008589 35.3103744, 116.7008053 35.3105317)"
1240719281,True,secondary,False,19.882,"LINESTRING (116.7008053 35.3105317, 116.7007374 35.3103617)"
1240719286,False,secondary,False,317.187,"LINESTRING (116.7008053 35.3105317, 116.7007868 35.3112021, 116.7007548 35.3133839)"
1240719286,False,secondary,True,317.187,"LINESTRING (116.7007548 35.3133839, 116.7007868 35.3112021, 116.7008053 35.3105317)"
