osmid,highway,oneway,reversed,length,geometry
1245569464,tertiary,False,False,377.819,"LINESTRING (117.2422725 35.9479959, 117.2435925 35.9512213)"
451707804,residential,False,True,327.937,"LINESTRING (117.2435925 35.9512213, 117.2400897 35.9520321)"
1245569464,tertiary,False,True,377.819,"LINESTRING (117.2435925 35.9512213, 117.2422725 35.9479959)"
451707804,residential,False,False,327.937,"LINESTRING (117.2400897 35.9520321, 117.2435925 35.9512213)"
