osmid,highway,oneway,reversed,length,geometry
996025151,tertiary,False,False,314.68,"LINESTRING (116.610339 35.3973368, 116.6108513 35.4001358)"
996025151,tertiary,False,True,314.68,"LINESTRING (116.6108513 35.4001358, 116.610339 35.3973368)"
