osmid,highway,oneway,reversed,length,geometry
304655823,unclassified,False,True,411.37600000000003,"LINESTRING (83.1413475 28.3563428, 83.1413099 28.3564334, 83.141318 28.356501, 83.1413662 28.3565364, 83.1415942 28.356501, 83.1417337 28.3565411, 83.1419215 28.3565104, 83.1421119 28.3565081, 83.1420073 28.3566143, 83.1415808 28.3567347, 83.1412402 28.3567937, 83.1409827 28.3567111, 83.1406313 28.3566945, 83.1404382 28.3568243, 83.1404342 28.3569424, 83.1402719 28.3569919, 83.1400546 28.3570509, 83.1398267 28.3572351, 83.1396314 28.3574326, 83.139427 28.3575266)"
304655823,unclassified,False,False,411.3759999999999,"LINESTRING (83.139427 28.3575266, 83.1396314 28.3574326, 83.1398267 28.3572351, 83.1400546 28.3570509, 83.1402719 28.3569919, 83.1404342 28.3569424, 83.1404382 28.3568243, 83.1406313 28.3566945, 83.1409827 28.3567111, 83.1412402 28.3567937, 83.1415808 28.3567347, 83.1420073 28.3566143, 83.1421119 28.3565081, 83.1419215 28.3565104, 83.1417337 28.3565411, 83.1415942 28.356501, 83.1413662 28.3565364, 83.141318 28.356501, 83.1413099 28.3564334, 83.1413475 28.3563428)"
