osmid,highway,oneway,reversed,length,geometry
"[495128360, 870610677]",tertiary,False,True,800.8620000000001,"LINESTRING (118.5152037 6.9725947, 118.5150968 6.9729408, 118.5150737 6.9730606, 118.5150518 6.9731563, 118.5147003 6.9741551, 118.5146499 6.9743185, 118.5146329 6.9743724, 118.5145265 6.9747099, 118.5144953 6.9748067, 118.5144621 6.9748856, 118.5144272 6.9749522, 118.5143917 6.9750086, 118.5143454 6.9750533, 118.5142033 6.9751585, 118.5138463 6.9754052, 118.5137983 6.9754527, 118.5137017 6.9755765, 118.5136713 6.9756315, 118.5136347 6.9757296, 118.5135877 6.97589, 118.5135649 6.9759825, 118.5135408 6.9760983, 118.5135116 6.976279, 118.5134831 6.9764218, 118.5134442 6.9765562, 118.5134143 6.9766491, 118.5133128 6.9768598, 118.5129493 6.9775227, 118.5128949 6.9776306, 118.5128085 6.9777783, 118.5127375 6.9778621, 118.5126664 6.977938, 118.5126127 6.9779793, 118.5125486 6.9780086, 118.5118395 6.9782487, 118.5116029 6.978332, 118.5115841 6.9783386)"
283933940,tertiary,False,True,215.97700000000003,"LINESTRING (118.5115841 6.9783386, 118.5109712 6.9785743, 118.5109082 6.9785983, 118.5108184 6.9786129, 118.5107232 6.9786173, 118.5100713 6.9785304, 118.5098279 6.9785151, 118.5096838 6.9785131)"
"[495128360, 870610677]",tertiary,False,False,800.8620000000001,"LINESTRING (118.5115841 6.9783386, 118.5116029 6.978332, 118.5118395 6.9782487, 118.5125486 6.9780086, 118.5126127 6.9779793, 118.5126664 6.977938, 118.5127375 6.9778621, 118.5128085 6.9777783, 118.5128949 6.9776306, 118.5129493 6.9775227, 118.5133128 6.9768598, 118.5134143 6.9766491, 118.5134442 6.9765562, 118.5134831 6.9764218, 118.5135116 6.976279, 118.5135408 6.9760983, 118.5135649 6.9759825, 118.5135877 6.97589, 118.5136347 6.9757296, 118.5136713 6.9756315, 118.5137017 6.9755765, 118.5137983 6.9754527, 118.5138463 6.9754052, 118.5142033 6.9751585, 118.5143454 6.9750533, 118.5143917 6.9750086, 118.5144272 6.9749522, 118.5144621 6.9748856, 118.5144953 6.9748067, 118.5145265 6.9747099, 118.5146329 6.9743724, 118.5146499 6.9743185, 118.5147003 6.9741551, 118.5150518 6.9731563, 118.5150737 6.9730606, 118.5150968 6.9729408, 118.5152037 6.9725947)"
283933940,tertiary,False,False,215.97700000000003,"LINESTRING (118.5096838 6.9785131, 118.5098279 6.9785151, 118.5100713 6.9785304, 118.5107232 6.9786173, 118.5108184 6.9786129, 118.5109082 6.9785983, 118.5109712 6.9785743, 118.5115841 6.9783386)"
