osmid,highway,oneway,reversed,length,geometry
825451549,tertiary,False,False,25.771,"LINESTRING (121.2785231 17.1091097, 121.2785288 17.1093414)"
158493522,residential,False,True,91.165,"LINESTRING (121.2785231 17.1091097, 121.2784865 17.1089975, 121.278457 17.1089113, 121.2784399 17.1088476, 121.2784332 17.1087947, 121.2784353 17.1087687, 121.2784406 17.1087434, 121.27845 17.1087313, 121.2784622 17.1087239, 121.2784916 17.1087107, 121.2785935 17.1086675, 121.2787031 17.1085941, 121.2787705 17.1085105, 121.2787873 17.108473)"
825451549,tertiary,False,True,25.771,"LINESTRING (121.2785288 17.1093414, 121.2785231 17.1091097)"
158493522,residential,False,False,91.165,"LINESTRING (121.2787873 17.108473, 121.2787705 17.1085105, 121.2787031 17.1085941, 121.2785935 17.1086675, 121.2784916 17.1087107, 121.2784622 17.1087239, 121.27845 17.1087313, 121.2784406 17.1087434, 121.2784353 17.1087687, 121.2784332 17.1087947, 121.2784399 17.1088476, 121.278457 17.1089113, 121.2784865 17.1089975, 121.2785231 17.1091097)"
