osmid,highway,oneway,reversed,length,geometry
"[1172970483, 844493908, 664586038]",unclassified,False,False,225.559,"LINESTRING (119.8211888 4.8969765, 119.8212385 4.8970893, 119.8213844 4.8974043, 119.8215242 4.8977382, 119.8216457 4.8980177, 119.8216635 4.8980528, 119.8217008 4.898131, 119.8218868 4.8982666, 119.8219743 4.898298, 119.8220524 4.8983, 119.8221852 4.8982876, 119.8222709 4.8982701, 119.8223454 4.8982613, 119.822371 4.8982545, 119.8223934 4.8982519, 119.8224041 4.8982539, 119.8224132 4.8982609)"
"[1172970483, 844493908, 664586038]",unclassified,False,True,225.55900000000003,"LINESTRING (119.8224132 4.8982609, 119.8224041 4.8982539, 119.8223934 4.8982519, 119.822371 4.8982545, 119.8223454 4.8982613, 119.8222709 4.8982701, 119.8221852 4.8982876, 119.8220524 4.8983, 119.8219743 4.898298, 119.8218868 4.8982666, 119.8217008 4.898131, 119.8216635 4.8980528, 119.8216457 4.8980177, 119.8215242 4.8977382, 119.8213844 4.8974043, 119.8212385 4.8970893, 119.8211888 4.8969765)"
