osmid,highway,oneway,reversed,length,geometry
255462934,unclassified,False,False,438.283,"LINESTRING (121.113756 5.9759561, 121.1138271 5.9761722, 121.1149278 5.9797214)"
847192427,primary,False,True,332.505,"LINESTRING (121.113756 5.9759561, 121.1147109 5.9754399, 121.1159614 5.9748257, 121.1164308 5.9745916)"
255462934,unclassified,False,True,438.283,"LINESTRING (121.1149278 5.9797214, 121.1138271 5.9761722, 121.113756 5.9759561)"
846333950,residential,False,True,100.86800000000001,"LINESTRING (121.1169666 5.9753252, 121.1168553 5.9751838, 121.1167037 5.9749864, 121.1164959 5.9746803, 121.1164308 5.9745916)"
846333950,residential,False,False,100.86800000000001,"LINESTRING (121.1164308 5.9745916, 121.1164959 5.9746803, 121.1167037 5.9749864, 121.1168553 5.9751838, 121.1169666 5.9753252)"
847192427,primary,False,False,332.505,"LINESTRING (121.1164308 5.9745916, 121.1159614 5.9748257, 121.1147109 5.9754399, 121.113756 5.9759561)"
