osmid,highway,oneway,reversed,length,geometry
556929379,unclassified,False,False,251.801,"LINESTRING (121.2321695 17.281881, 121.2320454 17.281825, 121.231961 17.2817481, 121.23191 17.2816662, 121.2318858 17.2815817, 121.2318805 17.2814869, 121.2318791 17.2813512, 121.2318577 17.2812602, 121.2317973 17.2811937, 121.2316418 17.2811194, 121.2314433 17.2810861, 121.2310329 17.2811168, 121.2308572 17.281145, 121.2303382 17.2812449)"
556929379,unclassified,False,True,251.80100000000004,"LINESTRING (121.2303382 17.2812449, 121.2308572 17.281145, 121.2310329 17.2811168, 121.2314433 17.2810861, 121.2316418 17.2811194, 121.2317973 17.2811937, 121.2318577 17.2812602, 121.2318791 17.2813512, 121.2318805 17.2814869, 121.2318858 17.2815817, 121.23191 17.2816662, 121.231961 17.2817481, 121.2320454 17.281825, 121.2321695 17.281881)"
