osmid,highway,oneway,reversed,length,geometry
847157824,residential,False,False,30.196,"LINESTRING (118.3139583 6.0735247, 118.3140166 6.0732594)"
326476083,residential,False,False,74.89,"LINESTRING (118.3139583 6.0735247, 118.3141252 6.0735914, 118.3143759 6.0736958, 118.3145845 6.0737813)"
847157824,residential,False,True,30.196,"LINESTRING (118.3140166 6.0732594, 118.3139583 6.0735247)"
847157825,residential,False,True,54.292,"LINESTRING (118.3145966 6.0733187, 118.3146305 6.0734044, 118.3146583 6.0734674, 118.3146664 6.0734954, 118.314665 6.0735214, 118.3146597 6.0735507, 118.3146429 6.0736047, 118.3145845 6.0737813)"
326476083,residential,False,True,74.89,"LINESTRING (118.3145845 6.0737813, 118.3143759 6.0736958, 118.3141252 6.0735914, 118.3139583 6.0735247)"
847157825,residential,False,False,54.292,"LINESTRING (118.3145845 6.0737813, 118.3146429 6.0736047, 118.3146597 6.0735507, 118.314665 6.0735214, 118.3146664 6.0734954, 118.3146583 6.0734674, 118.3146305 6.0734044, 118.3145966 6.0733187)"
