osmid,name,highway,maxspeed,oneway,reversed,length,geometry
569817823,Hinterer Hengstweg,unclassified,50,False,True,370.956,"LINESTRING (15.8769692 47.7813581, 15.8774231 47.7814564, 15.8781409 47.7816203, 15.8788226 47.7817188, 15.8795851 47.7817509, 15.8808938 47.781714, 15.881852 47.7816957)"
29041345,Hinterer Hengstweg,unclassified,,False,True,247.42600000000002,"LINESTRING (15.881852 47.7816957, 15.881574 47.7814996, 15.8805387 47.7808521, 15.880362 47.7807656, 15.8799554 47.780602, 15.8798524 47.7805365, 15.8797672 47.7804632, 15.879641 47.7803176, 15.8795678 47.7801426)"
569817823,Hinterer Hengstweg,unclassified,50,False,False,370.95599999999996,"LINESTRING (15.881852 47.7816957, 15.8808938 47.781714, 15.8795851 47.7817509, 15.8788226 47.7817188, 15.8781409 47.7816203, 15.8774231 47.7814564, 15.8769692 47.7813581)"
29041345,Hinterer Hengstweg,unclassified,,False,False,247.42600000000002,"LINESTRING (15.8795678 47.7801426, 15.879641 47.7803176, 15.8797672 47.7804632, 15.8798524 47.7805365, 15.8799554 47.780602, 15.880362 47.7807656, 15.8805387 47.7808521, 15.881574 47.7814996, 15.881852 47.7816957)"
