osmid,name,highway,oneway,reversed,length,geometry
698698953,Slabtown Road,residential,False,False,15.569,"LINESTRING (-84.051291 40.80384, -84.051288 40.8037)"
18946866,,residential,False,False,48.775,"LINESTRING (-84.051291 40.80384, -84.051487 40.803836, -84.051516 40.803814, -84.051517 40.803742, -84.051469 40.803708, -84.051403 40.803702, -84.051288 40.8037)"
698698953,Slabtown Road,residential,False,True,126.26400000000001,"LINESTRING (-84.051291 40.80384, -84.0512929 40.804393, -84.051293 40.804427, -84.0512877 40.8049755)"
698698953,Slabtown Road,residential,False,True,15.569,"LINESTRING (-84.051288 40.8037, -84.051291 40.80384)"
18946866,,residential,False,True,48.775000000000006,"LINESTRING (-84.051288 40.8037, -84.051403 40.803702, -84.051469 40.803708, -84.051517 40.803742, -84.051516 40.803814, -84.051487 40.803836, -84.051291 40.80384)"
698698953,Slabtown Road,residential,False,False,126.264,"LINESTRING (-84.0512877 40.8049755, -84.051293 40.804427, -84.0512929 40.804393, -84.051291 40.80384)"
