osmid,name,highway,oneway,reversed,length,lanes,geometry
"[17718636, 17721698, 17718564]","['Prevo Road', 'Mills Road', 'Bussie Road']",residential,False,"[False, True]",3212.84,2,"LINESTRING (-83.667247 45.018348, -83.667293 45.014677, -83.667273 45.011597, -83.667271 45.011263, -83.667275 45.011235, -83.667296 45.011186, -83.667319 45.011163, -83.667365 45.011142, -83.667487 45.011116, -83.667565 45.011108, -83.671384 45.011047, -83.672423 45.011031, -83.674822 45.01096, -83.677523 45.010915, -83.677553 45.014484, -83.677556 45.018097, -83.672404 45.018225, -83.669136 45.018303, -83.667247 45.018348)"
"[17721698, 17718636, 17718564]","['Prevo Road', 'Mills Road', 'Bussie Road']",residential,False,"[False, True]",3212.84,2,"LINESTRING (-83.667247 45.018348, -83.669136 45.018303, -83.672404 45.018225, -83.677556 45.018097, -83.677553 45.014484, -83.677523 45.010915, -83.674822 45.01096, -83.672423 45.011031, -83.671384 45.011047, -83.667565 45.011108, -83.667487 45.011116, -83.667365 45.011142, -83.667319 45.011163, -83.667296 45.011186, -83.667275 45.011235, -83.667271 45.011263, -83.667273 45.011597, -83.667293 45.014677, -83.667247 45.018348)"
