osmid,lanes,name,highway,oneway,reversed,length,geometry
18005698,2,166th Avenue Northwest,residential,False,False,239.822,"LINESTRING (-93.285572 45.271163, -93.2859903 45.2711611, -93.2861526 45.2711638, -93.2869045 45.2711764, -93.2880582 45.2712103, -93.2881294 45.2712124, -93.2886349 45.2712272)"
18017326,2,Sycamore Street Northwest,residential,False,True,185.22000000000003,"LINESTRING (-93.2888742 45.2728719, -93.2888821 45.2727989, -93.2888841 45.2726771, -93.2888847 45.2726685, -93.2888942 45.2724164, -93.2888853 45.2722372, -93.2888462 45.2720581, -93.2887752 45.2718716, -93.2887285 45.2717817, -93.2886578 45.2715688, -93.2886349 45.2712272)"
18005698,2,166th Avenue Northwest,residential,False,True,239.822,"LINESTRING (-93.2886349 45.2712272, -93.2881294 45.2712124, -93.2880582 45.2712103, -93.2869045 45.2711764, -93.2861526 45.2711638, -93.2859903 45.2711611, -93.285572 45.271163)"
18017326,2,Sycamore Street Northwest,residential,False,False,185.22,"LINESTRING (-93.2886349 45.2712272, -93.2886578 45.2715688, -93.2887285 45.2717817, -93.2887752 45.2718716, -93.2888462 45.2720581, -93.2888853 45.2722372, -93.2888942 45.2724164, -93.2888847 45.2726685, -93.2888841 45.2726771, -93.2888821 45.2727989, -93.2888742 45.2728719)"
18017326,2,Sycamore Street Northwest,residential,False,True,181.908,"LINESTRING (-93.2886349 45.2712272, -93.2886633 45.271005, -93.2886946 45.2701186, -93.2887132 45.2695926)"
18017326,2,Sycamore Street Northwest,residential,False,False,181.908,"LINESTRING (-93.2887132 45.2695926, -93.2886946 45.2701186, -93.2886633 45.271005, -93.2886349 45.2712272)"
