osmid,name,highway,oneway,reversed,length,geometry
438477510,Valley Road,tertiary,False,False,19.374,"LINESTRING (-74.434698 40.927242, -74.434512 40.927139)"
438477510,Valley Road,tertiary,False,True,19.374,"LINESTRING (-74.434512 40.927139, -74.434698 40.927242)"
11706939,Jefferson Avenue,residential,False,False,171.695,"LINESTRING (-74.434512 40.927139, -74.434329 40.927335, -74.434064 40.927598, -74.433712 40.927955, -74.4334135 40.928259, -74.433382 40.928291, -74.433298 40.928381)"
11706939,Jefferson Avenue,residential,False,True,171.695,"LINESTRING (-74.433298 40.928381, -74.433382 40.928291, -74.4334135 40.928259, -74.433712 40.927955, -74.434064 40.927598, -74.434329 40.927335, -74.434512 40.927139)"
