osmid,name,highway,oneway,reversed,length,geometry
10552553,Crest Drive,residential,False,True,52.358,"LINESTRING (-122.1194947 37.1353616, -122.1200709 37.1352581)"
10552553,Crest Drive,residential,False,False,254.06,"LINESTRING (-122.1194947 37.1353616, -122.1191353 37.1353702, -122.1190494 37.1354643, -122.1191353 37.1355926, -122.1196771 37.1359133, -122.119956 37.1365035, -122.1201223 37.1368456, -122.1203476 37.1369354)"
67479126,Hummingbird Lane,residential,False,False,115.539,"LINESTRING (-122.1194947 37.1353616, -122.1196007 37.1355551, -122.1205836 37.1358224)"
67479126,Hummingbird Lane,residential,False,True,115.539,"LINESTRING (-122.1205836 37.1358224, -122.1196007 37.1355551, -122.1194947 37.1353616)"
10552553,Crest Drive,residential,False,False,52.358,"LINESTRING (-122.1200709 37.1352581, -122.1194947 37.1353616)"
10549875,Pinecrest Drive,residential,False,False,281.176,"LINESTRING (-122.1200709 37.1352581, -122.1206212 37.135228, -122.1207914 37.1352311, -122.1214902 37.1353146, -122.1218336 37.1349682, -122.1223593 37.1352847, -122.1228743 37.1353873)"
10552553,Crest Drive,residential,False,True,254.06,"LINESTRING (-122.1203476 37.1369354, -122.1201223 37.1368456, -122.119956 37.1365035, -122.1196771 37.1359133, -122.1191353 37.1355926, -122.1190494 37.1354643, -122.1191353 37.1353702, -122.1194947 37.1353616)"
10549875,Pinecrest Drive,residential,False,True,281.17600000000004,"LINESTRING (-122.1228743 37.1353873, -122.1223593 37.1352847, -122.1218336 37.1349682, -122.1214902 37.1353146, -122.1207914 37.1352311, -122.1206212 37.135228, -122.1200709 37.1352581)"
