osmid,highway,oneway,reversed,length,name,geometry
20735042,residential,False,False,38.821,,"LINESTRING (-96.631945 30.480826, -96.631653 30.480584)"
"[20735042, 20746230]",residential,False,True,601.09,County Road 120,"LINESTRING (-96.631945 30.480826, -96.632154 30.480999, -96.634643 30.478827, -96.6350781 30.4784398, -96.6351712 30.4782294, -96.6351387 30.4780468, -96.6347014 30.4774802, -96.6346382 30.4773388, -96.6347106 30.4772852, -96.6347474 30.4772563, -96.6349007 30.4771099)"
20735042,residential,False,True,38.821,,"LINESTRING (-96.631653 30.480584, -96.631945 30.480826)"
20743032,residential,False,False,553.781,County Road 170,"LINESTRING (-96.631873 30.4728681, -96.6323114 30.4734784, -96.6326325 30.4739207, -96.6333488 30.4749073, -96.6338451 30.4756031, -96.6349007 30.4771099)"
20743358,residential,False,True,148.427,Oil Pad,"LINESTRING (-96.631873 30.4728681, -96.632184 30.4727849, -96.6327057 30.4725671, -96.63294 30.472432, -96.6330402 30.4727314)"
20743032,residential,False,True,553.781,County Road 170,"LINESTRING (-96.6349007 30.4771099, -96.6338451 30.4756031, -96.6333488 30.4749073, -96.6326325 30.4739207, -96.6323114 30.4734784, -96.631873 30.4728681)"
"[20735042, 20746230]",residential,False,False,601.0899999999999,County Road 120,"LINESTRING (-96.6349007 30.4771099, -96.6347474 30.4772563, -96.6347106 30.4772852, -96.6346382 30.4773388, -96.6347014 30.4774802, -96.6351387 30.4780468, -96.6351712 30.4782294, -96.6350781 30.4784398, -96.634643 30.478827, -96.632154 30.480999, -96.631945 30.480826)"
20743358,residential,False,False,148.427,Oil Pad,"LINESTRING (-96.6330402 30.4727314, -96.63294 30.472432, -96.6327057 30.4725671, -96.632184 30.4727849, -96.631873 30.4728681)"
