osmid,name,highway,oneway,reversed,length,geometry
652207998,Cross Hill Drive,residential,False,False,97.496,"LINESTRING (-117.2575045 33.6853407, -117.2574883 33.6862174)"
652207998,Cross Hill Drive,residential,False,True,46.106,"LINESTRING (-117.2575045 33.6853407, -117.2575661 33.68524, -117.2575728 33.6849384)"
652207998,Cross Hill Drive,residential,False,True,97.496,"LINESTRING (-117.2574883 33.6862174, -117.2575045 33.6853407)"
652207998,Cross Hill Drive,residential,False,False,46.106,"LINESTRING (-117.2575728 33.6849384, -117.2575661 33.68524, -117.2575045 33.6853407)"
