osmid,highway,oneway,reversed,length,geometry
20772534,residential,False,False,420.3270000000001,"LINESTRING (-100.202537 34.517914, -100.202508 34.518063, -100.202506 34.51811, -100.202523 34.518194, -100.202551 34.518263, -100.202607 34.518355, -100.202647 34.518395, -100.202703 34.518432, -100.202773 34.518462, -100.202866 34.518485, -100.203102 34.518507, -100.203398 34.518557, -100.203645 34.518591, -100.203816 34.518601, -100.203874 34.518604, -100.204134 34.518608, -100.204283 34.5186, -100.204351 34.518584, -100.204492 34.518528, -100.204764 34.518438, -100.204871 34.518378, -100.204907 34.518363, -100.204957 34.51835, -100.205042 34.518335, -100.205163 34.518333, -100.205376 34.518353, -100.20601 34.518327, -100.206162 34.518328, -100.206499 34.518363)"
20772534,residential,False,True,420.327,"LINESTRING (-100.206499 34.518363, -100.206162 34.518328, -100.20601 34.518327, -100.205376 34.518353, -100.205163 34.518333, -100.205042 34.518335, -100.204957 34.51835, -100.204907 34.518363, -100.204871 34.518378, -100.204764 34.518438, -100.204492 34.518528, -100.204351 34.518584, -100.204283 34.5186, -100.204134 34.518608, -100.203874 34.518604, -100.203816 34.518601, -100.203645 34.518591, -100.203398 34.518557, -100.203102 34.518507, -100.202866 34.518485, -100.202773 34.518462, -100.202703 34.518432, -100.202647 34.518395, -100.202607 34.518355, -100.202551 34.518263, -100.202523 34.518194, -100.202506 34.51811, -100.202508 34.518063, -100.202537 34.517914)"
