osmid,highway,oneway,reversed,length,geometry
7428249,residential,False,False,141.978,"LINESTRING (-86.460762 31.192793, -86.46091 31.193165, -86.461387 31.193584, -86.461416 31.193882)"
7428249,residential,False,True,141.978,"LINESTRING (-86.461416 31.193882, -86.461387 31.193584, -86.46091 31.193165, -86.460762 31.192793)"
