osmid,highway,oneway,reversed,length,name,geometry,lanes,ref
"[21677189, 21678110]",residential,False,False,456.232,Dc Road 4205,"LINESTRING (-95.676981 33.3907321, -95.677236 33.390786, -95.677373 33.390811, -95.677432 33.390841, -95.677476 33.39088, -95.677503 33.390929, -95.677521 33.390987, -95.677531 33.39105, -95.677548 33.39154, -95.677569 33.392162, -95.677567 33.39239, -95.677592 33.392594, -95.677602 33.392833, -95.677599 33.392891, -95.677629 33.393334, -95.677648 33.393717, -95.677663 33.393881, -95.677672 33.393929, -95.677688 33.393974, -95.677711 33.394019, -95.677739 33.394058, -95.677773 33.394092, -95.677813 33.394123, -95.677883 33.394165, -95.677986 33.394211, -95.678042 33.39423, -95.67821 33.394261)",,
"[21677189, 21678110]",residential,False,True,456.232,Dc Road 4205,"LINESTRING (-95.67821 33.394261, -95.678042 33.39423, -95.677986 33.394211, -95.677883 33.394165, -95.677813 33.394123, -95.677773 33.394092, -95.677739 33.394058, -95.677711 33.394019, -95.677688 33.393974, -95.677672 33.393929, -95.677663 33.393881, -95.677648 33.393717, -95.677629 33.393334, -95.677599 33.392891, -95.677602 33.392833, -95.677592 33.392594, -95.677567 33.39239, -95.677569 33.392162, -95.677548 33.39154, -95.677531 33.39105, -95.677521 33.390987, -95.677503 33.390929, -95.677476 33.39088, -95.677432 33.390841, -95.677373 33.390811, -95.677236 33.390786, -95.676981 33.3907321)",,
21680999,residential,False,True,29.714,County Road 4210,"LINESTRING (-95.6763749 33.3911615, -95.6761837 33.3909472)",,
1065033367,trunk,True,False,73.798,,"LINESTRING (-95.6763749 33.3911615, -95.676981 33.3907321)",2,TX 24
21680999,residential,False,False,29.714,County Road 4210,"LINESTRING (-95.6761837 33.3909472, -95.6763749 33.3911615)",,
