osmid,name,highway,oneway,reversed,length,lanes,maxspeed,geometry
521679804,East Temperance Road,tertiary,False,False,22.211,,,"LINESTRING (-83.491187 41.779511, -83.4909192 41.7795069)"
17898406,Suder Road,tertiary,False,False,821.8600000000001,2,25 mph,"LINESTRING (-83.491187 41.779511, -83.491166 41.779348, -83.491133 41.779175, -83.49099 41.778683, -83.490957 41.77851, -83.490943 41.778307, -83.4909422 41.7779606, -83.490942 41.777883, -83.490946 41.777652, -83.4909464 41.7776207, -83.490947 41.777564, -83.4909517 41.7772709, -83.490966 41.776391, -83.4909696 41.7758196, -83.4909854 41.7733389, -83.490989 41.772772, -83.490978 41.772287, -83.490975 41.772136)"
521679804,East Temperance Road,tertiary,False,False,9.489,,,"LINESTRING (-83.4909192 41.7795069, -83.4908048 41.7795048)"
521679804,East Temperance Road,tertiary,False,True,22.211,,,"LINESTRING (-83.4909192 41.7795069, -83.491187 41.779511)"
521679804,East Temperance Road,tertiary,False,True,9.489,,,"LINESTRING (-83.4908048 41.7795048, -83.4909192 41.7795069)"
17898406,Suder Road,tertiary,False,True,821.8599999999998,2,25 mph,"LINESTRING (-83.490975 41.772136, -83.490978 41.772287, -83.490989 41.772772, -83.4909854 41.7733389, -83.4909696 41.7758196, -83.490966 41.776391, -83.4909517 41.7772709, -83.490947 41.777564, -83.4909464 41.7776207, -83.490946 41.777652, -83.490942 41.777883, -83.4909422 41.7779606, -83.490943 41.778307, -83.490957 41.77851, -83.49099 41.778683, -83.491133 41.779175, -83.491166 41.779348, -83.491187 41.779511)"
225503078,Substation Road,residential,False,False,219.185,,,"LINESTRING (-83.490975 41.772136, -83.490724 41.772141, -83.4900005 41.7721561, -83.4897175 41.772162, -83.488333 41.772191)"
225503078,Substation Road,residential,False,True,219.185,,,"LINESTRING (-83.488333 41.772191, -83.4897175 41.772162, -83.4900005 41.7721561, -83.490724 41.772141, -83.490975 41.772136)"
