osmid,name,highway,oneway,reversed,length,geometry
21756078,Park Road,residential,False,True,681.195,"LINESTRING (-90.190462 40.475464, -90.1889537 40.4754386, -90.1877538 40.4754463, -90.1873069 40.4754549, -90.1871469 40.4754345, -90.1869767 40.4753956, -90.1867766 40.4753126, -90.1864852 40.4751611, -90.1861117 40.4749581, -90.1858069 40.4748273, -90.1850849 40.4745709, -90.184434 40.4743272, -90.183984 40.474169, -90.183263 40.4739205, -90.1829488 40.4737894)"
21756078,Park Road,residential,False,False,75.547,"LINESTRING (-90.1829488 40.4737894, -90.1828663 40.4738017, -90.1827711 40.4738117, -90.1826522 40.4738178, -90.1826179 40.4738077, -90.1825703 40.4737796, -90.1825597 40.4737353, -90.1825941 40.4736992, -90.182713 40.4737072, -90.1828935 40.4737663, -90.1829488 40.4737894)"
21756078,Park Road,residential,False,True,75.547,"LINESTRING (-90.1829488 40.4737894, -90.1828935 40.4737663, -90.182713 40.4737072, -90.1825941 40.4736992, -90.1825597 40.4737353, -90.1825703 40.4737796, -90.1826179 40.4738077, -90.1826522 40.4738178, -90.1827711 40.4738117, -90.1828663 40.4738017, -90.1829488 40.4737894)"
21756078,Park Road,residential,False,False,681.195,"LINESTRING (-90.1829488 40.4737894, -90.183263 40.4739205, -90.183984 40.474169, -90.184434 40.4743272, -90.1850849 40.4745709, -90.1858069 40.4748273, -90.1861117 40.4749581, -90.1864852 40.4751611, -90.1867766 40.4753126, -90.1869767 40.4753956, -90.1871469 40.4754345, -90.1873069 40.4754549, -90.1877538 40.4754463, -90.1889537 40.4754386, -90.190462 40.475464)"
