osmid,lanes,name,highway,oneway,reversed,length,geometry
8644304,2,Dunham Road,residential,False,True,313.72700000000003,"LINESTRING (-83.7393088 42.6477837, -83.739872 42.647785, -83.7410056 42.6477755, -83.7414382 42.6477719, -83.7416771 42.6477699, -83.7426555 42.6477548, -83.7431443 42.6477502)"
8633707,2,Hidden Creek Drive,residential,False,False,246.059,"LINESTRING (-83.7431443 42.6477502, -83.7431682 42.6489177, -83.7431716 42.6490815, -83.7431835 42.649664, -83.7430851 42.6498834, -83.7430562 42.6499478)"
8644304,2,Dunham Road,residential,False,False,313.727,"LINESTRING (-83.7431443 42.6477502, -83.7426555 42.6477548, -83.7416771 42.6477699, -83.7414382 42.6477719, -83.7410056 42.6477755, -83.739872 42.647785, -83.7393088 42.6477837)"
8633707,2,Hidden Creek Drive,residential,False,True,246.05900000000003,"LINESTRING (-83.7430562 42.6499478, -83.7430851 42.6498834, -83.7431835 42.649664, -83.7431716 42.6490815, -83.7431682 42.6489177, -83.7431443 42.6477502)"
