osmid,name,highway,oneway,reversed,length,geometry
21015337,County Road 510,residential,False,False,584.612,"LINESTRING (-93.9968079 30.7444706, -93.996668 30.744702, -93.9964029 30.745289, -93.9963788 30.7456624, -93.9964137 30.7461834, -93.9965907 30.7466375, -93.99707 30.748414, -93.997494 30.748987, -93.9976877 30.7494475)"
21008628,County Road 317,residential,False,True,393.603,"LINESTRING (-93.9976877 30.7494475, -93.9979908 30.748862, -93.9981222 30.7486131, -93.9982054 30.7484794, -93.9983502 30.7483411, -93.9986238 30.7481774, -93.9992166 30.747804, -93.9997691 30.747389, -94.0004477 30.7469349)"
21015337,County Road 510,residential,False,True,584.612,"LINESTRING (-93.9976877 30.7494475, -93.997494 30.748987, -93.99707 30.748414, -93.9965907 30.7466375, -93.9964137 30.7461834, -93.9963788 30.7456624, -93.9964029 30.745289, -93.996668 30.744702, -93.9968079 30.7444706)"
21008628,County Road 317,residential,False,False,393.60299999999995,"LINESTRING (-94.0004477 30.7469349, -93.9997691 30.747389, -93.9992166 30.747804, -93.9986238 30.7481774, -93.9983502 30.7483411, -93.9982054 30.7484794, -93.9981222 30.7486131, -93.9979908 30.748862, -93.9976877 30.7494475)"
