osmid,ref,name,highway,maxspeed,oneway,reversed,length,geometry
662310236,KY 536,Harris Pike,secondary,35 mph,False,True,452.21099999999996,"LINESTRING (-84.528008 38.927069, -84.528117 38.927067, -84.528187 38.927066, -84.52849 38.927061, -84.528962 38.927037, -84.529386 38.927, -84.5302662 38.9268868, -84.5305314 38.9268527, -84.530607 38.926843, -84.53135 38.926774, -84.5319844 38.926761, -84.532133 38.926758, -84.532425 38.926743, -84.5325754 38.9267409, -84.532717 38.926739, -84.533209 38.926745)"
16251956,,Stafford Heights Road,residential,,False,False,515.424,"LINESTRING (-84.533209 38.926745, -84.533229 38.926654, -84.533318 38.926469, -84.533362 38.926406, -84.533593 38.926163, -84.5336594 38.9260765, -84.533761 38.925944, -84.5341078 38.9254017, -84.534263 38.925159, -84.534368 38.924904, -84.534412 38.924749, -84.534422 38.924658, -84.534411 38.924597, -84.534389 38.924548, -84.53407 38.924199, -84.534027 38.92414, -84.534003 38.924091, -84.534 38.924003, -84.534077 38.923792, -84.5340963 38.9237636, -84.534406 38.923308, -84.53472 38.922749, -84.534813 38.922568)"
662310236,KY 536,Harris Pike,secondary,35 mph,False,False,452.21100000000007,"LINESTRING (-84.533209 38.926745, -84.532717 38.926739, -84.5325754 38.9267409, -84.532425 38.926743, -84.532133 38.926758, -84.5319844 38.926761, -84.53135 38.926774, -84.530607 38.926843, -84.5305314 38.9268527, -84.5302662 38.9268868, -84.529386 38.927, -84.528962 38.927037, -84.52849 38.927061, -84.528187 38.927066, -84.528117 38.927067, -84.528008 38.927069)"
16251956,,Stafford Heights Road,residential,,False,True,515.424,"LINESTRING (-84.534813 38.922568, -84.53472 38.922749, -84.534406 38.923308, -84.5340963 38.9237636, -84.534077 38.923792, -84.534 38.924003, -84.534003 38.924091, -84.534027 38.92414, -84.53407 38.924199, -84.534389 38.924548, -84.534411 38.924597, -84.534422 38.924658, -84.534412 38.924749, -84.534368 38.924904, -84.534263 38.925159, -84.5341078 38.9254017, -84.533761 38.925944, -84.5336594 38.9260765, -84.533593 38.926163, -84.533362 38.926406, -84.533318 38.926469, -84.533229 38.926654, -84.533209 38.926745)"
