osmid,name,highway,oneway,reversed,length,geometry
13136941,Jamison Road,residential,False,False,598.3669999999998,"LINESTRING (-95.060783 39.215726, -95.0608899 39.2136867, -95.0609109 39.213411, -95.0608464 39.2131814, -95.0607751 39.2131007, -95.0607205 39.2130054, -95.0605075 39.2129027, -95.0601356 39.2127046, -95.0598071 39.2126676, -95.0594267 39.2127346, -95.0592319 39.2128142, -95.0589715 39.2128602, -95.0583552 39.2128512, -95.057501 39.212758)"
13136941,Jamison Road,residential,False,True,598.367,"LINESTRING (-95.057501 39.212758, -95.0583552 39.2128512, -95.0589715 39.2128602, -95.0592319 39.2128142, -95.0594267 39.2127346, -95.0598071 39.2126676, -95.0601356 39.2127046, -95.0605075 39.2129027, -95.0607205 39.2130054, -95.0607751 39.2131007, -95.0608464 39.2131814, -95.0609109 39.213411, -95.0608899 39.2136867, -95.060783 39.215726)"
