osmid,highway,oneway,reversed,length,geometry
960080915,unclassified,False,False,226.08700000000002,"LINESTRING (35.8385573 33.8782214, 35.838665 33.8779985, 35.8389501 33.8777957, 35.8390927 33.8775195, 35.8392013 33.8772941, 35.8395136 33.8773448, 35.8398258 33.8774688, 35.8399276 33.8775054, 35.8400329 33.8774321, 35.8400872 33.8773363, 35.8400548 33.8772668)"
960080915,unclassified,False,True,226.087,"LINESTRING (35.8400548 33.8772668, 35.8400872 33.8773363, 35.8400329 33.8774321, 35.8399276 33.8775054, 35.8398258 33.8774688, 35.8395136 33.8773448, 35.8392013 33.8772941, 35.8390927 33.8775195, 35.8389501 33.8777957, 35.838665 33.8779985, 35.8385573 33.8782214)"
