osmid,name,highway,oneway,reversed,length,geometry
7721047,East Washington Street,secondary,False,True,257.678,"LINESTRING (-122.608569 38.2685902, -122.6094099 38.2676932, -122.6096359 38.2674521, -122.609791 38.2672707, -122.6102777 38.2667013)"
7721047,East Washington Street,secondary,False,False,257.678,"LINESTRING (-122.6102777 38.2667013, -122.609791 38.2672707, -122.6096359 38.2674521, -122.6094099 38.2676932, -122.608569 38.2685902)"
