osmid,lanes,name,highway,maxspeed,oneway,reversed,length,geometry,ref
21371744,2,Eagle Road,tertiary,25 mph,False,False,504.54100000000005,"LINESTRING (-81.4176951 41.5994976, -81.4175958 41.5995095, -81.4164361 41.5996481, -81.416137 41.5997195, -81.4159038 41.5997758, -81.4158082 41.5997989, -81.4153302 41.6000111, -81.4150023 41.6002623, -81.4148414 41.6003857, -81.4138662 41.601133, -81.4137443 41.6012264, -81.4136289 41.6013148, -81.412679 41.6017881)",
1004774913,2,River Road,secondary,40 mph,False,False,74.068,"LINESTRING (-81.4176951 41.5994976, -81.4178208 41.5992289, -81.4179676 41.5988636)",SR 174
21371744,2,Eagle Road,tertiary,25 mph,False,True,504.541,"LINESTRING (-81.412679 41.6017881, -81.4136289 41.6013148, -81.4137443 41.6012264, -81.4138662 41.601133, -81.4148414 41.6003857, -81.4150023 41.6002623, -81.4153302 41.6000111, -81.4158082 41.5997989, -81.4159038 41.5997758, -81.416137 41.5997195, -81.4164361 41.5996481, -81.4175958 41.5995095, -81.4176951 41.5994976)",
1004774913,2,River Road,secondary,40 mph,False,False,312.11199999999997,"LINESTRING (-81.4179676 41.5988636, -81.4180113 41.5987536, -81.4180615 41.5986302, -81.418383 41.5978747, -81.4184856 41.5975646, -81.4185237 41.5973518, -81.4185244 41.5971089, -81.4185085 41.5968412, -81.4184953 41.5967185, -81.4184594 41.5964471, -81.4184086 41.5961198)",SR 174
1004774913,2,River Road,secondary,40 mph,False,True,74.068,"LINESTRING (-81.4179676 41.5988636, -81.4178208 41.5992289, -81.4176951 41.5994976)",SR 174
1004774913,2,River Road,secondary,40 mph,False,True,312.11199999999997,"LINESTRING (-81.4184086 41.5961198, -81.4184594 41.5964471, -81.4184953 41.5967185, -81.4185085 41.5968412, -81.4185244 41.5971089, -81.4185237 41.5973518, -81.4184856 41.5975646, -81.418383 41.5978747, -81.4180615 41.5986302, -81.4180113 41.5987536, -81.4179676 41.5988636)",SR 174
