osmid,oneway,lanes,ref,name,highway,reversed,length,geometry
25733067,False,2,W-845,Ruta W-845,tertiary,True,220.256,"LINESTRING (-73.6355009 -42.9125021, -73.6364022 -42.9125689, -73.636783 -42.9126711, -73.637062 -42.9126907, -73.6373141 -42.9126318, -73.6380115 -42.9122782)"
25733067,False,2,W-845,Ruta W-845,tertiary,False,220.256,"LINESTRING (-73.6380115 -42.9122782, -73.6373141 -42.9126318, -73.637062 -42.9126907, -73.636783 -42.9126711, -73.6364022 -42.9125689, -73.6355009 -42.9125021)"
25733067,False,2,W-845,Ruta W-845,tertiary,True,511.92100000000005,"LINESTRING (-73.6380115 -42.9122782, -73.6387142 -42.9130639, -73.6388859 -42.9134568, -73.6388859 -42.913889, -73.6389717 -42.9141287, -73.6391541 -42.9145058, -73.6394062 -42.9149026, -73.6396852 -42.9151462, -73.6399051 -42.9155823, -73.6402646 -42.9161519, -73.6404469 -42.9163169, -73.6405755 -42.916377)"
25733067,False,2,W-845,Ruta W-845,tertiary,False,511.92099999999994,"LINESTRING (-73.6405755 -42.916377, -73.6404469 -42.9163169, -73.6402646 -42.9161519, -73.6399051 -42.9155823, -73.6396852 -42.9151462, -73.6394062 -42.9149026, -73.6391541 -42.9145058, -73.6389717 -42.9141287, -73.6388859 -42.913889, -73.6388859 -42.9134568, -73.6387142 -42.9130639, -73.6380115 -42.9122782)"
