osmid,highway,oneway,reversed,length,geometry
167714094,tertiary,False,False,395.58799999999997,"LINESTRING (76.562039 26.5598273, 76.5611177 26.5605555, 76.5598994 26.5615391, 76.55908 26.5622045)"
167714094,tertiary,False,True,688.777,"LINESTRING (76.562039 26.5598273, 76.5633872 26.5587617, 76.5641041 26.5581831, 76.5642766 26.5579902, 76.5643629 26.5578408, 76.5643575 26.5576672, 76.5643036 26.5574743, 76.564185 26.5573296, 76.5640287 26.5572429, 76.5638238 26.5571898, 76.56384 26.555613, 76.5638701 26.5547914)"
167714094,tertiary,False,True,395.588,"LINESTRING (76.55908 26.5622045, 76.5598994 26.5615391, 76.5611177 26.5605555, 76.562039 26.5598273)"
167714094,tertiary,False,False,688.777,"LINESTRING (76.5638701 26.5547914, 76.56384 26.555613, 76.5638238 26.5571898, 76.5640287 26.5572429, 76.564185 26.5573296, 76.5643036 26.5574743, 76.5643575 26.5576672, 76.5643629 26.5578408, 76.5642766 26.5579902, 76.5641041 26.5581831, 76.5633872 26.5587617, 76.562039 26.5598273)"
