osmid,lanes,ref,highway,oneway,reversed,length,geometry
183889651,2,SH10,primary,False,True,804.82,"LINESTRING (75.9422516 29.3474856, 75.9410624 29.3477992, 75.936294 29.3490696, 75.9343086 29.3495955)"
183889651,2,SH10,primary,False,False,804.82,"LINESTRING (75.9343086 29.3495955, 75.936294 29.3490696, 75.9410624 29.3477992, 75.9422516 29.3474856)"
