osmid,highway,oneway,reversed,length,geometry
184555734,residential,False,False,9.561,"LINESTRING (76.032226 28.9541001, 76.0323233 28.9541121)"
183987520,tertiary,True,False,54.675,"LINESTRING (76.032226 28.9541001, 76.0321992 28.9541366, 76.0319214 28.9545133)"
184555734,residential,False,True,9.561,"LINESTRING (76.0323233 28.9541121, 76.032226 28.9541001)"
