osmid,highway,oneway,reversed,length,geometry
746057166,tertiary,False,False,167.366,"LINESTRING (83.3487417 22.1688637, 83.3471185 22.1687871)"
746057166,tertiary,False,True,167.366,"LINESTRING (83.3471185 22.1687871, 83.3487417 22.1688637)"
1206691984,residential,False,False,190.88099999999997,"LINESTRING (83.3471185 22.1687871, 83.347038 22.1678562, 83.3469415 22.1678463, 83.3466732 22.1678662, 83.3466303 22.1679308, 83.3466411 22.1682984)"
1206691984,residential,False,True,190.881,"LINESTRING (83.3466411 22.1682984, 83.3466303 22.1679308, 83.3466732 22.1678662, 83.3469415 22.1678463, 83.347038 22.1678562, 83.3471185 22.1687871)"
