osmid,ref,highway,oneway,reversed,length,geometry
638279398,NH26,trunk,False,False,154.648,"LINESTRING (82.5617587 18.8951983, 82.5617884 18.8965888)"
638279398,NH26,trunk,False,True,154.648,"LINESTRING (82.5617884 18.8965888, 82.5617587 18.8951983)"
