osmid,highway,oneway,reversed,length,geometry
1090381232,unclassified,False,True,8.817,"LINESTRING (74.9337373 29.8212952, 74.9337841 29.8213199, 74.933813 29.8213394)"
1090381232,unclassified,False,False,8.817,"LINESTRING (74.933813 29.8213394, 74.9337841 29.8213199, 74.9337373 29.8212952)"
