osmid,highway,oneway,reversed,length,geometry
444348896,tertiary,False,True,410.15000000000003,"LINESTRING (82.6550859 20.1012696, 82.654996 20.1012213, 82.6548779 20.1011332, 82.6546312 20.1010274, 82.6544568 20.1009367, 82.6542556 20.1007704, 82.6539553 20.1006369, 82.6536226 20.1004807, 82.6532954 20.1003044, 82.6529601 20.1001054, 82.6527321 20.0999745, 82.6525578 20.0999719, 82.6523057 20.0999367, 82.6520938 20.0998888, 82.6518412 20.0998101, 82.6516915 20.099715, 82.6516186 20.0996571)"
444348896,tertiary,False,False,256.38000000000005,"LINESTRING (82.6506313 20.097587, 82.6506501 20.0977456, 82.6507172 20.0979773, 82.6508432 20.0984005, 82.6509318 20.09867, 82.6510712 20.0989395, 82.6512274 20.0991382, 82.6514393 20.0994556, 82.6515868 20.0996319, 82.6516186 20.0996571)"
858645687,residential,False,True,70.639,"LINESTRING (82.6506313 20.097587, 82.6505005 20.0976017, 82.6502618 20.0977176, 82.6500285 20.0978561)"
444348896,tertiary,False,False,410.15,"LINESTRING (82.6516186 20.0996571, 82.6516915 20.099715, 82.6518412 20.0998101, 82.6520938 20.0998888, 82.6523057 20.0999367, 82.6525578 20.0999719, 82.6527321 20.0999745, 82.6529601 20.1001054, 82.6532954 20.1003044, 82.6536226 20.1004807, 82.6539553 20.1006369, 82.6542556 20.1007704, 82.6544568 20.1009367, 82.6546312 20.1010274, 82.6548779 20.1011332, 82.654996 20.1012213, 82.6550859 20.1012696)"
444348896,tertiary,False,True,256.38,"LINESTRING (82.6516186 20.0996571, 82.6515868 20.0996319, 82.6514393 20.0994556, 82.6512274 20.0991382, 82.6510712 20.0989395, 82.6509318 20.09867, 82.6508432 20.0984005, 82.6507172 20.0979773, 82.6506501 20.0977456, 82.6506313 20.097587)"
858645687,residential,False,False,70.639,"LINESTRING (82.6500285 20.0978561, 82.6502618 20.0977176, 82.6505005 20.0976017, 82.6506313 20.097587)"
