osmid,highway,oneway,reversed,length,geometry
591742794,unclassified,False,True,435.563,"LINESTRING (74.1665876 17.3104804, 74.1662657 17.3106341, 74.1657722 17.3109516, 74.1654289 17.3105009, 74.1651392 17.3104497, 74.1644847 17.3104907, 74.1634011 17.3105828, 74.1628754 17.3105726)"
591742794,unclassified,False,False,435.563,"LINESTRING (74.1628754 17.3105726, 74.1634011 17.3105828, 74.1644847 17.3104907, 74.1651392 17.3104497, 74.1654289 17.3105009, 74.1657722 17.3109516, 74.1662657 17.3106341, 74.1665876 17.3104804)"
