osmid,highway,oneway,reversed,length,geometry
125040505,tertiary,False,True,401.741,"LINESTRING (76.1220159 30.4244468, 76.1224697 30.4241687, 76.1235776 30.4235491, 76.1237733 30.4233822, 76.1241426 30.4230366, 76.1243668 30.4227987, 76.124454 30.4226468, 76.1246053 30.4223675, 76.1249559 30.4220974, 76.1250363 30.4220293)"
642164048,unclassified,False,False,377.51800000000003,"LINESTRING (76.1220159 30.4244468, 76.1219609 30.4242899, 76.1219019 30.4216948, 76.1226368 30.4216462)"
125040505,tertiary,False,False,31.546,"LINESTRING (76.1252709 30.4218304, 76.1250363 30.4220293)"
125040505,tertiary,False,True,31.546,"LINESTRING (76.1250363 30.4220293, 76.1252709 30.4218304)"
125040505,tertiary,False,False,401.741,"LINESTRING (76.1250363 30.4220293, 76.1249559 30.4220974, 76.1246053 30.4223675, 76.124454 30.4226468, 76.1243668 30.4227987, 76.1241426 30.4230366, 76.1237733 30.4233822, 76.1235776 30.4235491, 76.1224697 30.4241687, 76.1220159 30.4244468)"
642164050,unclassified,False,False,257.855,"LINESTRING (76.1250363 30.4220293, 76.1248952 30.4216786, 76.1226368 30.4216462)"
642164048,unclassified,False,True,377.51800000000003,"LINESTRING (76.1226368 30.4216462, 76.1219019 30.4216948, 76.1219609 30.4242899, 76.1220159 30.4244468)"
642164050,unclassified,False,True,257.855,"LINESTRING (76.1226368 30.4216462, 76.1248952 30.4216786, 76.1250363 30.4220293)"
