osmid,ref,highway,oneway,reversed,length,geometry
182067955,NH752,trunk,False,False,124.736,"LINESTRING (76.7354997 24.7575391, 76.7347098 24.7576485, 76.734281 24.7577216)"
182067955,NH752,trunk,False,True,124.736,"LINESTRING (76.734281 24.7577216, 76.7347098 24.7576485, 76.7354997 24.7575391)"
182067960,SH51,primary,False,False,418.336,"LINESTRING (76.734281 24.7577216, 76.7336069 24.7578366, 76.7330916 24.7579022, 76.73233 24.7580596, 76.7320417 24.7581777, 76.7315457 24.758475, 76.7310063 24.7587207, 76.7306643 24.7588475, 76.7304052 24.7589233)"
182067960,SH51,primary,False,True,418.336,"LINESTRING (76.7304052 24.7589233, 76.7306643 24.7588475, 76.7310063 24.7587207, 76.7315457 24.758475, 76.7320417 24.7581777, 76.73233 24.7580596, 76.7330916 24.7579022, 76.7336069 24.7578366, 76.734281 24.7577216)"
