osmid,highway,oneway,reversed,length,geometry
525061359,unclassified,False,True,438.69399999999996,"LINESTRING (75.3043136 33.5890509, 75.3043109 33.5888007, 75.3042814 33.5887426, 75.3041553 33.5886666, 75.3040749 33.588604, 75.3040266 33.5883851, 75.3040293 33.5882443, 75.3041688 33.5880678, 75.3042439 33.5880052, 75.3044718 33.5879337, 75.3045067 33.5879069, 75.3045067 33.5878444, 75.3043297 33.5875986, 75.3042304 33.5875517, 75.3041017 33.5875494, 75.3040373 33.587507, 75.3040051 33.5874399, 75.30404 33.5873506, 75.3039756 33.5871517, 75.30393 33.5870992, 75.3038804 33.5870824, 75.3038174 33.5870735, 75.3036967 33.5870936, 75.3035519 33.5870556, 75.3033319 33.5869171, 75.3028257 33.5861315)"
525061359,unclassified,False,False,438.694,"LINESTRING (75.3028257 33.5861315, 75.3033319 33.5869171, 75.3035519 33.5870556, 75.3036967 33.5870936, 75.3038174 33.5870735, 75.3038804 33.5870824, 75.30393 33.5870992, 75.3039756 33.5871517, 75.30404 33.5873506, 75.3040051 33.5874399, 75.3040373 33.587507, 75.3041017 33.5875494, 75.3042304 33.5875517, 75.3043297 33.5875986, 75.3045067 33.5878444, 75.3045067 33.5879069, 75.3044718 33.5879337, 75.3042439 33.5880052, 75.3041688 33.5880678, 75.3040293 33.5882443, 75.3040266 33.5883851, 75.3040749 33.588604, 75.3041553 33.5886666, 75.3042814 33.5887426, 75.3043109 33.5888007, 75.3043136 33.5890509)"
