osmid,highway,oneway,reversed,length,geometry
244057029,residential,False,True,359.46900000000005,"LINESTRING (85.5090513 23.7201756, 85.5094 23.71869, 85.5097 23.7177, 85.5098742 23.7173315, 85.5100577 23.7171021)"
244057029,residential,False,False,359.469,"LINESTRING (85.5100577 23.7171021, 85.5098742 23.7173315, 85.5097 23.7177, 85.5094 23.71869, 85.5090513 23.7201756)"
