osmid,highway,oneway,reversed,length,geometry
884488470,unclassified,False,True,96.165,"LINESTRING (78.3774567 12.732944, 78.3774734 12.7329233, 78.3774841 12.7328919, 78.3774988 12.7328291, 78.3775055 12.7327375, 78.3775149 12.7326028, 78.377527 12.7325217, 78.3775833 12.7323725, 78.3776356 12.7322483, 78.3776571 12.7321789, 78.3776493 12.7321129)"
884488487,unclassified,False,False,81.849,"LINESTRING (78.3774567 12.732944, 78.3774693 12.7329704, 78.3775122 12.7329965, 78.3775753 12.7330004, 78.3776933 12.7330031, 78.3777818 12.7330135, 78.3778381 12.7330619, 78.3778596 12.7331391, 78.377873 12.7332359, 78.3778837 12.7333052, 78.3779065 12.733351, 78.3779245 12.7333643)"
884488487,unclassified,False,True,22.444000000000003,"LINESTRING (78.3774567 12.732944, 78.3774492 12.7329285, 78.3774278 12.7329076, 78.3773889 12.7329036, 78.377358 12.7329128, 78.3773205 12.7329298, 78.3772776 12.7329468)"
884488470,unclassified,False,False,96.165,"LINESTRING (78.3776493 12.7321129, 78.3776571 12.7321789, 78.3776356 12.7322483, 78.3775833 12.7323725, 78.377527 12.7325217, 78.3775149 12.7326028, 78.3775055 12.7327375, 78.3774988 12.7328291, 78.3774841 12.7328919, 78.3774734 12.7329233, 78.3774567 12.732944)"
884488487,unclassified,False,True,81.849,"LINESTRING (78.3779245 12.7333643, 78.3779065 12.733351, 78.3778837 12.7333052, 78.377873 12.7332359, 78.3778596 12.7331391, 78.3778381 12.7330619, 78.3777818 12.7330135, 78.3776933 12.7330031, 78.3775753 12.7330004, 78.3775122 12.7329965, 78.3774693 12.7329704, 78.3774567 12.732944)"
884488487,unclassified,False,False,22.444,"LINESTRING (78.3772776 12.7329468, 78.3773205 12.7329298, 78.377358 12.7329128, 78.3773889 12.7329036, 78.3774278 12.7329076, 78.3774492 12.7329285, 78.3774567 12.732944)"
