osmid,highway,oneway,reversed,length,geometry
261418331,tertiary,False,False,662.5640000000001,"LINESTRING (75.7376219 28.5671346, 75.7359514 28.5642986, 75.7353331 28.5632026, 75.7349725 28.5628356, 75.7346348 28.5626294, 75.7338896 28.5623915)"
261418331,tertiary,False,True,662.564,"LINESTRING (75.7338896 28.5623915, 75.7346348 28.5626294, 75.7349725 28.5628356, 75.7353331 28.5632026, 75.7359514 28.5642986, 75.7376219 28.5671346)"
