osmid,ref,highway,oneway,reversed,length,geometry
22835250,SH12;37A,primary,False,False,546.833,"LINESTRING (75.3719265 26.2884427, 75.3719983 26.288659, 75.3721984 26.2893566, 75.3722356 26.2894861, 75.3724419 26.2902218, 75.3726592 26.2912478, 75.3726909 26.2921084, 75.3726865 26.2925577, 75.3726532 26.2928898, 75.3725802 26.2932756)"
161021366,,secondary,False,False,714.577,"LINESTRING (75.3760552 26.2873263, 75.3764849 26.2879994, 75.3764953 26.2882829, 75.3764486 26.2885285, 75.375962 26.2888906, 75.375669 26.2893781, 75.3756031 26.2901658, 75.3752737 26.290691, 75.3753249 26.2924567, 75.3751712 26.2932838)"
161021366,,secondary,False,True,714.577,"LINESTRING (75.3751712 26.2932838, 75.3753249 26.2924567, 75.3752737 26.290691, 75.3756031 26.2901658, 75.375669 26.2893781, 75.375962 26.2888906, 75.3764486 26.2885285, 75.3764953 26.2882829, 75.3764849 26.2879994, 75.3760552 26.2873263)"
161036884,,tertiary,False,True,260.584,"LINESTRING (75.3751712 26.2932838, 75.37434 26.2931504, 75.372905 26.2932948, 75.3725802 26.2932756)"
22835250,SH12;37A,primary,False,True,546.8330000000001,"LINESTRING (75.3725802 26.2932756, 75.3726532 26.2928898, 75.3726865 26.2925577, 75.3726909 26.2921084, 75.3726592 26.2912478, 75.3724419 26.2902218, 75.3722356 26.2894861, 75.3721984 26.2893566, 75.3719983 26.288659, 75.3719265 26.2884427)"
161036884,,tertiary,False,False,260.584,"LINESTRING (75.3725802 26.2932756, 75.372905 26.2932948, 75.37434 26.2931504, 75.3751712 26.2932838)"
