osmid,highway,oneway,reversed,length,geometry
843472865,residential,False,True,51.289,"LINESTRING (77.3813653 15.8773818, 77.3813626 15.8776043, 77.3813593 15.8776327, 77.3813512 15.8776527, 77.3813371 15.8776637, 77.3813083 15.8776759, 77.3811628 15.8776927)"
843472865,residential,False,False,51.289,"LINESTRING (77.3811628 15.8776927, 77.3813083 15.8776759, 77.3813371 15.8776637, 77.3813512 15.8776527, 77.3813593 15.8776327, 77.3813626 15.8776043, 77.3813653 15.8773818)"
843472866,residential,False,True,47.614999999999995,"LINESTRING (77.3811628 15.8776927, 77.3811762 15.8779223, 77.3811708 15.8779494, 77.3811608 15.8779674, 77.3811393 15.8779797, 77.3811024 15.8779874, 77.3810676 15.8779932, 77.3810126 15.8780113)"
843472869,residential,False,True,176.404,"LINESTRING (77.3815799 15.8794818, 77.3813371 15.8790226, 77.3812701 15.8788833, 77.3812084 15.8787195, 77.3811132 15.8782938, 77.3810535 15.8780442, 77.381034 15.8780229, 77.3810126 15.8780113)"
843472866,residential,False,False,47.615,"LINESTRING (77.3810126 15.8780113, 77.3810676 15.8779932, 77.3811024 15.8779874, 77.3811393 15.8779797, 77.3811608 15.8779674, 77.3811708 15.8779494, 77.3811762 15.8779223, 77.3811628 15.8776927)"
843472869,residential,False,False,176.404,"LINESTRING (77.3810126 15.8780113, 77.381034 15.8780229, 77.3810535 15.8780442, 77.3811132 15.8782938, 77.3812084 15.8787195, 77.3812701 15.8788833, 77.3813371 15.8790226, 77.3815799 15.8794818)"
