osmid,lanes,highway,oneway,reversed,length,geometry
968805699,3,secondary,False,True,619.874,"LINESTRING (76.1148184 27.8939869, 76.1144261 27.8929261, 76.1144068 27.8925729, 76.1144202 27.8921757, 76.1144847 27.8917431, 76.1147205 27.8904079, 76.1150434 27.8885093)"
968805699,3,secondary,False,False,619.8739999999999,"LINESTRING (76.1150434 27.8885093, 76.1147205 27.8904079, 76.1144847 27.8917431, 76.1144202 27.8921757, 76.1144068 27.8925729, 76.1144261 27.8929261, 76.1148184 27.8939869)"
