osmid,ref,highway,oneway,reversed,length,geometry
160144155,SH100,primary,False,False,320.65,"LINESTRING (75.2050038 26.7871266, 75.2054574 26.7870258, 75.2065151 26.786705, 75.2080432 26.7861594)"
179488321,SH2;100,primary,False,False,155.277,"LINESTRING (75.2050038 26.7871266, 75.2048975 26.7875889, 75.204837 26.787725, 75.2047447 26.7878415, 75.2046233 26.7879233, 75.2041263 26.788153)"
179488321,SH2;100,primary,False,True,155.277,"LINESTRING (75.2041263 26.788153, 75.2046233 26.7879233, 75.2047447 26.7878415, 75.204837 26.787725, 75.2048975 26.7875889, 75.2050038 26.7871266)"
160144155,SH100,primary,False,True,320.65,"LINESTRING (75.2080432 26.7861594, 75.2065151 26.786705, 75.2054574 26.7870258, 75.2050038 26.7871266)"
