osmid,highway,oneway,reversed,length,lanes,ref,name,maxspeed,geometry
1145112103,residential,False,False,31.117,,,,,"LINESTRING (78.434408 21.3742528, 78.4342131 21.3740398)"
"[1145071131, 229068927]",trunk,True,False,540.745,2,NH353J,Nagpur Katol Road,50,"LINESTRING (78.434408 21.3742528, 78.4338941 21.3747684, 78.4315104 21.3768824, 78.4307502 21.3774486, 78.4305885 21.3775608)"
1145112103,residential,False,True,31.117,,,,,"LINESTRING (78.4342131 21.3740398, 78.434408 21.3742528)"
1145112104,residential,False,False,137.316,,,,,"LINESTRING (78.4342131 21.3740398, 78.4351551 21.3731706)"
1145112104,residential,False,True,49.398,,,,,"LINESTRING (78.4342131 21.3740398, 78.4338591 21.3743376)"
1145112104,residential,False,False,49.398,,,,,"LINESTRING (78.4338591 21.3743376, 78.4342131 21.3740398)"
1145112104,residential,False,True,137.316,,,,,"LINESTRING (78.4351551 21.3731706, 78.4342131 21.3740398)"
