osmid,highway,oneway,reversed,length,geometry
1132583769,residential,False,False,302.262,"LINESTRING (94.1613901 27.1569229, 94.1613807 27.1569992, 94.1614497 27.1571064, 94.1616768 27.1572181, 94.161909 27.1573528, 94.1620642 27.1574728, 94.1622907 27.1576339, 94.1623726 27.1577701, 94.1627002 27.1581286, 94.1630888 27.1584005, 94.1635825 27.15872)"
1132583769,residential,False,True,302.262,"LINESTRING (94.1635825 27.15872, 94.1630888 27.1584005, 94.1627002 27.1581286, 94.1623726 27.1577701, 94.1622907 27.1576339, 94.1620642 27.1574728, 94.161909 27.1573528, 94.1616768 27.1572181, 94.1614497 27.1571064, 94.1613807 27.1569992, 94.1613901 27.1569229)"
