osmid,highway,oneway,reversed,length,geometry
215059158,unclassified,False,False,301.881,"LINESTRING (77.8687536 12.1135286, 77.8689843 12.1137384, 77.8694241 12.1142917, 77.8696065 12.1145697, 77.8696414 12.114672, 77.8697514 12.1148162, 77.8698292 12.1149001, 77.870151 12.1153329, 77.870371 12.1156239, 77.8704139 12.1156895)"
215059158,unclassified,False,True,301.88100000000003,"LINESTRING (77.8704139 12.1156895, 77.870371 12.1156239, 77.870151 12.1153329, 77.8698292 12.1149001, 77.8697514 12.1148162, 77.8696414 12.114672, 77.8696065 12.1145697, 77.8694241 12.1142917, 77.8689843 12.1137384, 77.8687536 12.1135286)"
