osmid,highway,oneway,reversed,length,geometry
1010939735,residential,False,False,15.538,"LINESTRING (86.1507058 25.2433127, 86.1506857 25.2432896, 86.1506631 25.2432366, 86.1506451 25.2431856)"
1010939735,residential,False,True,15.538,"LINESTRING (86.1506451 25.2431856, 86.1506631 25.2432366, 86.1506857 25.2432896, 86.1507058 25.2433127)"
