osmid,highway,oneway,reversed,length,geometry
681172022,residential,False,False,217.82,"LINESTRING (71.7156253 22.3580922, 71.7157185 22.3600492)"
681172023,residential,False,False,250.881,"LINESTRING (71.7156253 22.3580922, 71.7168542 22.3580795, 71.7172546 22.3583317, 71.7177138 22.358852)"
681172022,residential,False,True,217.82,"LINESTRING (71.7157185 22.3600492, 71.7156253 22.3580922)"
681172023,residential,False,True,250.881,"LINESTRING (71.7177138 22.358852, 71.7172546 22.3583317, 71.7168542 22.3580795, 71.7156253 22.3580922)"
