osmid,highway,oneway,reversed,length,geometry
368118979,tertiary,False,False,287.598,"LINESTRING (79.5264332 14.2829296, 79.5280211 14.2824306, 79.5289974 14.2822226)"
368118979,tertiary,False,True,287.598,"LINESTRING (79.5289974 14.2822226, 79.5280211 14.2824306, 79.5264332 14.2829296)"
