osmid,highway,oneway,reversed,length,geometry
913318355,residential,False,True,443.51800000000003,"LINESTRING (93.7500876 24.4189591, 93.7506348 24.4191154, 93.7511712 24.4194671, 93.7512892 24.4197553, 93.7514824 24.4199751, 93.7517023 24.4204, 93.7520778 24.4221731)"
913318355,residential,False,True,48.611,"LINESTRING (93.7494841 24.4259438, 93.7490201 24.4260562)"
913318355,residential,False,False,625.1709999999999,"LINESTRING (93.7494841 24.4259438, 93.750901 24.4256943, 93.7517452 24.4255457, 93.7519437 24.4252087, 93.7523729 24.4234968, 93.7523299 24.4226811, 93.7521529 24.422471, 93.7520778 24.4221731)"
913318356,residential,False,True,560.829,"LINESTRING (93.7494841 24.4259438, 93.7495592 24.4254065, 93.7501869 24.4236946, 93.7500983 24.4231426, 93.7505972 24.4225638, 93.7520778 24.4221731)"
913318355,residential,False,False,443.51800000000003,"LINESTRING (93.7520778 24.4221731, 93.7517023 24.4204, 93.7514824 24.4199751, 93.7512892 24.4197553, 93.7511712 24.4194671, 93.7506348 24.4191154, 93.7500876 24.4189591)"
913318355,residential,False,True,625.171,"LINESTRING (93.7520778 24.4221731, 93.7521529 24.422471, 93.7523299 24.4226811, 93.7523729 24.4234968, 93.7519437 24.4252087, 93.7517452 24.4255457, 93.750901 24.4256943, 93.7494841 24.4259438)"
913318356,residential,False,False,560.829,"LINESTRING (93.7520778 24.4221731, 93.7505972 24.4225638, 93.7500983 24.4231426, 93.7501869 24.4236946, 93.7495592 24.4254065, 93.7494841 24.4259438)"
913318355,residential,False,False,48.611,"LINESTRING (93.7490201 24.4260562, 93.7494841 24.4259438)"
