osmid,highway,oneway,reversed,length,geometry
161135031,secondary,False,True,539.0829999999999,"LINESTRING (81.6997416 21.6258982, 81.7010568 21.6259669, 81.7027209 21.6260638, 81.704641 21.6261655, 81.7047436 21.6261623, 81.7049462 21.6261893)"
"[976757763, 239192590]",tertiary,False,True,156.487,"LINESTRING (81.7054627 21.627512, 81.7051093 21.6265775, 81.7049462 21.6261893)"
161135031,secondary,False,False,539.083,"LINESTRING (81.7049462 21.6261893, 81.7047436 21.6261623, 81.704641 21.6261655, 81.7027209 21.6260638, 81.7010568 21.6259669, 81.6997416 21.6258982)"
"[976757763, 239192590]",tertiary,False,False,156.487,"LINESTRING (81.7049462 21.6261893, 81.7051093 21.6265775, 81.7054627 21.627512)"
