osmid,ref,name,highway,oneway,reversed,length,geometry
667237677,SH,Pileru - Sodam Road,primary,False,False,642.018,"LINESTRING (78.915244 13.5643255, 78.9152549 13.5643938, 78.9154488 13.5655451, 78.9155925 13.5661956, 78.9156869 13.5667064, 78.915826 13.567561, 78.9158782 13.5679391, 78.9159682 13.5682326, 78.9161395 13.5685769, 78.9163659 13.5690876, 78.9165923 13.5696689, 78.9166733 13.5698963)"
667237677,SH,Pileru - Sodam Road,primary,False,True,642.018,"LINESTRING (78.9166733 13.5698963, 78.9165923 13.5696689, 78.9163659 13.5690876, 78.9161395 13.5685769, 78.9159682 13.5682326, 78.9158782 13.5679391, 78.915826 13.567561, 78.9156869 13.5667064, 78.9155925 13.5661956, 78.9154488 13.5655451, 78.9152549 13.5643938, 78.915244 13.5643255)"
