osmid,name,highway,oneway,reversed,length,geometry
765296445,Manhendrawada villege road,unclassified,False,True,119.054,"LINESTRING (77.0810359 28.3263231, 77.0798207 28.3262772)"
765296445,Manhendrawada villege road,unclassified,False,False,119.054,"LINESTRING (77.0798207 28.3262772, 77.0810359 28.3263231)"
1078098364,,residential,False,True,272.547,"LINESTRING (77.0798207 28.3262772, 77.0798661 28.326165, 77.0800572 28.3257226, 77.0801137 28.3256067, 77.0801895 28.3254366, 77.0803152 28.3251524, 77.0804514 28.3248368, 77.0805121 28.3247082, 77.0805121 28.3246481, 77.0804969 28.3246114, 77.0804533 28.3245747, 77.0804021 28.3245563, 77.0802933 28.3245204, 77.0800591 28.324446, 77.0798032 28.3243482)"
1078098360,,residential,False,False,11.729,"LINESTRING (77.0797874 28.3252499, 77.0798449 28.325265, 77.0799035 28.3252756)"
1078098360,,residential,False,True,11.729,"LINESTRING (77.0799035 28.3252756, 77.0798449 28.325265, 77.0797874 28.3252499)"
1078098363,,residential,False,True,109.05499999999999,"LINESTRING (77.0799035 28.3252756, 77.0800129 28.325135, 77.080017 28.3251125, 77.0800155 28.3250892, 77.0798293 28.324438, 77.0798032 28.3243482)"
1078098363,,residential,False,False,109.055,"LINESTRING (77.0798032 28.3243482, 77.0798293 28.324438, 77.0800155 28.3250892, 77.080017 28.3251125, 77.0800129 28.325135, 77.0799035 28.3252756)"
1078098364,,residential,False,False,272.547,"LINESTRING (77.0798032 28.3243482, 77.0800591 28.324446, 77.0802933 28.3245204, 77.0804021 28.3245563, 77.0804533 28.3245747, 77.0804969 28.3246114, 77.0805121 28.3246481, 77.0805121 28.3247082, 77.0804514 28.3248368, 77.0803152 28.3251524, 77.0801895 28.3254366, 77.0801137 28.3256067, 77.0800572 28.3257226, 77.0798661 28.326165, 77.0798207 28.3262772)"
