osmid,highway,oneway,reversed,length,geometry
641820207,tertiary,False,True,263.428,"LINESTRING (78.5699067 15.7182503, 78.5702598 15.7183108, 78.5710215 15.7188066, 78.5715902 15.7191887, 78.5720301 15.7193952)"
569273336,unclassified,False,True,206.284,"LINESTRING (78.5720301 15.7193952, 78.5717457 15.7197929, 78.5713059 15.7202782, 78.5709357 15.7209134)"
641820207,tertiary,False,False,263.428,"LINESTRING (78.5720301 15.7193952, 78.5715902 15.7191887, 78.5710215 15.7188066, 78.5702598 15.7183108, 78.5699067 15.7182503)"
569273336,unclassified,False,False,206.284,"LINESTRING (78.5709357 15.7209134, 78.5713059 15.7202782, 78.5717457 15.7197929, 78.5720301 15.7193952)"
