osmid,name,highway,oneway,reversed,length,geometry
26427829,Saddleback Mountain Road,unclassified,False,False,601.719,"LINESTRING (150.799192 -34.6983024, 150.7990826 -34.698146, 150.7990175 -34.6980713, 150.7989044 -34.697985, 150.7987587 -34.6979239, 150.7986157 -34.6979008, 150.7977985 -34.697891, 150.7971731 -34.697931, 150.7965437 -34.6979974, 150.7957266 -34.6980357, 150.7949869 -34.6980982, 150.7943003 -34.6981683, 150.7940463 -34.6981978, 150.7939195 -34.6982017, 150.7936841 -34.6981979, 150.7933813 -34.6982092, 150.7931381 -34.6982299, 150.7928687 -34.6983126)"
26427829,Saddleback Mountain Road,unclassified,False,True,601.7189999999999,"LINESTRING (150.7928687 -34.6983126, 150.7931381 -34.6982299, 150.7933813 -34.6982092, 150.7936841 -34.6981979, 150.7939195 -34.6982017, 150.7940463 -34.6981978, 150.7943003 -34.6981683, 150.7949869 -34.6980982, 150.7957266 -34.6980357, 150.7965437 -34.6979974, 150.7971731 -34.697931, 150.7977985 -34.697891, 150.7986157 -34.6979008, 150.7987587 -34.6979239, 150.7989044 -34.697985, 150.7990175 -34.6980713, 150.7990826 -34.698146, 150.799192 -34.6983024)"
