osmid,name,highway,oneway,reversed,length,geometry
138868588,Cassia Street,residential,False,False,60.304,"LINESTRING (145.5969343 -17.2670269, 145.5969618 -17.2671658, 145.5970342 -17.2673681, 145.5971029 -17.2675434)"
138868587,Park Avenue,residential,False,True,127.037,"LINESTRING (145.5982012 -17.2684134, 145.5989176 -17.2674984)"
138868588,Cassia Street,residential,False,True,152.78300000000002,"LINESTRING (145.5982012 -17.2684134, 145.5975314 -17.2679543, 145.5972981 -17.2677893, 145.5971167 -17.2675726, 145.5971029 -17.2675434)"
138868587,Park Avenue,residential,False,False,127.037,"LINESTRING (145.5989176 -17.2674984, 145.5982012 -17.2684134)"
138868588,Cassia Street,residential,False,False,152.78300000000002,"LINESTRING (145.5971029 -17.2675434, 145.5971167 -17.2675726, 145.5972981 -17.2677893, 145.5975314 -17.2679543, 145.5982012 -17.2684134)"
138868588,Cassia Street,residential,False,True,60.303999999999995,"LINESTRING (145.5971029 -17.2675434, 145.5970342 -17.2673681, 145.5969618 -17.2671658, 145.5969343 -17.2670269)"
