osmid,highway,oneway,reversed,length,geometry
204163481,secondary,False,True,134.102,"LINESTRING (43.4351645 14.7970193, 43.4354424 14.7958436)"
204163481,secondary,False,False,134.102,"LINESTRING (43.4354424 14.7958436, 43.4351645 14.7970193)"
204163481,secondary,False,True,367.89199999999994,"LINESTRING (43.4354424 14.7958436, 43.4355029 14.7955875, 43.4355544 14.7952994, 43.435669 14.7946136, 43.4355544 14.7941287, 43.4351604 14.79363, 43.4344797 14.7929675)"
204163481,secondary,False,False,367.89199999999994,"LINESTRING (43.4344797 14.7929675, 43.4351604 14.79363, 43.4355544 14.7941287, 43.435669 14.7946136, 43.4355544 14.7952994, 43.4355029 14.7955875, 43.4354424 14.7958436)"
