osmid,highway,oneway,reversed,length,geometry
156415447,unclassified,False,True,415.37499999999994,"LINESTRING (43.4172888 15.3784522, 43.4171017 15.3783465, 43.416863 15.3782781, 43.4167501 15.3781816, 43.4168565 15.377824, 43.4170372 15.3773263, 43.4172533 15.3768722, 43.4173759 15.3765083, 43.4173339 15.3763902, 43.417063 15.3762813, 43.4168952 15.3761787, 43.4168565 15.3759827, 43.4168404 15.3758894, 43.4167404 15.3758739, 43.416692 15.3759858, 43.416653 15.3762298)"
156415447,unclassified,False,False,415.375,"LINESTRING (43.416653 15.3762298, 43.416692 15.3759858, 43.4167404 15.3758739, 43.4168404 15.3758894, 43.4168565 15.3759827, 43.4168952 15.3761787, 43.417063 15.3762813, 43.4173339 15.3763902, 43.4173759 15.3765083, 43.4172533 15.3768722, 43.4170372 15.3773263, 43.4168565 15.377824, 43.4167501 15.3781816, 43.416863 15.3782781, 43.4171017 15.3783465, 43.4172888 15.3784522)"
