osmid,ref,name,highway,oneway,reversed,length,geometry
675187214,R215,طريق عدن - الضالع - يريم,trunk,False,False,39.026,"LINESTRING (44.8243176 13.431073, 44.8242074 13.4314072)"
675187214,R215,طريق عدن - الضالع - يريم,trunk,False,True,30.142,"LINESTRING (44.8243176 13.431073, 44.8243891 13.430811)"
123562987,,طريق الملاح جعار,tertiary,False,True,34.894000000000005,"LINESTRING (44.8243176 13.431073, 44.8244856 13.4311117, 44.8246318 13.4311443)"
675187214,R215,طريق عدن - الضالع - يريم,trunk,False,False,30.142,"LINESTRING (44.8243891 13.430811, 44.8243176 13.431073)"
666000911,,,tertiary_link,True,False,47.237,"LINESTRING (44.8243891 13.430811, 44.8244132 13.4309108, 44.8244306 13.4309617, 44.8244695 13.4310087, 44.8245446 13.4310778, 44.8246318 13.4311443)"
675187214,R215,طريق عدن - الضالع - يريم,trunk,False,True,39.026,"LINESTRING (44.8242074 13.4314072, 44.8243176 13.431073)"
123562987,,طريق الملاح جعار,tertiary,False,False,34.894000000000005,"LINESTRING (44.8246318 13.4311443, 44.8244856 13.4311117, 44.8243176 13.431073)"
666000910,,,tertiary_link,True,False,57.25,"LINESTRING (44.8246318 13.4311443, 44.8245192 13.4311561, 44.8244253 13.4311861, 44.8243569 13.4312317, 44.8242074 13.4314072)"
