osmid,ref,name,highway,oneway,reversed,length,geometry
27046102,801,طريق صنعاء المحويت,primary,False,False,825.402,"LINESTRING (43.744005 15.4968056, 43.7439207 15.4967092, 43.7437787 15.4964001, 43.7434946 15.4960292, 43.7432334 15.4958217, 43.742909 15.4956399, 43.7422253 15.4952388, 43.7412997 15.4949253, 43.7411714 15.4948237, 43.7406307 15.4941834, 43.7402619 15.4939157, 43.7397692 15.493605, 43.73787 15.49309, 43.7376698 15.4930684)"
27046102,801,طريق صنعاء المحويت,primary,False,True,825.402,"LINESTRING (43.7376698 15.4930684, 43.73787 15.49309, 43.7397692 15.493605, 43.7402619 15.4939157, 43.7406307 15.4941834, 43.7411714 15.4948237, 43.7412997 15.4949253, 43.7422253 15.4952388, 43.742909 15.4956399, 43.7432334 15.4958217, 43.7434946 15.4960292, 43.7437787 15.4964001, 43.7439207 15.4967092, 43.744005 15.4968056)"
