osmid,highway,oneway,reversed,length,geometry
627205022,residential,False,True,111.825,"LINESTRING (43.7047559 15.6156593, 43.7056849 15.6161185)"
627205022,residential,False,False,138.742,"LINESTRING (43.7047559 15.6156593, 43.7042034 15.6159383, 43.7037742 15.615928, 43.7035596 15.6160365)"
627205022,residential,False,False,111.825,"LINESTRING (43.7056849 15.6161185, 43.7047559 15.6156593)"
46693343,secondary,False,False,90.93799999999999,"LINESTRING (43.7056849 15.6161185, 43.7056098 15.6162035, 43.705413 15.6163696, 43.705346 15.6164888, 43.7052261 15.6167858)"
627205022,residential,False,True,138.74200000000002,"LINESTRING (43.7035596 15.6160365, 43.7037742 15.615928, 43.7042034 15.6159383, 43.7047559 15.6156593)"
627205023,unclassified,False,True,210.499,"LINESTRING (43.7035596 15.6160365, 43.7038547 15.6163516, 43.7048685 15.6164395, 43.7052261 15.6167858)"
46693343,secondary,False,True,90.93799999999999,"LINESTRING (43.7052261 15.6167858, 43.705346 15.6164888, 43.705413 15.6163696, 43.7056098 15.6162035, 43.7056849 15.6161185)"
627205023,unclassified,False,False,210.499,"LINESTRING (43.7052261 15.6167858, 43.7048685 15.6164395, 43.7038547 15.6163516, 43.7035596 15.6160365)"
