osmid,highway,oneway,reversed,length,geometry
723256613,unclassified,False,False,966.3990000000001,"LINESTRING (44.4279358 13.2790669, 44.4279358 13.2786936, 44.4279733 13.278537, 44.428027 13.2782237, 44.4279841 13.2780332, 44.427976 13.2778113, 44.4280592 13.2774876, 44.4281504 13.2772918, 44.4281852 13.2769863, 44.4282657 13.2767801, 44.4283488 13.2766365, 44.4281504 13.276613, 44.4278902 13.2763468, 44.427689 13.2760361, 44.4276944 13.2757933, 44.4276515 13.2755584, 44.4275039 13.2752268, 44.4273055 13.2748535, 44.4270426 13.2748405, 44.4270292 13.2750206, 44.4270506 13.2752582, 44.4270211 13.2754357, 44.4268039 13.2754279, 44.4266108 13.2753548, 44.4263399 13.2752973, 44.4259509 13.2752843, 44.4256505 13.2751564, 44.4254494 13.274958, 44.4252616 13.2748535, 44.4250524 13.2747569, 44.4246876 13.2744593, 44.4244677 13.2743445, 44.424127 13.2743393)"
723256613,unclassified,False,True,966.3989999999999,"LINESTRING (44.424127 13.2743393, 44.4244677 13.2743445, 44.4246876 13.2744593, 44.4250524 13.2747569, 44.4252616 13.2748535, 44.4254494 13.274958, 44.4256505 13.2751564, 44.4259509 13.2752843, 44.4263399 13.2752973, 44.4266108 13.2753548, 44.4268039 13.2754279, 44.4270211 13.2754357, 44.4270506 13.2752582, 44.4270292 13.2750206, 44.4270426 13.2748405, 44.4273055 13.2748535, 44.4275039 13.2752268, 44.4276515 13.2755584, 44.4276944 13.2757933, 44.427689 13.2760361, 44.4278902 13.2763468, 44.4281504 13.276613, 44.4283488 13.2766365, 44.4282657 13.2767801, 44.4281852 13.2769863, 44.4281504 13.2772918, 44.4280592 13.2774876, 44.427976 13.2778113, 44.4279841 13.2780332, 44.428027 13.2782237, 44.4279733 13.278537, 44.4279358 13.2786936, 44.4279358 13.2790669)"
