osmid,highway,oneway,reversed,length,geometry
693983705,unclassified,False,False,140.414,"LINESTRING (-92.2126662 14.7572681, -92.2137321 14.7565386)"
693983705,unclassified,False,True,140.414,"LINESTRING (-92.2137321 14.7565386, -92.2126662 14.7572681)"
929492453,residential,False,True,338.62,"LINESTRING (-92.2137321 14.7565386, -92.2147509 14.7566804, -92.2156341 14.7568393, -92.2157031 14.7568373, -92.2157226 14.7568172, -92.2157346 14.7566791, -92.215746 14.756611, -92.2157735 14.7565916, -92.2158674 14.7566, -92.2166379 14.7567232)"
929492453,residential,False,False,338.62,"LINESTRING (-92.2166379 14.7567232, -92.2158674 14.7566, -92.2157735 14.7565916, -92.215746 14.756611, -92.2157346 14.7566791, -92.2157226 14.7568172, -92.2157031 14.7568373, -92.2156341 14.7568393, -92.2147509 14.7566804, -92.2137321 14.7565386)"
