osmid,highway,oneway,reversed,length,geometry
725894020,residential,False,False,61.293,"LINESTRING (-104.3235809 21.0333414, -104.3232751 21.0332112, -104.3230337 21.0331361)"
725894021,residential,False,True,129.761,"LINESTRING (-104.3235809 21.0333414, -104.3236774 21.0331411, -104.3242622 21.0332012, -104.3246672 21.0333264)"
725894020,residential,False,True,61.293,"LINESTRING (-104.3230337 21.0331361, -104.3232751 21.0332112, -104.3235809 21.0333414)"
725894021,residential,False,False,129.761,"LINESTRING (-104.3246672 21.0333264, -104.3242622 21.0332012, -104.3236774 21.0331411, -104.3235809 21.0333414)"
885065829,residential,False,False,479.77700000000004,"LINESTRING (-104.3246672 21.0333264, -104.3248978 21.0328016, -104.3250212 21.0326714, -104.3250373 21.0325763, -104.3249407 21.0318979, -104.32504 21.0291064)"
885065829,residential,False,True,479.77700000000004,"LINESTRING (-104.32504 21.0291064, -104.3249407 21.0318979, -104.3250373 21.0325763, -104.3250212 21.0326714, -104.3248978 21.0328016, -104.3246672 21.0333264)"
