osmid,highway,oneway,reversed,length,geometry
949366082,unclassified,False,False,56.549,"LINESTRING (-100.8079425 17.7069865, -100.8080122 17.7068741, -100.8079478 17.7065011)"
949366082,unclassified,False,True,334.218,"LINESTRING (-100.8079425 17.7069865, -100.807744 17.707053, -100.8072424 17.7071271, -100.806706 17.7073162, -100.8063787 17.70738, -100.8056653 17.7074094, -100.8053045 17.7074477, -100.8051449 17.7074656, -100.804996 17.7075372, -100.8049746 17.707656)"
949366082,unclassified,False,False,334.21799999999996,"LINESTRING (-100.8049746 17.707656, -100.804996 17.7075372, -100.8051449 17.7074656, -100.8053045 17.7074477, -100.8056653 17.7074094, -100.8063787 17.70738, -100.806706 17.7073162, -100.8072424 17.7071271, -100.807744 17.707053, -100.8079425 17.7069865)"
949366082,unclassified,False,True,56.549,"LINESTRING (-100.8079478 17.7065011, -100.8080122 17.7068741, -100.8079425 17.7069865)"
