osmid,name,highway,oneway,reversed,length,geometry,lanes,ref
883932694,Calle Cándido Navarro,residential,False,True,179.82,"LINESTRING (-97.1594598 20.0190667, -97.1595161 20.0191845, -97.1595881 20.0192647, -97.1596944 20.0193449, -97.159865 20.0194625, -97.1599675 20.0195694, -97.1600319 20.0196763, -97.1601002 20.0197298, -97.1601761 20.0197726, -97.1602311 20.0198153, -97.1603411 20.0198278, -97.1604909 20.0198029, -97.1606199 20.0197512, -97.1607887 20.0196728)",,
883935533,Carretera Federal Tlapacoyan - Martínez de la Torre,primary,False,True,140.60899999999998,"LINESTRING (-97.1594598 20.0190667, -97.159589 20.0190022, -97.1597899 20.0188779, -97.1599861 20.018722, -97.1602317 20.0184912, -97.1604422 20.0182949, -97.1604808 20.0182541)",2,MEX 129
883932694,Calle Cándido Navarro,residential,False,False,179.82000000000002,"LINESTRING (-97.1607887 20.0196728, -97.1606199 20.0197512, -97.1604909 20.0198029, -97.1603411 20.0198278, -97.1602311 20.0198153, -97.1601761 20.0197726, -97.1601002 20.0197298, -97.1600319 20.0196763, -97.1599675 20.0195694, -97.159865 20.0194625, -97.1596944 20.0193449, -97.1595881 20.0192647, -97.1595161 20.0191845, -97.1594598 20.0190667)",,
883935533,Carretera Federal Tlapacoyan - Martínez de la Torre,primary,False,False,140.609,"LINESTRING (-97.1604808 20.0182541, -97.1604422 20.0182949, -97.1602317 20.0184912, -97.1599861 20.018722, -97.1597899 20.0188779, -97.159589 20.0190022, -97.1594598 20.0190667)",2,MEX 129
883936614,Calle Fernando Ortiz,residential,False,True,76.11500000000001,"LINESTRING (-97.1604808 20.0182541, -97.160593 20.0182465, -97.1606517 20.0182105, -97.1608276 20.0180664, -97.1608592 20.0180452, -97.1608998 20.0180367, -97.1609381 20.0180537, -97.1610148 20.0182168)",,
883936614,Calle Fernando Ortiz,residential,False,False,76.115,"LINESTRING (-97.1610148 20.0182168, -97.1609381 20.0180537, -97.1608998 20.0180367, -97.1608592 20.0180452, -97.1608276 20.0180664, -97.1606517 20.0182105, -97.160593 20.0182465, -97.1604808 20.0182541)",,
