osmid,highway,oneway,reversed,length,geometry,name
845949670,residential,False,False,258.37300000000005,"LINESTRING (-99.6872619 18.9378031, -99.6870258 18.9381038, -99.6867912 18.9383778, -99.6866316 18.9385604, -99.6864787 18.9386644, -99.6863908 18.9387234, -99.6863571 18.9387367, -99.6863258 18.9387383, -99.6862948 18.9387312, -99.6862742 18.9387139, -99.6861977 18.9386061, -99.6861488 18.9385439, -99.6861169 18.9385119, -99.6860763 18.9384907, -99.6860361 18.9384827, -99.6859912 18.9384849, -99.6859054 18.9385103, -99.6857826 18.938563, -99.6854326 18.9387279)",
790545416,residential,False,True,189.875,"LINESTRING (-99.6854326 18.9387279, -99.6855734 18.9390951, -99.685619 18.9392321, -99.6856653 18.9393716, -99.6857397 18.9394877, -99.6858202 18.9395778, -99.6859235 18.939683, -99.6862306 18.9399431, -99.6863982 18.9401232)",Calle Aldama
845949670,residential,False,True,258.373,"LINESTRING (-99.6854326 18.9387279, -99.6857826 18.938563, -99.6859054 18.9385103, -99.6859912 18.9384849, -99.6860361 18.9384827, -99.6860763 18.9384907, -99.6861169 18.9385119, -99.6861488 18.9385439, -99.6861977 18.9386061, -99.6862742 18.9387139, -99.6862948 18.9387312, -99.6863258 18.9387383, -99.6863571 18.9387367, -99.6863908 18.9387234, -99.6864787 18.9386644, -99.6866316 18.9385604, -99.6867912 18.9383778, -99.6870258 18.9381038, -99.6872619 18.9378031)",
790545416,residential,False,False,189.875,"LINESTRING (-99.6863982 18.9401232, -99.6862306 18.9399431, -99.6859235 18.939683, -99.6858202 18.9395778, -99.6857397 18.9394877, -99.6856653 18.9393716, -99.685619 18.9392321, -99.6855734 18.9390951, -99.6854326 18.9387279)",Calle Aldama
790545484,residential,False,False,249.781,"LINESTRING (-99.6863982 18.9401232, -99.6856056 18.9403997, -99.6854769 18.9404492, -99.6852623 18.9405317, -99.6841733 18.9409084)",
790545484,residential,False,True,249.78099999999998,"LINESTRING (-99.6841733 18.9409084, -99.6852623 18.9405317, -99.6854769 18.9404492, -99.6856056 18.9403997, -99.6863982 18.9401232)",
