osmid,name,highway,oneway,reversed,length,geometry
429305393,5 de Mayo,tertiary,False,False,31.251,"LINESTRING (-97.5516218 20.1348008, -97.5517465 20.1350563)"
429305422,Lerdo de Tejada,residential,False,True,116.198,"LINESTRING (-97.5516218 20.1348008, -97.5519209 20.1346937, -97.552055 20.134681, -97.5522052 20.1347314, -97.5522964 20.1348095, -97.5524171 20.1349757, -97.5524814 20.1351142)"
429305393,5 de Mayo,tertiary,False,True,31.251,"LINESTRING (-97.5517465 20.1350563, -97.5516218 20.1348008)"
429305422,Lerdo de Tejada,residential,False,False,116.198,"LINESTRING (-97.5524814 20.1351142, -97.5524171 20.1349757, -97.5522964 20.1348095, -97.5522052 20.1347314, -97.552055 20.134681, -97.5519209 20.1346937, -97.5516218 20.1348008)"
