osmid,highway,oneway,reversed,length,geometry
171783889,unclassified,False,True,258.052,"LINESTRING (36.3943384 35.4208679, 36.3945165 35.4203563, 36.3948144 35.4186797, 36.394882 35.4186025)"
171783889,unclassified,False,False,258.05199999999996,"LINESTRING (36.394882 35.4186025, 36.3948144 35.4186797, 36.3945165 35.4203563, 36.3943384 35.4208679)"
171784873,unclassified,False,True,279.68899999999996,"LINESTRING (36.394882 35.4186025, 36.3946042 35.4186561, 36.3941874 35.418862, 36.3939122 35.4189403, 36.3936439 35.4189315, 36.3933489 35.4188835, 36.3930179 35.4188751, 36.3926837 35.4188843, 36.3923745 35.4189062, 36.392106 35.4189844, 36.3920276 35.419127)"
171784873,unclassified,False,False,279.68899999999996,"LINESTRING (36.3920276 35.419127, 36.392106 35.4189844, 36.3923745 35.4189062, 36.3926837 35.4188843, 36.3930179 35.4188751, 36.3933489 35.4188835, 36.3936439 35.4189315, 36.3939122 35.4189403, 36.3941874 35.418862, 36.3946042 35.4186561, 36.394882 35.4186025)"
