osmid,ref,name,highway,oneway,reversed,length,geometry
852652378,A8,Livingstone Way,trunk,False,True,374.294,"LINESTRING (25.8458103 -17.9243374, 25.8460893 -17.9245416, 25.8462462 -17.9246513, 25.8467075 -17.9250047, 25.8469221 -17.9251694, 25.847358 -17.9254667, 25.8481278 -17.9259184, 25.8487152 -17.9262489)"
368009052,A8,Livingstone Way,trunk,True,False,117.20200000000001,"LINESTRING (25.8487152 -17.9262489, 25.8488821 -17.9262393, 25.849 -17.9262533, 25.8492667 -17.9263443, 25.8494616 -17.9264494, 25.8495158 -17.9265187, 25.8496016 -17.9267152)"
852652378,A8,Livingstone Way,trunk,False,False,374.294,"LINESTRING (25.8487152 -17.9262489, 25.8481278 -17.9259184, 25.847358 -17.9254667, 25.8469221 -17.9251694, 25.8467075 -17.9250047, 25.8462462 -17.9246513, 25.8460893 -17.9245416, 25.8458103 -17.9243374)"
852652379,A8,Livingstone Way,trunk,True,False,107.644,"LINESTRING (25.8496016 -17.9267152, 25.8493321 -17.9266151, 25.8490558 -17.9264721, 25.8489338 -17.9263956, 25.8487152 -17.9262489)"
