osmid,highway,oneway,reversed,length,geometry
1249505786,unclassified,False,False,427.78999999999996,"LINESTRING (-86.4411643 13.3677704, -86.4410661 13.367277, -86.4410562 13.3668596, -86.4410246 13.3664941, -86.4409929 13.366221, -86.4409593 13.3654342, -86.4409376 13.3648533, -86.4408605 13.3645667, -86.4407557 13.3644609, -86.4406034 13.3643108, -86.4405283 13.3641665, -86.4405145 13.3640665)"
1249505786,unclassified,False,True,427.78999999999996,"LINESTRING (-86.4405145 13.3640665, -86.4405283 13.3641665, -86.4406034 13.3643108, -86.4407557 13.3644609, -86.4408605 13.3645667, -86.4409376 13.3648533, -86.4409593 13.3654342, -86.4409929 13.366221, -86.4410246 13.3664941, -86.4410562 13.3668596, -86.4410661 13.367277, -86.4411643 13.3677704)"
