osmid,highway,oneway,reversed,length,geometry
187305452,unclassified,False,True,182.294,"LINESTRING (-86.086452 13.2302417, -86.0866022 13.2302469, -86.0879595 13.2295515)"
187305452,unclassified,False,False,182.294,"LINESTRING (-86.0879595 13.2295515, -86.0866022 13.2302469, -86.086452 13.2302417)"
