osmid,highway,oneway,reversed,length,geometry
928069993,residential,False,True,601.5240000000001,"LINESTRING (104.6595651 21.8290218, 104.6595054 21.8288431, 104.6594975 21.8288194, 104.6594229 21.8285961, 104.6591923 21.8279811, 104.6589924 21.8274681, 104.6588556 21.8270473, 104.6587752 21.8267959, 104.6587215 21.8266178, 104.6587229 21.8263863, 104.6587256 21.8262493, 104.6587484 21.826141, 104.6587779 21.8260651, 104.6588798 21.8259393, 104.6592151 21.8257327, 104.6598226 21.8254077, 104.6602249 21.8253131, 104.6602893 21.8253094, 104.6604623 21.8253442, 104.6606389 21.8253786, 104.6607815 21.8254139, 104.6608177 21.8254538, 104.6608975 21.82561)"
928069993,residential,False,False,601.5239999999999,"LINESTRING (104.6608975 21.82561, 104.6608177 21.8254538, 104.6607815 21.8254139, 104.6606389 21.8253786, 104.6604623 21.8253442, 104.6602893 21.8253094, 104.6602249 21.8253131, 104.6598226 21.8254077, 104.6592151 21.8257327, 104.6588798 21.8259393, 104.6587779 21.8260651, 104.6587484 21.826141, 104.6587256 21.8262493, 104.6587229 21.8263863, 104.6587215 21.8266178, 104.6587752 21.8267959, 104.6588556 21.8270473, 104.6589924 21.8274681, 104.6591923 21.8279811, 104.6594229 21.8285961, 104.6594975 21.8288194, 104.6595054 21.8288431, 104.6595651 21.8290218)"
