osmid,highway,oneway,reversed,length,geometry
239897161,residential,False,False,29.276,"LINESTRING (-8.5252596 41.8807989, -8.525442 41.880735, -8.5255786 41.8806853)"
621646638,residential,False,True,277.884,"LINESTRING (-8.5277397 41.8822303, -8.5275281 41.8821824, -8.5274534 41.8821456, -8.5274633 41.882058, -8.5274546 41.8820076, -8.5274333 41.8819829, -8.5273759 41.8819552, -8.5271161 41.8818371, -8.5268117 41.8816748, -8.5265857 41.881531, -8.5264992 41.8812644, -8.5264378 41.8811853, -8.5263725 41.8810368, -8.5263086 41.8809143, -8.526239 41.8808391, -8.5261651 41.880766, -8.5260643 41.8807011, -8.5259517 41.8806382, -8.5257288 41.8806629, -8.5255786 41.8806853)"
239897161,residential,False,True,29.276,"LINESTRING (-8.5255786 41.8806853, -8.525442 41.880735, -8.5252596 41.8807989)"
621646637,unclassified,False,False,194.32600000000002,"LINESTRING (-8.5255786 41.8806853, -8.5250603 41.8809869, -8.5250417 41.881126, -8.5250417 41.8816962, -8.525023 41.8819605, -8.5249295 41.882235)"
621646638,residential,False,False,277.884,"LINESTRING (-8.5255786 41.8806853, -8.5257288 41.8806629, -8.5259517 41.8806382, -8.5260643 41.8807011, -8.5261651 41.880766, -8.526239 41.8808391, -8.5263086 41.8809143, -8.5263725 41.8810368, -8.5264378 41.8811853, -8.5264992 41.8812644, -8.5265857 41.881531, -8.5268117 41.8816748, -8.5271161 41.8818371, -8.5273759 41.8819552, -8.5274333 41.8819829, -8.5274546 41.8820076, -8.5274633 41.882058, -8.5274534 41.8821456, -8.5275281 41.8821824, -8.5277397 41.8822303)"
621646637,unclassified,False,True,194.32600000000002,"LINESTRING (-8.5249295 41.882235, -8.525023 41.8819605, -8.5250417 41.8816962, -8.5250417 41.881126, -8.5250603 41.8809869, -8.5255786 41.8806853)"
