osmid,highway,oneway,reversed,length,geometry
670340441,residential,False,True,350.19700000000006,"LINESTRING (-71.4888364 19.4044305, -71.4889115 19.4043242, -71.4890403 19.4042129, -71.4892119 19.4040814, -71.4894372 19.4038689, -71.4895606 19.40354, -71.489684 19.4030998, -71.489979 19.4026039, -71.4902097 19.4021941, -71.4903277 19.4019613, -71.4904887 19.401759)"
670340441,residential,False,False,350.1970000000001,"LINESTRING (-71.4904887 19.401759, -71.4903277 19.4019613, -71.4902097 19.4021941, -71.489979 19.4026039, -71.489684 19.4030998, -71.4895606 19.40354, -71.4894372 19.4038689, -71.4892119 19.4040814, -71.4890403 19.4042129, -71.4889115 19.4043242, -71.4888364 19.4044305)"
