osmid,highway,oneway,reversed,length,geometry,bridge
156410885,unclassified,False,True,288.005,"LINESTRING (-70.9564356 19.6313215, -70.9565822 19.6313476, -70.9570543 19.6314386, -70.9574531 19.6315583, -70.9578751 19.6317164, -70.9583203 19.6318933, -70.9590103 19.6321999)",
"[1193892004, 1193892005]",unclassified,False,True,57.473,"LINESTRING (-70.9564356 19.6313215, -70.9564582 19.630924, -70.9564581 19.6308052)",yes
1193891996,unclassified,False,True,11.617,"LINESTRING (-70.9564581 19.6308052, -70.9565172 19.6308103, -70.9565687 19.6308129)",
"[1193892004, 1193892005]",unclassified,False,False,57.473,"LINESTRING (-70.9564581 19.6308052, -70.9564582 19.630924, -70.9564356 19.6313215)",yes
1193891996,unclassified,False,False,11.617,"LINESTRING (-70.9565687 19.6308129, -70.9565172 19.6308103, -70.9564581 19.6308052)",
"[1193891995, 1193891996]",unclassified,False,True,560.459,"LINESTRING (-70.9565687 19.6308129, -70.956654 19.6308204, -70.9590277 19.6310831, -70.9610689 19.6312751, -70.9612432 19.6312979, -70.9614095 19.6313434, -70.9618494 19.6315126)",yes
"[1193891995, 1193891996]",unclassified,False,False,560.459,"LINESTRING (-70.9618494 19.6315126, -70.9614095 19.6313434, -70.9612432 19.6312979, -70.9610689 19.6312751, -70.9590277 19.6310831, -70.956654 19.6308204, -70.9565687 19.6308129)",yes
156410885,unclassified,False,False,288.005,"LINESTRING (-70.9590103 19.6321999, -70.9583203 19.6318933, -70.9578751 19.6317164, -70.9574531 19.6315583, -70.9570543 19.6314386, -70.9565822 19.6313476, -70.9564356 19.6313215)",
