osmid,highway,oneway,reversed,length,geometry
48715951,residential,False,False,349.35,"LINESTRING (-71.6483125 18.8268641, -71.6483822 18.827382, -71.6484949 18.8278111, -71.6486532 18.8282249, -71.6487095 18.8287884, -71.6487363 18.8289205, -71.6488194 18.8290652, -71.6491225 18.8294485, -71.6492003 18.8296034, -71.6492432 18.8298216)"
1025058857,unclassified,False,True,292.525,"LINESTRING (-71.6483125 18.8268641, -71.6482696 18.8265239, -71.6482052 18.826001, -71.6481864 18.8257496, -71.6482696 18.8254551, -71.6483796 18.8250642, -71.6486209 18.8242972)"
1025058857,unclassified,False,False,292.525,"LINESTRING (-71.6486209 18.8242972, -71.6483796 18.8250642, -71.6482696 18.8254551, -71.6481864 18.8257496, -71.6482052 18.826001, -71.6482696 18.8265239, -71.6483125 18.8268641)"
48715951,residential,False,True,349.35,"LINESTRING (-71.6492432 18.8298216, -71.6492003 18.8296034, -71.6491225 18.8294485, -71.6488194 18.8290652, -71.6487363 18.8289205, -71.6487095 18.8287884, -71.6486532 18.8282249, -71.6484949 18.8278111, -71.6483822 18.827382, -71.6483125 18.8268641)"
