osmid,name,highway,oneway,reversed,length,geometry
179534531,Camino Los Lanos,tertiary,False,False,356.436,"LINESTRING (-70.0747705 19.2329686, -70.0743199 19.2336879, -70.0737513 19.2342486, -70.0733543 19.2346198, -70.0731719 19.2348427, -70.073129 19.2352985, -70.0731719 19.2356227)"
179534531,Camino Los Lanos,tertiary,False,True,356.436,"LINESTRING (-70.0731719 19.2356227, -70.073129 19.2352985, -70.0731719 19.2348427, -70.0733543 19.2346198, -70.0737513 19.2342486, -70.0743199 19.2336879, -70.0747705 19.2329686)"
