osmid,highway,oneway,reversed,length,ref,name,geometry
275860092,residential,False,False,89.884,,,"LINESTRING (-69.9078003 19.2537623, -69.9076189 19.2529723)"
152250317,primary,False,False,360.269,RD-132,Nagua - San Fco. Macorís,"LINESTRING (-69.9078003 19.2537623, -69.9066442 19.2540222, -69.9064779 19.254045, -69.9063063 19.2540551, -69.9060944 19.2540551, -69.9057162 19.2540324, -69.9044073 19.2539387)"
275860092,residential,False,True,89.884,,,"LINESTRING (-69.9076189 19.2529723, -69.9078003 19.2537623)"
275860093,residential,False,False,375.64799999999997,,,"LINESTRING (-69.9076189 19.2529723, -69.9073933 19.2531061, -69.9069267 19.2531472, -69.9056771 19.2531136, -69.9052778 19.2532779, -69.9047242 19.2535429, -69.9045581 19.2536661, -69.9044073 19.2539387)"
152250317,primary,False,True,360.269,RD-132,Nagua - San Fco. Macorís,"LINESTRING (-69.9044073 19.2539387, -69.9057162 19.2540324, -69.9060944 19.2540551, -69.9063063 19.2540551, -69.9064779 19.254045, -69.9066442 19.2540222, -69.9078003 19.2537623)"
275860093,residential,False,True,375.648,,,"LINESTRING (-69.9044073 19.2539387, -69.9045581 19.2536661, -69.9047242 19.2535429, -69.9052778 19.2532779, -69.9056771 19.2531136, -69.9069267 19.2531472, -69.9073933 19.2531061, -69.9076189 19.2529723)"
