osmid,highway,oneway,reversed,length,geometry
321724639,residential,False,True,241.329,"LINESTRING (-71.1206895 18.1205469, -71.120077 18.1226377)"
321724638,residential,False,True,144.574,"LINESTRING (-71.1201479 18.1213612, -71.1197752 18.1226122)"
321724638,residential,False,False,144.574,"LINESTRING (-71.1197752 18.1226122, -71.1201479 18.1213612)"
321724636,tertiary,False,True,32.938,"LINESTRING (-71.1197752 18.1226122, -71.11995 18.1226613, -71.120077 18.1226377)"
321724639,residential,False,False,241.329,"LINESTRING (-71.120077 18.1226377, -71.1206895 18.1205469)"
321724636,tertiary,False,False,32.938,"LINESTRING (-71.120077 18.1226377, -71.11995 18.1226613, -71.1197752 18.1226122)"
