osmid,oneway,highway,reversed,length,geometry
560214543,False,tertiary,True,346.695,"LINESTRING (-70.8360433 18.3503916, -70.8360573 18.349716, -70.836087 18.3494359, -70.8362128 18.3480716, -70.8363 18.3472848)"
560214543,False,tertiary,False,346.69500000000005,"LINESTRING (-70.8363 18.3472848, -70.8362128 18.3480716, -70.836087 18.3494359, -70.8360573 18.349716, -70.8360433 18.3503916)"
