osmid,name,highway,maxspeed,oneway,reversed,length,geometry
262869081,Idrottsgatan,residential,30,False,False,33.079,"LINESTRING (21.6767369 65.8292465, 21.6774533 65.829296)"
262869081,Idrottsgatan,residential,30,False,True,63.28900000000001,"LINESTRING (21.6767369 65.8292465, 21.6768951 65.8293115, 21.6769868 65.8293648, 21.6770486 65.8294081, 21.6771084 65.8294355, 21.6771819 65.8294475, 21.6772833 65.829456, 21.6773893 65.8294518, 21.6774603 65.8294407, 21.6775222 65.8294146, 21.6775433 65.8293902, 21.6775506 65.8293577, 21.6775494 65.8293345, 21.6775177 65.8293097, 21.6774533 65.829296)"
262869081,Idrottsgatan,residential,30,False,True,71.44,"LINESTRING (21.6767369 65.8292465, 21.6754436 65.8291571, 21.6751897 65.8291396)"
262869081,Idrottsgatan,residential,30,False,True,33.079,"LINESTRING (21.6774533 65.829296, 21.6767369 65.8292465)"
262869081,Idrottsgatan,residential,30,False,False,63.289,"LINESTRING (21.6774533 65.829296, 21.6775177 65.8293097, 21.6775494 65.8293345, 21.6775506 65.8293577, 21.6775433 65.8293902, 21.6775222 65.8294146, 21.6774603 65.8294407, 21.6773893 65.8294518, 21.6772833 65.829456, 21.6771819 65.8294475, 21.6771084 65.8294355, 21.6770486 65.8294081, 21.6769868 65.8293648, 21.6768951 65.8293115, 21.6767369 65.8292465)"
262869081,Idrottsgatan,residential,30,False,True,12.421,"LINESTRING (21.6751897 65.8291396, 21.6749217 65.8291605)"
262869081,Idrottsgatan,residential,30,False,False,71.44,"LINESTRING (21.6751897 65.8291396, 21.6754436 65.8291571, 21.6767369 65.8292465)"
262869081,Idrottsgatan,residential,30,False,False,12.421,"LINESTRING (21.6749217 65.8291605, 21.6751897 65.8291396)"
