osmid,highway,oneway,reversed,length,geometry
1189222903,unclassified,False,True,102.58500000000001,"LINESTRING (13.1884948 59.5672279, 13.1884479 59.5671505, 13.1884403 59.5670495, 13.188448 59.5669215, 13.1884682 59.5668645, 13.1885359 59.5667508, 13.1885804 59.5667002, 13.1887236 59.5665771, 13.1887753 59.5665089, 13.1888028 59.5664482, 13.1887935 59.5663953, 13.1887706 59.5663476)"
792691382,unclassified,False,True,313.07099999999997,"LINESTRING (13.1887706 59.5663476, 13.1886895 59.5663351, 13.1885828 59.5663066, 13.1882736 59.566204, 13.1879045 59.5660685, 13.1878343 59.5660314, 13.1877529 59.5660012, 13.18762 59.5659358, 13.1874791 59.56589, 13.1873911 59.5658749, 13.1872091 59.5658612, 13.1868363 59.5658649, 13.1866076 59.5658626, 13.1861033 59.5658665, 13.1849733 59.5658904, 13.1847333 59.5658904, 13.1846317 59.5658862, 13.1843576 59.5658906, 13.1841815 59.5659004, 13.1840267 59.5659175, 13.1837989 59.5659375, 13.1837146 59.5659358, 13.183546 59.5659324, 13.1835245 59.5659292)"
1189222903,unclassified,False,False,102.585,"LINESTRING (13.1887706 59.5663476, 13.1887935 59.5663953, 13.1888028 59.5664482, 13.1887753 59.5665089, 13.1887236 59.5665771, 13.1885804 59.5667002, 13.1885359 59.5667508, 13.1884682 59.5668645, 13.188448 59.5669215, 13.1884403 59.5670495, 13.1884479 59.5671505, 13.1884948 59.5672279)"
792691382,unclassified,False,False,313.071,"LINESTRING (13.1835245 59.5659292, 13.183546 59.5659324, 13.1837146 59.5659358, 13.1837989 59.5659375, 13.1840267 59.5659175, 13.1841815 59.5659004, 13.1843576 59.5658906, 13.1846317 59.5658862, 13.1847333 59.5658904, 13.1849733 59.5658904, 13.1861033 59.5658665, 13.1866076 59.5658626, 13.1868363 59.5658649, 13.1872091 59.5658612, 13.1873911 59.5658749, 13.1874791 59.56589, 13.18762 59.5659358, 13.1877529 59.5660012, 13.1878343 59.5660314, 13.1879045 59.5660685, 13.1882736 59.566204, 13.1885828 59.5663066, 13.1886895 59.5663351, 13.1887706 59.5663476)"
