osmid,highway,oneway,reversed,length,geometry
372082973,unclassified,False,True,75.98,"LINESTRING (12.474663 58.7138495, 12.4734716 58.7135595)"
372082973,unclassified,False,False,75.98,"LINESTRING (12.4734716 58.7135595, 12.474663 58.7138495)"
