osmid,name,highway,maxspeed,oneway,reversed,length,geometry
149883534,Ernst Alms v채g,unclassified,50,False,True,285.137,"LINESTRING (19.4990177 64.9121822, 19.4989037 64.9126344, 19.4985858 64.9129297, 19.4978657 64.9131983, 19.4964323 64.9134335, 19.4961105 64.9134863, 19.4948341 64.9136957)"
173200746,Snickargatan,unclassified,50,False,False,297.935,"LINESTRING (19.4990177 64.9121822, 19.5000799 64.9121963, 19.5015712 64.911962, 19.5036365 64.9116253, 19.5040281 64.9115844, 19.5045377 64.9115821, 19.5050781 64.9115825)"
149883534,Ernst Alms v채g,unclassified,50,False,False,349.004,"LINESTRING (19.4901961 64.9160835, 19.490748 64.915759, 19.4916937 64.915203, 19.4925219 64.9147111, 19.4941352 64.9138103, 19.4948341 64.9136957)"
173200746,Snickargatan,unclassified,50,False,True,297.935,"LINESTRING (19.5050781 64.9115825, 19.5045377 64.9115821, 19.5040281 64.9115844, 19.5036365 64.9116253, 19.5015712 64.911962, 19.5000799 64.9121963, 19.4990177 64.9121822)"
149883534,Ernst Alms v채g,unclassified,50,False,False,285.137,"LINESTRING (19.4948341 64.9136957, 19.4961105 64.9134863, 19.4964323 64.9134335, 19.4978657 64.9131983, 19.4985858 64.9129297, 19.4989037 64.9126344, 19.4990177 64.9121822)"
149883534,Ernst Alms v채g,unclassified,50,False,True,349.00399999999996,"LINESTRING (19.4948341 64.9136957, 19.4941352 64.9138103, 19.4925219 64.9147111, 19.4916937 64.915203, 19.490748 64.915759, 19.4901961 64.9160835)"
187006094,,unclassified,,False,False,118.478,"LINESTRING (19.4948341 64.9136957, 19.4952918 64.9141254, 19.4954476 64.9141657, 19.4964277 64.9144233, 19.4964833 64.9144379)"
187006094,,unclassified,,False,True,118.47799999999998,"LINESTRING (19.4964833 64.9144379, 19.4964277 64.9144233, 19.4954476 64.9141657, 19.4952918 64.9141254, 19.4948341 64.9136957)"
