osmid,ref,name,highway,maxspeed,oneway,reversed,length,geometry
27347572,K 522,Gammalstorpsv채gen,tertiary,70,False,False,308.34099999999995,"LINESTRING (14.6175575 56.101197, 14.6173035 56.1007174, 14.6172201 56.1004828, 14.6171126 56.1001477, 14.6170316 56.0999203, 14.6169653 56.0996669, 14.6169304 56.0994326, 14.6169044 56.0991548, 14.6168878 56.0988598, 14.6168344 56.0986026, 14.6168061 56.0985111, 14.6167923 56.0984666)"
27347572,K 522,Gammalstorpsv채gen,tertiary,70,False,True,375.695,"LINESTRING (14.6175575 56.101197, 14.6176664 56.1014881, 14.617781 56.101807, 14.6178427 56.102035, 14.6178743 56.1021518, 14.6179735 56.1025229, 14.6180951 56.1028299, 14.6183209 56.1033077, 14.6183601 56.1033907, 14.6185805 56.1038151, 14.6186489 56.1039465, 14.6187396 56.1041208, 14.6189115 56.1044861)"
27347572,K 522,Gammalstorpsv채gen,tertiary,70,False,False,375.69499999999994,"LINESTRING (14.6189115 56.1044861, 14.6187396 56.1041208, 14.6186489 56.1039465, 14.6185805 56.1038151, 14.6183601 56.1033907, 14.6183209 56.1033077, 14.6180951 56.1028299, 14.6179735 56.1025229, 14.6178743 56.1021518, 14.6178427 56.102035, 14.617781 56.101807, 14.6176664 56.1014881, 14.6175575 56.101197)"
27347572,K 522,Gammalstorpsv채gen,tertiary,70,False,True,308.341,"LINESTRING (14.6167923 56.0984666, 14.6168061 56.0985111, 14.6168344 56.0986026, 14.6168878 56.0988598, 14.6169044 56.0991548, 14.6169304 56.0994326, 14.6169653 56.0996669, 14.6170316 56.0999203, 14.6171126 56.1001477, 14.6172201 56.1004828, 14.6173035 56.1007174, 14.6175575 56.101197)"
