osmid,name,highway,maxspeed,oneway,reversed,length,geometry
118899367,Ökenvägen,residential,40,False,False,144.947,"LINESTRING (13.9398763 55.5442783, 13.94019 55.5429869)"
118899367,Ökenvägen,residential,40,False,True,144.947,"LINESTRING (13.94019 55.5429869, 13.9398763 55.5442783)"
118899367,Ökenvägen,residential,40,False,False,100.869,"LINESTRING (13.94019 55.5429869, 13.9403617 55.5422706, 13.9403916 55.5420871)"
118899367,Ökenvägen,residential,40,False,True,147.023,"LINESTRING (13.9404797 55.5403219, 13.9403981 55.5416433)"
118899367,Ökenvägen,residential,40,False,False,147.023,"LINESTRING (13.9403981 55.5416433, 13.9404797 55.5403219)"
118899367,Ökenvägen,residential,40,False,True,49.836,"LINESTRING (13.9403981 55.5416433, 13.9403462 55.5419826, 13.9403916 55.5420871)"
118899367,Ökenvägen,residential,40,False,False,49.836,"LINESTRING (13.9403916 55.5420871, 13.9403462 55.5419826, 13.9403981 55.5416433)"
118899367,Ökenvägen,residential,40,False,True,100.869,"LINESTRING (13.9403916 55.5420871, 13.9403617 55.5422706, 13.94019 55.5429869)"
