osmid,highway,oneway,reversed,length,geometry
784145298,unclassified,False,False,368.75600000000003,"LINESTRING (20.9982631 65.7027647, 20.9980067 65.7027175, 20.9978716 65.7026595, 20.9978466 65.7026422, 20.99758 65.7023983, 20.9974795 65.7022914, 20.9973108 65.7020722, 20.99726 65.7019758, 20.9972485 65.7017834, 20.9973094 65.701507, 20.9972854 65.701334, 20.9971512 65.7010988, 20.9971641 65.7009421, 20.9972324 65.7006885, 20.9972304 65.7005629, 20.9971843 65.7004706, 20.997064 65.7003827, 20.9968306 65.7002938, 20.9964935 65.7002149, 20.9961683 65.7001625, 20.995675 65.700105, 20.9954001 65.7000474)"
784145298,unclassified,False,True,368.756,"LINESTRING (20.9954001 65.7000474, 20.995675 65.700105, 20.9961683 65.7001625, 20.9964935 65.7002149, 20.9968306 65.7002938, 20.997064 65.7003827, 20.9971843 65.7004706, 20.9972304 65.7005629, 20.9972324 65.7006885, 20.9971641 65.7009421, 20.9971512 65.7010988, 20.9972854 65.701334, 20.9973094 65.701507, 20.9972485 65.7017834, 20.99726 65.7019758, 20.9973108 65.7020722, 20.9974795 65.7022914, 20.99758 65.7023983, 20.9978466 65.7026422, 20.9978716 65.7026595, 20.9980067 65.7027175, 20.9982631 65.7027647)"
