osmid,ref,highway,oneway,reversed,length,bridge,geometry
"[791783032, 692504460, 692504461]","['15', '205']",primary,False,True,268.313,yes,"LINESTRING (40.8391094 20.7386148, 40.8389596 20.7385355, 40.8385388 20.7383103, 40.8382517 20.7381525, 40.8378582 20.7378723, 40.8375967 20.7375916, 40.8371808 20.7370679)"
"[791783032, 692504460, 692504461]","['15', '205']",primary,False,False,268.313,yes,"LINESTRING (40.8371808 20.7370679, 40.8375967 20.7375916, 40.8378582 20.7378723, 40.8382517 20.7381525, 40.8385388 20.7383103, 40.8389596 20.7385355, 40.8391094 20.7386148)"
