osmid,name,highway,oneway,reversed,length,geometry
6846105,Haerderweg,unclassified,False,True,139.788,"LINESTRING (5.8438928 52.411175, 5.8444992 52.4114396, 5.8446332 52.4114777, 5.844736 52.4114901, 5.8451915 52.4115213, 5.84563 52.41155, 5.84579 52.41157)"
6846105,Haerderweg,unclassified,False,False,139.788,"LINESTRING (5.84579 52.41157, 5.84563 52.41155, 5.8451915 52.4115213, 5.844736 52.4114901, 5.8446332 52.4114777, 5.8444992 52.4114396, 5.8438928 52.411175)"
