osmid,ref,name,highway,maxspeed,oneway,reversed,length,geometry
186864683,B167,Kadawalagedara - Vitikuliya Road,secondary,50,False,False,103.648,"LINESTRING (80.1262091 7.6555546, 80.1263057 7.6564818)"
186864683,B167,Kadawalagedara - Vitikuliya Road,secondary,50,False,True,103.648,"LINESTRING (80.1263057 7.6564818, 80.1262091 7.6555546)"
312218852,,,residential,30,False,True,477.60099999999994,"LINESTRING (80.1263057 7.6564818, 80.1260695 7.6565002, 80.125576 7.6564364, 80.1249323 7.656447, 80.1229689 7.6565853, 80.1219819 7.6565959)"
312218852,,,residential,30,False,False,477.601,"LINESTRING (80.1219819 7.6565959, 80.1229689 7.6565853, 80.1249323 7.656447, 80.125576 7.6564364, 80.1260695 7.6565002, 80.1263057 7.6564818)"
