osmid,ref,name,highway,maxspeed,oneway,reversed,length,geometry
191924549,B159,Ibbagamuwa-Kumbukgete-Madagalla Road,secondary,50,False,True,444.48400000000004,"LINESTRING (80.4250019 7.6760011, 80.4249268 7.6770536, 80.4245835 7.6783614, 80.4242332 7.6792615, 80.4239536 7.679823)"
249319473,,Kumbukgate Boraluwa Road,residential,40,False,False,233.226,"LINESTRING (80.4250019 7.6760011, 80.4252103 7.6760602, 80.425635 7.6762496, 80.4259394 7.6762706, 80.4263358 7.6763759, 80.4270507 7.676446)"
249319473,,Kumbukgate Boraluwa Road,residential,40,False,True,233.226,"LINESTRING (80.4270507 7.676446, 80.4263358 7.6763759, 80.4259394 7.6762706, 80.425635 7.6762496, 80.4252103 7.6760602, 80.4250019 7.6760011)"
191924549,B159,Ibbagamuwa-Kumbukgete-Madagalla Road,secondary,50,False,False,444.484,"LINESTRING (80.4239536 7.679823, 80.4242332 7.6792615, 80.4245835 7.6783614, 80.4249268 7.6770536, 80.4250019 7.6760011)"
