osmid,ref,name,highway,maxspeed,oneway,reversed,length,geometry
1228038412,AA005,Peradeniya Chenkaladi Road,trunk,60,False,False,113.744,"LINESTRING (81.3568912 7.5317913, 81.3560829 7.5311555)"
1228038412,AA005,Peradeniya Chenkaladi Road,trunk,60,False,True,113.744,"LINESTRING (81.3560829 7.5311555, 81.3568912 7.5317913)"
1228038412,AA005,Peradeniya Chenkaladi Road,trunk,60,False,False,470.597,"LINESTRING (81.3560829 7.5311555, 81.3544054 7.5296866, 81.3541747 7.5293522, 81.3538907 7.5289499, 81.3536372 7.5286502, 81.3531201 7.5281361)"
1228038412,AA005,Peradeniya Chenkaladi Road,trunk,60,False,True,470.597,"LINESTRING (81.3531201 7.5281361, 81.3536372 7.5286502, 81.3538907 7.5289499, 81.3541747 7.5293522, 81.3544054 7.5296866, 81.3560829 7.5311555)"
