osmid,ref,name,highway,maxspeed,oneway,reversed,length,geometry
507709803,B312,Naula - Elahera - Pallegama - Hettipola Road,secondary,50,False,True,212.774,"LINESTRING (80.6622671 7.7025988, 80.6631468 7.7021717, 80.6633882 7.7021212, 80.6637946 7.7018779, 80.6639018 7.7018374, 80.6640165 7.7018281)"
503531624,,,residential,,False,False,201.97299999999998,"LINESTRING (80.6640165 7.7018281, 80.6639967 7.7015137, 80.6638733 7.7012107, 80.6636748 7.7008067, 80.6634817 7.7004612, 80.6632904 7.7001907)"
507709803,B312,Naula - Elahera - Pallegama - Hettipola Road,secondary,50,False,False,212.774,"LINESTRING (80.6640165 7.7018281, 80.6639018 7.7018374, 80.6637946 7.7018779, 80.6633882 7.7021212, 80.6631468 7.7021717, 80.6622671 7.7025988)"
503531621,,,residential,,False,False,141.4,"LINESTRING (80.663369 7.6976171, 80.6634173 7.6972715, 80.6633637 7.697011, 80.6634227 7.696724, 80.6633798 7.6963625)"
503531621,,,residential,,False,True,309.287,"LINESTRING (80.663369 7.6976171, 80.6632296 7.6980371, 80.6630203 7.6984677, 80.6629935 7.699079, 80.6630686 7.6993076, 80.6633315 7.6997435, 80.6633851 7.6999083, 80.6633529 7.7001688, 80.6632904 7.7001907)"
503531621,,,residential,,False,True,141.4,"LINESTRING (80.6633798 7.6963625, 80.6634227 7.696724, 80.6633637 7.697011, 80.6634173 7.6972715, 80.663369 7.6976171)"
503531621,,,residential,,False,False,309.28700000000003,"LINESTRING (80.6632904 7.7001907, 80.6633529 7.7001688, 80.6633851 7.6999083, 80.6633315 7.6997435, 80.6630686 7.6993076, 80.6629935 7.699079, 80.6630203 7.6984677, 80.6632296 7.6980371, 80.663369 7.6976171)"
503531624,,,residential,,False,True,201.97299999999998,"LINESTRING (80.6632904 7.7001907, 80.6634817 7.7004612, 80.6636748 7.7008067, 80.6638733 7.7012107, 80.6639967 7.7015137, 80.6640165 7.7018281)"
