osmid,highway,oneway,reversed,length,geometry
915755329,residential,False,False,105.979,"LINESTRING (48.5426922 34.0472827, 48.542722 34.0474523, 48.5428449 34.0477108, 48.5428449 34.0478798, 48.542803 34.0480339, 48.542719 34.0481855, 48.5427081 34.04819)"
915755329,residential,False,True,93.065,"LINESTRING (48.5418641 34.0486478, 48.5425533 34.0482545, 48.5427081 34.04819)"
915755329,residential,False,False,93.065,"LINESTRING (48.5427081 34.04819, 48.5425533 34.0482545, 48.5418641 34.0486478)"
915755329,residential,False,True,105.979,"LINESTRING (48.5427081 34.04819, 48.542719 34.0481855, 48.542803 34.0480339, 48.5428449 34.0478798, 48.5428449 34.0477108, 48.542722 34.0474523, 48.5426922 34.0472827)"
915755330,residential,False,False,67.203,"LINESTRING (48.5427081 34.04819, 48.5429889 34.0484539, 48.5431923 34.048642)"
915755330,residential,False,True,67.203,"LINESTRING (48.5431923 34.048642, 48.5429889 34.0484539, 48.5427081 34.04819)"
