osmid,highway,oneway,reversed,length,geometry
629969698,residential,False,True,516.783,"LINESTRING (53.8613238 26.8806641, 53.8610691 26.8806367, 53.861063 26.8808639, 53.8610016 26.881603, 53.8609464 26.8817563, 53.8607438 26.8819205, 53.8606855 26.8820136, 53.8606549 26.8821805, 53.8606119 26.8822818, 53.8602989 26.882561, 53.8597588 26.8831905, 53.8596882 26.8833958, 53.8596851 26.8837215, 53.8597189 26.8840117, 53.8596421 26.8842115, 53.8595992 26.8843839, 53.8596113 26.8846372)"
629969698,residential,False,False,516.783,"LINESTRING (53.8596113 26.8846372, 53.8595992 26.8843839, 53.8596421 26.8842115, 53.8597189 26.8840117, 53.8596851 26.8837215, 53.8596882 26.8833958, 53.8597588 26.8831905, 53.8602989 26.882561, 53.8606119 26.8822818, 53.8606549 26.8821805, 53.8606855 26.8820136, 53.8607438 26.8819205, 53.8609464 26.8817563, 53.8610016 26.881603, 53.861063 26.8808639, 53.8610691 26.8806367, 53.8613238 26.8806641)"
