osmid,highway,oneway,reversed,length,geometry
326766295,unclassified,False,False,246.768,"LINESTRING (47.9507647 33.933163, 47.9518454 33.9330325, 47.9519849 33.9329791, 47.9522102 33.9331037, 47.9525857 33.933255, 47.9530041 33.9332728, 47.953326 33.9332728)"
326766295,unclassified,False,True,246.76800000000003,"LINESTRING (47.953326 33.9332728, 47.9530041 33.9332728, 47.9525857 33.933255, 47.9522102 33.9331037, 47.9519849 33.9329791, 47.9518454 33.9330325, 47.9507647 33.933163)"
