osmid,highway,oneway,reversed,length,geometry
767918437,tertiary,False,False,758.3219999999999,"LINESTRING (48.58758 33.3354898, 48.5876543 33.3354991, 48.5877116 33.3354942, 48.5877675 33.3354712, 48.5878188 33.3354394, 48.5879012 33.3353492, 48.588014 33.3352003, 48.5881303 33.3350099, 48.5881787 33.3349616, 48.5884139 33.3348117, 48.588781 33.3346351, 48.5892272 33.334438, 48.5899578 33.3341365, 48.5900704 33.3340811, 48.5905524 33.3336566, 48.5912156 33.3330297, 48.591459 33.332844, 48.5917275 33.332639, 48.5918186 33.33256, 48.5919168 33.3324539, 48.5920251 33.3322715, 48.5921368 33.3320962, 48.5923145 33.3318233, 48.5923728 33.3317669, 48.5924794 33.331675, 48.592581 33.3316312, 48.5928196 33.331487, 48.592889 33.3314184, 48.5929567 33.3313208, 48.5929956 33.3312119, 48.5930598 33.3308093)"
767918437,tertiary,False,True,758.3219999999999,"LINESTRING (48.5930598 33.3308093, 48.5929956 33.3312119, 48.5929567 33.3313208, 48.592889 33.3314184, 48.5928196 33.331487, 48.592581 33.3316312, 48.5924794 33.331675, 48.5923728 33.3317669, 48.5923145 33.3318233, 48.5921368 33.3320962, 48.5920251 33.3322715, 48.5919168 33.3324539, 48.5918186 33.33256, 48.5917275 33.332639, 48.591459 33.332844, 48.5912156 33.3330297, 48.5905524 33.3336566, 48.5900704 33.3340811, 48.5899578 33.3341365, 48.5892272 33.334438, 48.588781 33.3346351, 48.5884139 33.3348117, 48.5881787 33.3349616, 48.5881303 33.3350099, 48.588014 33.3352003, 48.5879012 33.3353492, 48.5878188 33.3354394, 48.5877675 33.3354712, 48.5877116 33.3354942, 48.5876543 33.3354991, 48.58758 33.3354898)"
767918441,unclassified,False,False,242.915,"LINESTRING (48.5930598 33.3308093, 48.5928494 33.3307135, 48.5927341 33.3306458, 48.5925868 33.330533, 48.5924764 33.3304448, 48.5923856 33.3304059, 48.5922481 33.3303915, 48.592091 33.3304243, 48.5917663 33.3304663, 48.5916755 33.3304581, 48.5916019 33.3303883, 48.5914718 33.3302653, 48.5912473 33.3300508, 48.5911344 33.3299011, 48.5909734 33.3298041)"
767918441,unclassified,False,True,242.91499999999996,"LINESTRING (48.5909734 33.3298041, 48.5911344 33.3299011, 48.5912473 33.3300508, 48.5914718 33.3302653, 48.5916019 33.3303883, 48.5916755 33.3304581, 48.5917663 33.3304663, 48.592091 33.3304243, 48.5922481 33.3303915, 48.5923856 33.3304059, 48.5924764 33.3304448, 48.5925868 33.330533, 48.5927341 33.3306458, 48.5928494 33.3307135, 48.5930598 33.3308093)"
