osmid,highway,oneway,reversed,length,geometry
660262099,residential,False,False,133.471,"LINESTRING (48.5197955 33.6670031, 48.5195538 33.6667728, 48.5194676 33.6665728, 48.5193135 33.6663831, 48.5191502 33.6662471, 48.5191102 33.6662138, 48.5188915 33.6661018)"
660262099,residential,False,True,113.483,"LINESTRING (48.5183646 33.6664908, 48.5181859 33.6661471, 48.5182783 33.6660548, 48.5185617 33.6660651, 48.5187897 33.6660497, 48.5188915 33.6661018)"
660262099,residential,False,False,113.483,"LINESTRING (48.5188915 33.6661018, 48.5187897 33.6660497, 48.5185617 33.6660651, 48.5182783 33.6660548, 48.5181859 33.6661471, 48.5183646 33.6664908)"
660262099,residential,False,True,133.471,"LINESTRING (48.5188915 33.6661018, 48.5191102 33.6662138, 48.5191502 33.6662471, 48.5193135 33.6663831, 48.5194676 33.6665728, 48.5195538 33.6667728, 48.5197955 33.6670031)"
"[660262104, 660262106]",residential,False,False,92.874,"LINESTRING (48.5188915 33.6661018, 48.5189727 33.6660142, 48.5185679 33.6653727)"
"[660262104, 660262106]",residential,False,True,92.874,"LINESTRING (48.5185679 33.6653727, 48.5189727 33.6660142, 48.5188915 33.6661018)"
