osmid,highway,oneway,reversed,length,geometry
285377064,residential,False,False,42.441,"LINESTRING (-90.8069094 14.9991865, -90.8069363 14.9990679, -90.8069426 14.9989581, -90.806964 14.9988908, -90.807021 14.9988329)"
285377064,residential,False,True,42.440999999999995,"LINESTRING (-90.807021 14.9988329, -90.806964 14.9988908, -90.8069426 14.9989581, -90.8069363 14.9990679, -90.8069094 14.9991865)"
