osmid,highway,oneway,reversed,length,geometry
252212897,residential,False,True,30.68,"LINESTRING (-90.6555605 14.7864296, -90.655306 14.7863048)"
252212897,residential,False,False,30.68,"LINESTRING (-90.655306 14.7863048, -90.6555605 14.7864296)"
