osmid,highway,oneway,reversed,length,geometry
1116577592,tertiary_link,False,True,246.05200000000002,"LINESTRING (-90.8843109 15.0918165, -90.8845017 15.0917338, -90.884783 15.0916119, -90.8849171 15.0916068, -90.8852014 15.0915731, -90.8853784 15.0914462, -90.8855984 15.0912002, -90.886167 15.0906615)"
1116577592,tertiary_link,False,False,246.05200000000002,"LINESTRING (-90.886167 15.0906615, -90.8855984 15.0912002, -90.8853784 15.0914462, -90.8852014 15.0915731, -90.8849171 15.0916068, -90.884783 15.0916119, -90.8845017 15.0917338, -90.8843109 15.0918165)"
