osmid,oneway,highway,reversed,length,geometry
373914982,False,unclassified,True,950.268,"LINESTRING (38.6536718 9.4290881, 38.6532275 9.4289955, 38.6527388 9.4299256, 38.652107 9.4305733, 38.6513468 9.4320098, 38.6505422 9.4330519, 38.649718 9.434649, 38.6492864 9.4355122, 38.6496611 9.4357967)"
674535649,False,tertiary,False,875.6429999999999,"LINESTRING (38.6536718 9.4290881, 38.6535898 9.4293254, 38.6533468 9.42981, 38.6530848 9.4306453, 38.6529438 9.4310926, 38.6527928 9.4314806, 38.6526396 9.4316975, 38.6523755 9.4321159, 38.6513945 9.4335677, 38.6509589 9.4342715, 38.6505033 9.4349357, 38.6496611 9.4357967)"
373914982,False,unclassified,False,950.268,"LINESTRING (38.6496611 9.4357967, 38.6492864 9.4355122, 38.649718 9.434649, 38.6505422 9.4330519, 38.6513468 9.4320098, 38.652107 9.4305733, 38.6527388 9.4299256, 38.6532275 9.4289955, 38.6536718 9.4290881)"
674535649,False,tertiary,True,875.643,"LINESTRING (38.6496611 9.4357967, 38.6505033 9.4349357, 38.6509589 9.4342715, 38.6513945 9.4335677, 38.6523755 9.4321159, 38.6526396 9.4316975, 38.6527928 9.4314806, 38.6529438 9.4310926, 38.6530848 9.4306453, 38.6533468 9.42981, 38.6535898 9.4293254, 38.6536718 9.4290881)"
