osmid,highway,oneway,reversed,length,geometry
1146808486,residential,False,True,201.947,"LINESTRING (66.2083904 36.907845, 66.2085351 36.9078458, 66.2087497 36.9078008, 66.2089026 36.9077236, 66.2096804 36.9073075, 66.2098762 36.9071788, 66.2100774 36.9070952, 66.2102544 36.9070265, 66.2103081 36.9069487)"
1146808486,residential,False,False,201.947,"LINESTRING (66.2103081 36.9069487, 66.2102544 36.9070265, 66.2100774 36.9070952, 66.2098762 36.9071788, 66.2096804 36.9073075, 66.2089026 36.9077236, 66.2087497 36.9078008, 66.2085351 36.9078458, 66.2083904 36.907845)"
