osmid,highway,oneway,reversed,length,geometry
204893106,unclassified,False,True,447.85699999999997,"LINESTRING (68.6663577 36.0107681, 68.6669163 36.0107818, 68.6689155 36.0108289, 68.6713355 36.0108571)"
204893106,unclassified,False,False,447.857,"LINESTRING (68.6713355 36.0108571, 68.6689155 36.0108289, 68.6669163 36.0107818, 68.6663577 36.0107681)"
