osmid,highway,oneway,reversed,length,geometry
"[678550053, 1233195685]",residential,False,False,443.03399999999993,"LINESTRING (-92.1092777 14.5514936, -92.1089083 14.5522809, -92.1083895 14.5538725, -92.1083842 14.5539498, -92.1084523 14.55399, -92.1089654 14.5541517, -92.1090085 14.5541862, -92.1090102 14.5542322, -92.1087619 14.5548614)"
"[678550053, 1233195685]",residential,False,True,443.034,"LINESTRING (-92.1087619 14.5548614, -92.1090102 14.5542322, -92.1090085 14.5541862, -92.1089654 14.5541517, -92.1084523 14.55399, -92.1083842 14.5539498, -92.1083895 14.5538725, -92.1089083 14.5522809, -92.1092777 14.5514936)"
