osmid,ref,highway,oneway,reversed,length,geometry
241302082,RN-01-A,tertiary,False,False,333.444,"LINESTRING (-91.0295006 14.6469224, -91.0296561 14.6468562, -91.0300196 14.64679, -91.0302771 14.6468277, -91.030446 14.6469094, -91.030556 14.6469912, -91.0308376 14.6472974, -91.0309369 14.6473817, -91.0310442 14.647431, -91.0311126 14.6474427, -91.0317281 14.6474725, -91.0319132 14.6474622, -91.0321291 14.6473687, -91.0322868 14.6472671)"
241302082,RN-01-A,tertiary,False,True,333.444,"LINESTRING (-91.0322868 14.6472671, -91.0321291 14.6473687, -91.0319132 14.6474622, -91.0317281 14.6474725, -91.0311126 14.6474427, -91.0310442 14.647431, -91.0309369 14.6473817, -91.0308376 14.6472974, -91.030556 14.6469912, -91.030446 14.6469094, -91.0302771 14.6468277, -91.0300196 14.64679, -91.0296561 14.6468562, -91.0295006 14.6469224)"
