osmid,ref,highway,oneway,reversed,length,geometry
30955046,R106,secondary,False,True,509.709,"LINESTRING (-1.4515873 6.5414234, -1.4539427 6.5403118, -1.4545738 6.5400451, -1.455034 6.5398847, -1.4555329 6.5397746, -1.4558526 6.5397389)"
631764940,,residential,False,True,577.888,"LINESTRING (-1.4556509 6.5347643, -1.4554511 6.5352014, -1.455313 6.5355891, -1.4552714 6.535781, -1.4552459 6.5360661, -1.455254 6.5361847, -1.4553049 6.5363632, -1.4553693 6.5365404, -1.4554739 6.5367816, -1.4556187 6.5371147, -1.4558011 6.5373758, -1.4558387 6.5374851, -1.4558923 6.5381246, -1.4559004 6.5382632, -1.4558199 6.5387375, -1.4557743 6.539028, -1.4557797 6.5392252, -1.4558526 6.5397389)"
30955046,R106,secondary,False,False,509.709,"LINESTRING (-1.4558526 6.5397389, -1.4555329 6.5397746, -1.455034 6.5398847, -1.4545738 6.5400451, -1.4539427 6.5403118, -1.4515873 6.5414234)"
631764940,,residential,False,False,577.8879999999999,"LINESTRING (-1.4558526 6.5397389, -1.4557797 6.5392252, -1.4557743 6.539028, -1.4558199 6.5387375, -1.4559004 6.5382632, -1.4558923 6.5381246, -1.4558387 6.5374851, -1.4558011 6.5373758, -1.4556187 6.5371147, -1.4554739 6.5367816, -1.4553693 6.5365404, -1.4553049 6.5363632, -1.455254 6.5361847, -1.4552459 6.5360661, -1.4552714 6.535781, -1.455313 6.5355891, -1.4554511 6.5352014, -1.4556509 6.5347643)"
