osmid,highway,oneway,reversed,length,geometry,name
46045154,residential,False,True,172.099,"LINESTRING (39.5172618 56.1322907, 39.5174869 56.1320662, 39.5183494 56.1316832, 39.5187772 56.1315464, 39.5193101 56.1312768)",
156228549,tertiary,False,True,366.76700000000005,"LINESTRING (39.5172618 56.1322907, 39.5197791 56.133161, 39.5201726 56.1332502, 39.52214 56.1334701, 39.5226549 56.1335276)",улица Хуторовка
46045154,residential,False,False,172.099,"LINESTRING (39.5193101 56.1312768, 39.5187772 56.1315464, 39.5183494 56.1316832, 39.5174869 56.1320662, 39.5172618 56.1322907)",
46045158,residential,False,False,367.30899999999997,"LINESTRING (39.5193101 56.1312768, 39.5218485 56.1321404, 39.5218806 56.1321608, 39.5219189 56.1321853, 39.5220939 56.1322967, 39.5221341 56.132375, 39.5220858 56.1324992, 39.5218634 56.1328294, 39.5218331 56.1329263, 39.5218485 56.1330118, 39.5219402 56.1331271, 39.5220588 56.1332189, 39.5226549 56.1335276)",улица Каргополова
46045158,residential,False,True,367.30899999999997,"LINESTRING (39.5226549 56.1335276, 39.5220588 56.1332189, 39.5219402 56.1331271, 39.5218485 56.1330118, 39.5218331 56.1329263, 39.5218634 56.1328294, 39.5220858 56.1324992, 39.5221341 56.132375, 39.5220939 56.1322967, 39.5219189 56.1321853, 39.5218806 56.1321608, 39.5218485 56.1321404, 39.5193101 56.1312768)",улица Каргополова
156228549,tertiary,False,False,366.76700000000005,"LINESTRING (39.5226549 56.1335276, 39.52214 56.1334701, 39.5201726 56.1332502, 39.5197791 56.133161, 39.5172618 56.1322907)",улица Хуторовка
