osmid,highway,oneway,reversed,length,geometry
"[810707362, 893396707]","['unclassified', 'residential']",False,"[False, True]",785.924,"LINESTRING (40.8383836 49.1490139, 40.838315 49.1493465, 40.8380357 49.1508306, 40.8378477 49.1517316, 40.8378275 49.152003, 40.8376461 49.1522118, 40.8375984 49.152395, 40.8375313 49.152515, 40.8373651 49.1525925, 40.8369863 49.152689, 40.8362353 49.1527135, 40.8350927 49.1526837, 40.8345294 49.1526065, 40.8340412 49.1524083, 40.8337033 49.1523346, 40.8333385 49.152296, 40.8329308 49.1522995, 40.8324104 49.1524434)"
"[810707362, 893396707]","['residential', 'unclassified']",False,"[False, True]",785.924,"LINESTRING (40.8324104 49.1524434, 40.8329308 49.1522995, 40.8333385 49.152296, 40.8337033 49.1523346, 40.8340412 49.1524083, 40.8345294 49.1526065, 40.8350927 49.1526837, 40.8362353 49.1527135, 40.8369863 49.152689, 40.8373651 49.1525925, 40.8375313 49.152515, 40.8375984 49.152395, 40.8376461 49.1522118, 40.8378275 49.152003, 40.8378477 49.1517316, 40.8380357 49.1508306, 40.838315 49.1493465, 40.8383836 49.1490139)"
