osmid,name,highway,oneway,reversed,length,geometry
56029694,Центральная улица,unclassified,False,False,445.531,"LINESTRING (20.1368516 54.4626819, 20.1376761 54.4625819, 20.1390122 54.4624198, 20.1394908 54.4623486, 20.1397451 54.4623108, 20.1403315 54.4622251, 20.140399 54.4622153, 20.1417536 54.4620235, 20.1435688 54.4617841)"
"[256682229, 56029694]",Центральная улица,unclassified,False,False,396.523,"LINESTRING (20.1435688 54.4617841, 20.1438977 54.4617311, 20.1451923 54.4616021, 20.1462559 54.4615231, 20.1480797 54.4613734, 20.1496425 54.461314)"
56029694,Центральная улица,unclassified,False,True,445.53099999999995,"LINESTRING (20.1435688 54.4617841, 20.1417536 54.4620235, 20.140399 54.4622153, 20.1403315 54.4622251, 20.1397451 54.4623108, 20.1394908 54.4623486, 20.1390122 54.4624198, 20.1376761 54.4625819, 20.1368516 54.4626819)"
121649160,,unclassified,False,True,244.42399999999998,"LINESTRING (20.1435688 54.4617841, 20.1439261 54.4623197, 20.144319 54.4628605, 20.1446503 54.4632925, 20.1449856 54.4636994, 20.1450995 54.4637904)"
"[256682229, 56029694]",Центральная улица,unclassified,False,True,396.5230000000001,"LINESTRING (20.1496425 54.461314, 20.1480797 54.4613734, 20.1462559 54.4615231, 20.1451923 54.4616021, 20.1438977 54.4617311, 20.1435688 54.4617841)"
121649160,,unclassified,False,False,244.424,"LINESTRING (20.1450995 54.4637904, 20.1449856 54.4636994, 20.1446503 54.4632925, 20.144319 54.4628605, 20.1439261 54.4623197, 20.1435688 54.4617841)"
182913376,,unclassified,False,False,612.8660000000001,"LINESTRING (20.1450995 54.4637904, 20.1426808 54.4644849, 20.1401067 54.4648904, 20.1372527 54.4653993, 20.1366118 54.4654501, 20.1363274 54.4654345, 20.1361374 54.4653971)"
182913376,,unclassified,False,True,612.866,"LINESTRING (20.1361374 54.4653971, 20.1363274 54.4654345, 20.1366118 54.4654501, 20.1372527 54.4653993, 20.1401067 54.4648904, 20.1426808 54.4644849, 20.1450995 54.4637904)"
