osmid,highway,oneway,reversed,length,geometry
30048046,unclassified,False,False,575.2399999999999,"LINESTRING (-71.9533 18.2569754, -71.953297 18.256641, -71.953341 18.256326, -71.953395 18.255929, -71.953508 18.255398, -71.953553 18.254993, -71.953565 18.254821, -71.953513 18.254604, -71.953395 18.254313, -71.953332 18.254114, -71.953317 18.25387, -71.953381 18.253482, -71.953462 18.253195, -71.9534889 18.252979, -71.9534735 18.2527455, -71.953512 18.252473, -71.953557 18.252032, -71.9535824 18.2518804)"
30048046,unclassified,False,True,575.24,"LINESTRING (-71.9535824 18.2518804, -71.953557 18.252032, -71.953512 18.252473, -71.9534735 18.2527455, -71.9534889 18.252979, -71.953462 18.253195, -71.953381 18.253482, -71.953317 18.25387, -71.953332 18.254114, -71.953395 18.254313, -71.953513 18.254604, -71.953565 18.254821, -71.953553 18.254993, -71.953508 18.255398, -71.953395 18.255929, -71.953341 18.256326, -71.953297 18.256641, -71.9533 18.2569754)"
