osmid,highway,oneway,reversed,length,geometry,ref,name,maxspeed
136409384,unclassified,False,False,267.98900000000003,"LINESTRING (139.090139 34.923126, 139.090734 34.923132, 139.091021 34.923171, 139.091418 34.923239, 139.091534 34.92326, 139.0921264 34.9233829, 139.0924287 34.92343, 139.09281 34.9234812, 139.0930262 34.923529)",,,
35861501,secondary,False,True,9.973,"LINESTRING (139.0930262 34.923529, 139.0930092 34.9234404)",351,池東松原線,40
35861501,secondary,False,False,177.874,"LINESTRING (139.0930262 34.923529, 139.0930631 34.9236714, 139.0931382 34.9238761, 139.0931715 34.9239921, 139.0931696 34.92404, 139.093159 34.9241139, 139.0931226 34.92422, 139.093025 34.924488, 139.0929846 34.9245963, 139.0929679 34.9247169, 139.0929745 34.924855, 139.0929768 34.9249026, 139.0930031 34.9250898)",351,池東松原線,40
136409384,unclassified,False,True,267.989,"LINESTRING (139.0930262 34.923529, 139.09281 34.9234812, 139.0924287 34.92343, 139.0921264 34.9233829, 139.091534 34.92326, 139.091418 34.923239, 139.091021 34.923171, 139.090734 34.923132, 139.090139 34.923126)",,,
35861501,secondary,False,True,177.874,"LINESTRING (139.0930031 34.9250898, 139.0929768 34.9249026, 139.0929745 34.924855, 139.0929679 34.9247169, 139.0929846 34.9245963, 139.093025 34.924488, 139.0931226 34.92422, 139.093159 34.9241139, 139.0931696 34.92404, 139.0931715 34.9239921, 139.0931382 34.9238761, 139.0930631 34.9236714, 139.0930262 34.923529)",351,池東松原線,40
35861501,secondary,False,False,9.973,"LINESTRING (139.0930092 34.9234404, 139.0930262 34.923529)",351,池東松原線,40
