osmid,highway,oneway,reversed,length,geometry
570001866,unclassified,False,False,36.54,"LINESTRING (130.9050981 30.4151077, 130.905479 30.4150985)"
570001867,unclassified,False,False,61.844,"LINESTRING (130.9050981 30.4151077, 130.9052215 30.4156536)"
570001866,unclassified,False,True,36.54,"LINESTRING (130.905479 30.4150985, 130.9050981 30.4151077)"
570001867,unclassified,False,True,61.844,"LINESTRING (130.9052215 30.4156536, 130.9050981 30.4151077)"
570001868,unclassified,False,True,37.033,"LINESTRING (130.9052215 30.4156536, 130.9056077 30.4156536)"
570001869,unclassified,False,False,26.931,"LINESTRING (130.9052215 30.4156536, 130.9052537 30.4158942)"
570001868,unclassified,False,False,37.033,"LINESTRING (130.9056077 30.4156536, 130.9052215 30.4156536)"
570001869,unclassified,False,True,26.931,"LINESTRING (130.9052537 30.4158942, 130.9052215 30.4156536)"
