osmid,highway,oneway,reversed,length,geometry
133805873,unclassified,False,True,370.94,"LINESTRING (130.613695 33.026855, 130.613388 33.027114, 130.613334 33.027176, 130.613274 33.027272, 130.613267 33.027396, 130.61342 33.027672, 130.613488 33.02783, 130.613488 33.02797, 130.61338 33.028286, 130.613354 33.028518, 130.613288 33.028693, 130.613213 33.028799, 130.612952 33.029048, 130.612639 33.029302, 130.612597 33.029347, 130.612572 33.029409, 130.612557 33.029674, 130.612517 33.029764)"
133805731,unclassified,False,False,228.323,"LINESTRING (130.6104645 33.0289264, 130.610672 33.029001, 130.611174 33.029239, 130.61142 33.029364, 130.611662 33.029459, 130.611728 33.029516, 130.611828 33.029712, 130.611895 33.029781, 130.611955 33.029798, 130.612403 33.029798, 130.61251 33.029775, 130.612517 33.029764)"
133805731,unclassified,False,True,228.323,"LINESTRING (130.612517 33.029764, 130.61251 33.029775, 130.612403 33.029798, 130.611955 33.029798, 130.611895 33.029781, 130.611828 33.029712, 130.611728 33.029516, 130.611662 33.029459, 130.61142 33.029364, 130.611174 33.029239, 130.610672 33.029001, 130.6104645 33.0289264)"
133805873,unclassified,False,False,370.94,"LINESTRING (130.612517 33.029764, 130.612557 33.029674, 130.612572 33.029409, 130.612597 33.029347, 130.612639 33.029302, 130.612952 33.029048, 130.613213 33.028799, 130.613288 33.028693, 130.613354 33.028518, 130.61338 33.028286, 130.613488 33.02797, 130.613488 33.02783, 130.61342 33.027672, 130.613267 33.027396, 130.613274 33.027272, 130.613334 33.027176, 130.613388 33.027114, 130.613695 33.026855)"
133806496,residential,False,False,102.664,"LINESTRING (130.612517 33.029764, 130.612585 33.029798, 130.612692 33.029847, 130.612785 33.029882, 130.612953 33.029905, 130.613579 33.029863)"
133806496,residential,False,True,102.664,"LINESTRING (130.613579 33.029863, 130.612953 33.029905, 130.612785 33.029882, 130.612692 33.029847, 130.612585 33.029798, 130.612517 33.029764)"
