osmid,highway,oneway,reversed,length,geometry
128152633,residential,False,True,949.237,"LINESTRING (131.009264 32.201703, 131.009272 32.201715, 131.009292 32.201755, 131.009325 32.201929, 131.009325 32.202267, 131.009305 32.202402, 131.009299 32.202757, 131.009272 32.20287, 131.009193 32.203017, 131.008861 32.203412, 131.008788 32.20353, 131.008702 32.203715, 131.008543 32.204217, 131.008451 32.204425, 131.008298 32.204645, 131.00798 32.205012, 131.007702 32.205272, 131.007686 32.205288, 131.007701 32.205308, 131.007755 32.205305, 131.007861 32.205272, 131.008152 32.205158, 131.008384 32.205023, 131.008729 32.204832, 131.009067 32.204697, 131.009246 32.204605, 131.009796 32.204285, 131.010087 32.204087, 131.010266 32.203935, 131.010286 32.203867, 131.010326 32.20353, 131.010352 32.203422, 131.010398 32.203372, 131.010445 32.20335, 131.010538 32.203343, 131.010577 32.203395, 131.010644 32.20357, 131.010822 32.203987, 131.010822 32.204167, 131.010776 32.204313, 131.010723 32.204414, 131.010644 32.204498)"
128152633,residential,False,False,949.2370000000001,"LINESTRING (131.010644 32.204498, 131.010723 32.204414, 131.010776 32.204313, 131.010822 32.204167, 131.010822 32.203987, 131.010644 32.20357, 131.010577 32.203395, 131.010538 32.203343, 131.010445 32.20335, 131.010398 32.203372, 131.010352 32.203422, 131.010326 32.20353, 131.010286 32.203867, 131.010266 32.203935, 131.010087 32.204087, 131.009796 32.204285, 131.009246 32.204605, 131.009067 32.204697, 131.008729 32.204832, 131.008384 32.205023, 131.008152 32.205158, 131.007861 32.205272, 131.007755 32.205305, 131.007701 32.205308, 131.007686 32.205288, 131.007702 32.205272, 131.00798 32.205012, 131.008298 32.204645, 131.008451 32.204425, 131.008543 32.204217, 131.008702 32.203715, 131.008788 32.20353, 131.008861 32.203412, 131.009193 32.203017, 131.009272 32.20287, 131.009299 32.202757, 131.009305 32.202402, 131.009325 32.202267, 131.009325 32.201929, 131.009292 32.201755, 131.009272 32.201715, 131.009264 32.201703)"
