osmid,highway,oneway,reversed,length,geometry
200441515,residential,False,False,233.175,"LINESTRING (135.323127 34.865513, 135.32331 34.865481, 135.323623 34.865464, 135.323746 34.865442, 135.323835 34.865403, 135.323898 34.865324, 135.32402 34.864986, 135.324089 34.86494, 135.324185 34.864912, 135.324321 34.864895, 135.324363 34.864873, 135.324431 34.864805, 135.324499 34.86463, 135.324732 34.864534, 135.324766 34.864495, 135.3248424 34.8644031, 135.3249269 34.8643338)"
200441515,residential,False,True,233.175,"LINESTRING (135.3249269 34.8643338, 135.3248424 34.8644031, 135.324766 34.864495, 135.324732 34.864534, 135.324499 34.86463, 135.324431 34.864805, 135.324363 34.864873, 135.324321 34.864895, 135.324185 34.864912, 135.324089 34.86494, 135.32402 34.864986, 135.323898 34.865324, 135.323835 34.865403, 135.323746 34.865442, 135.323623 34.865464, 135.32331 34.865481, 135.323127 34.865513)"
