osmid,highway,oneway,reversed,length,geometry
112751847,unclassified,False,True,148.399,"LINESTRING (138.367932 35.407721, 138.367838 35.4089349, 138.3678775 35.4090487)"
112751847,unclassified,False,False,148.399,"LINESTRING (138.3678775 35.4090487, 138.367838 35.4089349, 138.367932 35.407721)"
