osmid,highway,oneway,reversed,length,geometry
112771924,unclassified,False,False,82.22800000000001,"LINESTRING (137.2527177 37.4422279, 137.2530005 37.4420385, 137.2530939 37.4419833, 137.2532035 37.4419539, 137.2532865 37.4419488, 137.2533923 37.4419616, 137.2535231 37.441999)"
112772165,unclassified,False,False,214.41300000000004,"LINESTRING (137.2527177 37.4422279, 137.2526755 37.4421482, 137.2527137 37.442105, 137.2528221 37.4419757, 137.2528612 37.4418424, 137.2528708 37.4418095, 137.2528831 37.441737, 137.2529396 37.4414042, 137.2529633 37.4412641, 137.2529762 37.4411882, 137.253805 37.4412734, 137.253984 37.4412919, 137.2540206 37.4412956)"
112771924,unclassified,False,True,82.22800000000001,"LINESTRING (137.2535231 37.441999, 137.2533923 37.4419616, 137.2532865 37.4419488, 137.2532035 37.4419539, 137.2530939 37.4419833, 137.2530005 37.4420385, 137.2527177 37.4422279)"
112773188,unclassified,False,False,32.943,"LINESTRING (137.2535231 37.441999, 137.2537499 37.4420445, 137.2538861 37.4420674)"
1237136632,unclassified,False,False,86.638,"LINESTRING (137.2538861 37.4420674, 137.2540206 37.4412956)"
112773188,unclassified,False,True,32.943,"LINESTRING (137.2538861 37.4420674, 137.2537499 37.4420445, 137.2535231 37.441999)"
1237136632,unclassified,False,True,86.638,"LINESTRING (137.2540206 37.4412956, 137.2538861 37.4420674)"
112772165,unclassified,False,True,214.413,"LINESTRING (137.2540206 37.4412956, 137.253984 37.4412919, 137.253805 37.4412734, 137.2529762 37.4411882, 137.2529633 37.4412641, 137.2529396 37.4414042, 137.2528831 37.441737, 137.2528708 37.4418095, 137.2528612 37.4418424, 137.2528221 37.4419757, 137.2527137 37.442105, 137.2526755 37.4421482, 137.2527177 37.4422279)"
