osmid,highway,oneway,reversed,length,geometry
174727567,residential,False,False,193.79899999999998,"LINESTRING (134.367562 33.980257, 134.36744 33.980285, 134.366845 33.980292, 134.366575 33.980342, 134.366406 33.980382, 134.366129 33.98042, 134.365987 33.980432, 134.365771 33.980398, 134.365514 33.980297)"
174727567,residential,False,True,193.799,"LINESTRING (134.365514 33.980297, 134.365771 33.980398, 134.365987 33.980432, 134.366129 33.98042, 134.366406 33.980382, 134.366575 33.980342, 134.366845 33.980292, 134.36744 33.980285, 134.367562 33.980257)"
