osmid,lanes,highway,oneway,reversed,length,geometry
127762168,2,tertiary,False,True,28.772,"LINESTRING (137.1028275 37.3257976, 137.1029638 37.3257781, 137.1031507 37.3257768)"
127762168,2,tertiary,False,False,28.772,"LINESTRING (137.1031507 37.3257768, 137.1029638 37.3257781, 137.1028275 37.3257976)"
127762168,2,tertiary,False,True,564.081,"LINESTRING (137.1031507 37.3257768, 137.1034447 37.3258339, 137.1038438 37.3259412, 137.104084 37.3259752, 137.1043104 37.3259865, 137.104381 37.3259859, 137.1054736 37.3259762, 137.10564 37.3259779, 137.1059678 37.3259812, 137.1065236 37.3260571, 137.1072362 37.3261744, 137.1078616 37.3262708, 137.1080478 37.3263251, 137.1082112 37.3263728, 137.1085281 37.3264908, 137.10884 37.3266468, 137.1091167 37.3267388, 137.1093106 37.3267982)"
"[127762168, 127761545]",2,tertiary,False,"[False, True]",150.008,"LINESTRING (137.1109449 37.3267854, 137.1108499 37.3268351, 137.1106109 37.3269124, 137.1103865 37.3269319, 137.1100734 37.3269299, 137.1098118 37.3268949, 137.1095669 37.3268768, 137.1093106 37.3267982)"
1238123018,,unclassified,False,True,201.49,"LINESTRING (137.1109449 37.3267854, 137.1109164 37.3269522, 137.1107548 37.3271251, 137.1105257 37.3272652, 137.1103142 37.3272909, 137.1100087 37.3272979, 137.1097061 37.3272139, 137.1094212 37.3269943, 137.1093106 37.3267982)"
127762168,2,tertiary,False,False,564.0809999999999,"LINESTRING (137.1093106 37.3267982, 137.1091167 37.3267388, 137.10884 37.3266468, 137.1085281 37.3264908, 137.1082112 37.3263728, 137.1080478 37.3263251, 137.1078616 37.3262708, 137.1072362 37.3261744, 137.1065236 37.3260571, 137.1059678 37.3259812, 137.10564 37.3259779, 137.1054736 37.3259762, 137.104381 37.3259859, 137.1043104 37.3259865, 137.104084 37.3259752, 137.1038438 37.3259412, 137.1034447 37.3258339, 137.1031507 37.3257768)"
"[127762168, 127761545]",2,tertiary,False,"[False, True]",150.008,"LINESTRING (137.1093106 37.3267982, 137.1095669 37.3268768, 137.1098118 37.3268949, 137.1100734 37.3269299, 137.1103865 37.3269319, 137.1106109 37.3269124, 137.1108499 37.3268351, 137.1109449 37.3267854)"
1238123018,,unclassified,False,False,201.49,"LINESTRING (137.1093106 37.3267982, 137.1094212 37.3269943, 137.1097061 37.3272139, 137.1100087 37.3272979, 137.1103142 37.3272909, 137.1105257 37.3272652, 137.1107548 37.3271251, 137.1109164 37.3269522, 137.1109449 37.3267854)"
