osmid,name,highway,oneway,reversed,length,geometry
712702840,Eskebekkveien,unclassified,False,True,501.701,"LINESTRING (10.4425295 59.4104863, 10.4425259 59.4102893, 10.4424892 59.4097997, 10.4425263 59.4095363, 10.442588 59.4094434, 10.4427152 59.4093427, 10.443194 59.409177, 10.4432908 59.4091295, 10.4433487 59.4090817, 10.4433701 59.409008, 10.4433219 59.4088278, 10.4432629 59.4086176, 10.4432747 59.4085248, 10.4433326 59.4084087, 10.4434641 59.40823, 10.4436947 59.40789, 10.4437897 59.4077549, 10.4438449 59.4075829, 10.443813 59.4073259, 10.4438704 59.4071291, 10.4438487 59.4070164, 10.4437628 59.4068308, 10.4437387 59.4067325, 10.4437892 59.4066063, 10.4439533 59.4064404, 10.4441715 59.4062739)"
712702840,Eskebekkveien,unclassified,False,False,501.7009999999999,"LINESTRING (10.4441715 59.4062739, 10.4439533 59.4064404, 10.4437892 59.4066063, 10.4437387 59.4067325, 10.4437628 59.4068308, 10.4438487 59.4070164, 10.4438704 59.4071291, 10.443813 59.4073259, 10.4438449 59.4075829, 10.4437897 59.4077549, 10.4436947 59.40789, 10.4434641 59.40823, 10.4433326 59.4084087, 10.4432747 59.4085248, 10.4432629 59.4086176, 10.4433219 59.4088278, 10.4433701 59.409008, 10.4433487 59.4090817, 10.4432908 59.4091295, 10.443194 59.409177, 10.4427152 59.4093427, 10.442588 59.4094434, 10.4425263 59.4095363, 10.4424892 59.4097997, 10.4425259 59.4102893, 10.4425295 59.4104863)"
