osmid,name,highway,oneway,reversed,length,geometry
132907242,Kongeveien,unclassified,False,False,213.84799999999998,"LINESTRING (10.777979 59.680463, 10.77804 59.68047, 10.778292 59.680556, 10.778573 59.680662, 10.779051 59.680801, 10.779123 59.680823, 10.779402 59.680927, 10.779748 59.681064, 10.779966 59.68114, 10.780199 59.681204, 10.780619 59.681294, 10.781084 59.681405, 10.781166 59.681418, 10.781249 59.681418)"
132907242,Kongeveien,unclassified,False,True,213.84799999999998,"LINESTRING (10.781249 59.681418, 10.781166 59.681418, 10.781084 59.681405, 10.780619 59.681294, 10.780199 59.681204, 10.779966 59.68114, 10.779748 59.681064, 10.779402 59.680927, 10.779123 59.680823, 10.779051 59.680801, 10.778573 59.680662, 10.778292 59.680556, 10.77804 59.68047, 10.777979 59.680463)"
