osmid,highway,oneway,reversed,length,geometry
845963279,tertiary,False,False,127.071,"LINESTRING (122.1954359 6.6644224, 122.1942866 6.6644757)"
"[845962713, 210935252]",residential,False,"[False, True]",352.75300000000004,"LINESTRING (122.1954359 6.6644224, 122.1955579 6.6654121, 122.1953045 6.6654827, 122.1950202 6.665536, 122.1948431 6.6655373, 122.1946849 6.6655307, 122.1945803 6.6655054, 122.1945092 6.6654641, 122.1942383 6.6651524, 122.1942088 6.6650791, 122.194194 6.6649965, 122.1941954 6.6649186, 122.1942289 6.6647594, 122.1942866 6.6644757)"
845963279,tertiary,False,True,127.071,"LINESTRING (122.1942866 6.6644757, 122.1954359 6.6644224)"
"[845962713, 210935252]",residential,False,"[False, True]",352.75300000000004,"LINESTRING (122.1942866 6.6644757, 122.1942289 6.6647594, 122.1941954 6.6649186, 122.194194 6.6649965, 122.1942088 6.6650791, 122.1942383 6.6651524, 122.1945092 6.6654641, 122.1945803 6.6655054, 122.1946849 6.6655307, 122.1948431 6.6655373, 122.1950202 6.665536, 122.1953045 6.6654827, 122.1955579 6.6654121, 122.1954359 6.6644224)"
