osmid,highway,oneway,reversed,length,geometry
846350577,tertiary,False,False,286.201,"LINESTRING (122.1483544 6.4900646, 122.1498374 6.4895108, 122.1501057 6.4893189, 122.1506336 6.4889)"
846350577,tertiary,False,True,286.201,"LINESTRING (122.1506336 6.4889, 122.1501057 6.4893189, 122.1498374 6.4895108, 122.1483544 6.4900646)"
