osmid,highway,oneway,reversed,length,geometry
345858909,residential,False,True,177.939,"LINESTRING (121.0843791 15.0005813, 121.0842155 15.0007873, 121.0840411 15.0009609, 121.0839687 15.0010127, 121.0838118 15.0010839, 121.0837119 15.001139, 121.0836609 15.0011772, 121.0836241 15.0012063, 121.0836026 15.0012355, 121.0835351 15.0013399, 121.0833639 15.0016656, 121.0832911 15.0017376)"
962191156,residential,False,True,75.699,"LINESTRING (121.0837863 15.0022213, 121.0834953 15.0019557, 121.0832911 15.0017376)"
345858909,residential,False,False,177.939,"LINESTRING (121.0832911 15.0017376, 121.0833639 15.0016656, 121.0835351 15.0013399, 121.0836026 15.0012355, 121.0836241 15.0012063, 121.0836609 15.0011772, 121.0837119 15.001139, 121.0838118 15.0010839, 121.0839687 15.0010127, 121.0840411 15.0009609, 121.0842155 15.0007873, 121.0843791 15.0005813)"
962191156,residential,False,False,75.699,"LINESTRING (121.0832911 15.0017376, 121.0834953 15.0019557, 121.0837863 15.0022213)"
