osmid,highway,oneway,reversed,length,geometry
541765237,residential,False,False,116.912,"LINESTRING (120.9660163 6.1143097, 120.9661192 6.114242, 120.9662238 6.1141753, 120.9663313 6.1141043, 120.9664139 6.1140171, 120.9665172 6.1138836, 120.9666342 6.1137227, 120.966765 6.1135841)"
541765238,residential,False,False,409.17600000000004,"LINESTRING (120.9660163 6.1143097, 120.9657651 6.1145313, 120.9655425 6.1146647, 120.9653655 6.1147954, 120.9651911 6.114886, 120.9650195 6.1149394, 120.9646413 6.1150647, 120.9645602 6.115073, 120.9645005 6.1150687, 120.9641471 6.1149275, 120.9638769 6.114806, 120.9636428 6.1146794, 120.9635034 6.1146041, 120.9633743 6.1145356, 120.963135 6.114385, 120.962765 6.1141557)"
541765237,residential,False,True,116.912,"LINESTRING (120.966765 6.1135841, 120.9666342 6.1137227, 120.9665172 6.1138836, 120.9664139 6.1140171, 120.9663313 6.1141043, 120.9662238 6.1141753, 120.9661192 6.114242, 120.9660163 6.1143097)"
541765238,residential,False,True,409.176,"LINESTRING (120.962765 6.1141557, 120.963135 6.114385, 120.9633743 6.1145356, 120.9635034 6.1146041, 120.9636428 6.1146794, 120.9638769 6.114806, 120.9641471 6.1149275, 120.9645005 6.1150687, 120.9645602 6.115073, 120.9646413 6.1150647, 120.9650195 6.1149394, 120.9651911 6.114886, 120.9653655 6.1147954, 120.9655425 6.1146647, 120.9657651 6.1145313, 120.9660163 6.1143097)"
