osmid,highway,oneway,reversed,length,geometry
557920339,tertiary,False,True,67.025,"LINESTRING (120.9700657 5.9724999, 120.9706715 5.9724822)"
557923985,tertiary_link,False,False,44.422,"LINESTRING (120.9700657 5.9724999, 120.9701153 5.9724018, 120.9701539 5.9723178, 120.9701981 5.9722408, 120.9702551 5.9721481)"
557856788,secondary,False,True,266.149,"LINESTRING (120.9690186 5.9700953, 120.9697616 5.9713704, 120.9700271 5.9718039, 120.9702551 5.9721481)"
557920339,tertiary,False,False,67.025,"LINESTRING (120.9706715 5.9724822, 120.9700657 5.9724999)"
557856788,secondary,False,False,59.473,"LINESTRING (120.9706715 5.9724822, 120.9705589 5.9724128, 120.9704429 5.9723321, 120.9703571 5.9722534, 120.9702551 5.9721481)"
557856788,secondary,False,False,266.149,"LINESTRING (120.9702551 5.9721481, 120.9700271 5.9718039, 120.9697616 5.9713704, 120.9690186 5.9700953)"
557856788,secondary,False,True,59.473,"LINESTRING (120.9702551 5.9721481, 120.9703571 5.9722534, 120.9704429 5.9723321, 120.9705589 5.9724128, 120.9706715 5.9724822)"
557923985,tertiary_link,False,True,44.422000000000004,"LINESTRING (120.9702551 5.9721481, 120.9701981 5.9722408, 120.9701539 5.9723178, 120.9701153 5.9724018, 120.9700657 5.9724999)"
