osmid,highway,oneway,reversed,length,geometry
540124143,residential,False,True,255.615,"LINESTRING (124.3625367 8.0739898, 124.36275 8.0737621, 124.3629226 8.0735746, 124.3630209 8.0734793, 124.3631322 8.073395, 124.3632898 8.0732947, 124.3635332 8.073158, 124.3636425 8.0730936, 124.3637558 8.0730491, 124.3638919 8.0730039, 124.3639939 8.072978, 124.3640589 8.0729488, 124.3641514 8.0728891, 124.3642171 8.0728486, 124.364301 8.0728061, 124.3644377 8.0727324)"
540124143,residential,False,False,255.615,"LINESTRING (124.3644377 8.0727324, 124.364301 8.0728061, 124.3642171 8.0728486, 124.3641514 8.0728891, 124.3640589 8.0729488, 124.3639939 8.072978, 124.3638919 8.0730039, 124.3637558 8.0730491, 124.3636425 8.0730936, 124.3635332 8.073158, 124.3632898 8.0732947, 124.3631322 8.073395, 124.3630209 8.0734793, 124.3629226 8.0735746, 124.36275 8.0737621, 124.3625367 8.0739898)"
