osmid,highway,oneway,reversed,length,geometry
553842190,residential,False,True,169.53499999999997,"LINESTRING (120.6564622 16.6979368, 120.6564756 16.6978785, 120.6565266 16.69782, 120.6566519 16.6977184, 120.6568497 16.6975829, 120.656884 16.6975515, 120.6569101 16.6975162, 120.6569195 16.6974693, 120.6569041 16.6973749, 120.6568658 16.6972374, 120.6568611 16.6972072, 120.6568618 16.6971745, 120.6568732 16.6971308, 120.6568759 16.6970916, 120.6568692 16.6970537, 120.656839 16.6969651, 120.6568323 16.6969233, 120.6568188 16.6966208)"
553842190,residential,False,False,169.53499999999997,"LINESTRING (120.6568188 16.6966208, 120.6568323 16.6969233, 120.656839 16.6969651, 120.6568692 16.6970537, 120.6568759 16.6970916, 120.6568732 16.6971308, 120.6568618 16.6971745, 120.6568611 16.6972072, 120.6568658 16.6972374, 120.6569041 16.6973749, 120.6569195 16.6974693, 120.6569101 16.6975162, 120.656884 16.6975515, 120.6568497 16.6975829, 120.6566519 16.6977184, 120.6565266 16.69782, 120.6564756 16.6978785, 120.6564622 16.6979368)"
