osmid,highway,oneway,reversed,length,geometry
865207807,residential,False,True,36.405,"LINESTRING (120.8193567 5.7030957, 120.8190329 5.7030376)"
865207808,residential,False,True,113.945,"LINESTRING (120.8180197 5.7028555, 120.8186191 5.7029702, 120.818768 5.7029996, 120.8190329 5.7030376)"
865207807,residential,False,False,36.405,"LINESTRING (120.8190329 5.7030376, 120.8193567 5.7030957)"
865207808,residential,False,False,113.945,"LINESTRING (120.8190329 5.7030376, 120.818768 5.7029996, 120.8186191 5.7029702, 120.8180197 5.7028555)"
865207808,residential,False,True,112.369,"LINESTRING (120.8190329 5.7030376, 120.8191348 5.7024318, 120.8192057 5.7020418)"
865207808,residential,False,False,112.369,"LINESTRING (120.8192057 5.7020418, 120.8191348 5.7024318, 120.8190329 5.7030376)"
