osmid,highway,oneway,reversed,length,geometry
308625257,tertiary,False,True,717.4840000000002,"LINESTRING (124.374551 7.8885321, 124.3740454 7.8885719, 124.3737316 7.8886118, 124.3735405 7.8886304, 124.3733762 7.888653, 124.3731348 7.8886623, 124.3729444 7.8886673, 124.3727325 7.8886729, 124.3726453 7.8886789, 124.3725541 7.8887048, 124.372424 7.8887513, 124.3722336 7.8888303, 124.3720908 7.8888682, 124.3719208 7.8888936, 124.3716583 7.8889266, 124.3713797 7.8889351, 124.3707906 7.8889625, 124.3703229 7.8889561, 124.3696453 7.8889731, 124.3694495 7.8889891, 124.3692872 7.8890196, 124.3691102 7.8890847, 124.3688513 7.8891837, 124.3687186 7.8892508, 124.3683954 7.8894474, 124.3683565 7.8894693, 124.3683109 7.8894859, 124.368268 7.8894899, 124.3682317 7.8894812, 124.3682043 7.8894627)"
863701805,residential,False,False,63.959999999999994,"LINESTRING (124.374551 7.8885321, 124.3745524 7.888928, 124.374551 7.8891073)"
308625257,tertiary,False,False,717.484,"LINESTRING (124.3682043 7.8894627, 124.3682317 7.8894812, 124.368268 7.8894899, 124.3683109 7.8894859, 124.3683565 7.8894693, 124.3683954 7.8894474, 124.3687186 7.8892508, 124.3688513 7.8891837, 124.3691102 7.8890847, 124.3692872 7.8890196, 124.3694495 7.8889891, 124.3696453 7.8889731, 124.3703229 7.8889561, 124.3707906 7.8889625, 124.3713797 7.8889351, 124.3716583 7.8889266, 124.3719208 7.8888936, 124.3720908 7.8888682, 124.3722336 7.8888303, 124.372424 7.8887513, 124.3725541 7.8887048, 124.3726453 7.8886789, 124.3727325 7.8886729, 124.3729444 7.8886673, 124.3731348 7.8886623, 124.3733762 7.888653, 124.3735405 7.8886304, 124.3737316 7.8886118, 124.3740454 7.8885719, 124.374551 7.8885321)"
907850761,residential,False,False,99.661,"LINESTRING (124.3682043 7.8894627, 124.3681794 7.8895311, 124.3681654 7.8895988, 124.3681385 7.8898173, 124.3681365 7.8899914, 124.3681533 7.8900611, 124.3682116 7.8901587, 124.3682968 7.8903122)"
863701805,residential,False,True,63.959999999999994,"LINESTRING (124.374551 7.8891073, 124.3745524 7.888928, 124.374551 7.8885321)"
907850761,residential,False,True,99.661,"LINESTRING (124.3682968 7.8903122, 124.3682116 7.8901587, 124.3681533 7.8900611, 124.3681365 7.8899914, 124.3681385 7.8898173, 124.3681654 7.8895988, 124.3681794 7.8895311, 124.3682043 7.8894627)"
