osmid,highway,oneway,reversed,length,geometry
913035469,residential,False,True,308.479,"LINESTRING (122.5555412 11.1728392, 122.5555144 11.1724721, 122.5553066 11.1720603, 122.5553213 11.1719222, 122.5551295 11.1713367, 122.5553387 11.1710893, 122.555438 11.1710196, 122.5555721 11.1709551, 122.5557049 11.1708196, 122.5559624 11.1704877)"
247694431,tertiary,False,True,54.566,"LINESTRING (122.5563902 11.170742, 122.5559624 11.1704877)"
1011134460,residential,False,False,147.419,"LINESTRING (122.5563902 11.170742, 122.5565712 11.1709552, 122.5568354 11.1712222, 122.5569293 11.171438, 122.5570607 11.1718603)"
1011134460,residential,False,True,147.419,"LINESTRING (122.5570607 11.1718603, 122.5569293 11.171438, 122.5568354 11.1712222, 122.5565712 11.1709552, 122.5563902 11.170742)"
1011134476,unclassified,False,False,655.302,"LINESTRING (122.5570607 11.1718603, 122.5571961 11.1721966, 122.5572175 11.1722671, 122.557286 11.1725471, 122.5573249 11.1727274, 122.5573692 11.1728892, 122.5574496 11.1731563, 122.5575368 11.173476, 122.55762 11.1741549, 122.5576521 11.1742772, 122.557736 11.1744023, 122.557844 11.1745369, 122.5582534 11.1749782, 122.5584903 11.1751864, 122.5587129 11.1756215, 122.5589034 11.1760485, 122.5589754 11.1762957, 122.5590542 11.1765075, 122.5591284 11.1766178, 122.5595693 11.1770356)"
247694431,tertiary,False,False,54.566,"LINESTRING (122.5559624 11.1704877, 122.5563902 11.170742)"
913035469,residential,False,False,308.479,"LINESTRING (122.5559624 11.1704877, 122.5557049 11.1708196, 122.5555721 11.1709551, 122.555438 11.1710196, 122.5553387 11.1710893, 122.5551295 11.1713367, 122.5553213 11.1719222, 122.5553066 11.1720603, 122.5555144 11.1724721, 122.5555412 11.1728392)"
1011134476,unclassified,False,True,655.302,"LINESTRING (122.5595693 11.1770356, 122.5591284 11.1766178, 122.5590542 11.1765075, 122.5589754 11.1762957, 122.5589034 11.1760485, 122.5587129 11.1756215, 122.5584903 11.1751864, 122.5582534 11.1749782, 122.557844 11.1745369, 122.557736 11.1744023, 122.5576521 11.1742772, 122.55762 11.1741549, 122.5575368 11.173476, 122.5574496 11.1731563, 122.5573692 11.1728892, 122.5573249 11.1727274, 122.557286 11.1725471, 122.5572175 11.1722671, 122.5571961 11.1721966, 122.5570607 11.1718603)"
