osmid,highway,oneway,reversed,length,geometry
540213010,tertiary,False,False,227.90400000000002,"LINESTRING (120.8024856 5.5420659, 120.8023813 5.5424202, 120.8023542 5.5425538, 120.8023435 5.542656, 120.8023414 5.5427394, 120.8023529 5.5428695, 120.802373 5.5429776, 120.8024665 5.5433763, 120.8025366 5.5436651, 120.8025674 5.5437585, 120.8026337 5.543928, 120.8026774 5.5440512)"
1173773083,unclassified,False,True,151.078,"LINESTRING (120.8024856 5.5420659, 120.8027329 5.5421584, 120.8033631 5.5423603, 120.8037785 5.5425011)"
540213010,tertiary,False,True,227.90399999999994,"LINESTRING (120.8026774 5.5440512, 120.8026337 5.543928, 120.8025674 5.5437585, 120.8025366 5.5436651, 120.8024665 5.5433763, 120.802373 5.5429776, 120.8023529 5.5428695, 120.8023414 5.5427394, 120.8023435 5.542656, 120.8023542 5.5425538, 120.8023813 5.5424202, 120.8024856 5.5420659)"
1173773074,residential,False,True,128.11100000000002,"LINESTRING (120.8026774 5.5440512, 120.8024803 5.5441416, 120.8023408 5.5442257, 120.8021276 5.5444179, 120.8020163 5.5445594, 120.801964 5.5446555, 120.8019546 5.5447436, 120.801964 5.5448531)"
1173773083,unclassified,False,False,151.078,"LINESTRING (120.8037785 5.5425011, 120.8033631 5.5423603, 120.8027329 5.5421584, 120.8024856 5.5420659)"
1173773074,residential,False,False,128.111,"LINESTRING (120.801964 5.5448531, 120.8019546 5.5447436, 120.801964 5.5446555, 120.8020163 5.5445594, 120.8021276 5.5444179, 120.8023408 5.5442257, 120.8024803 5.5441416, 120.8026774 5.5440512)"
