osmid,highway,oneway,reversed,length,geometry,lanes,name
925739049,residential,False,False,78.591,"LINESTRING (124.0189155 7.0689345, 124.0189339 7.068916, 124.0189444 7.0688907, 124.0189488 7.0688506, 124.0189387 7.0687941, 124.0188925 7.0685932, 124.0188868 7.0685284, 124.0188955 7.0684588, 124.0189171 7.0684037, 124.0189514 7.068348, 124.0190138 7.0682826)",,
899123106,tertiary,False,False,5.204,"LINESTRING (124.0191422 7.0667998, 124.0191805 7.0668271)",2,Tapian-Lebak Coastal Road
749942447,residential,False,True,202.19899999999998,"LINESTRING (124.0191422 7.0667998, 124.0189672 7.0670387, 124.0188626 7.0671752, 124.0187903 7.0672271, 124.0187219 7.0672728, 124.0186477 7.0673292, 124.0186055 7.0673785, 124.0185897 7.0674247, 124.0185823 7.0674823, 124.0186071 7.0675864, 124.0187278 7.0678632, 124.0188327 7.0680557, 124.0190138 7.0682826)",,
899123106,tertiary,False,True,5.204,"LINESTRING (124.0191805 7.0668271, 124.0191422 7.0667998)",2,Tapian-Lebak Coastal Road
749942447,residential,False,True,35.074,"LINESTRING (124.0190138 7.0682826, 124.0192185 7.0685239)",,
749942447,residential,False,False,202.19899999999996,"LINESTRING (124.0190138 7.0682826, 124.0188327 7.0680557, 124.0187278 7.0678632, 124.0186071 7.0675864, 124.0185823 7.0674823, 124.0185897 7.0674247, 124.0186055 7.0673785, 124.0186477 7.0673292, 124.0187219 7.0672728, 124.0187903 7.0672271, 124.0188626 7.0671752, 124.0189672 7.0670387, 124.0191422 7.0667998)",,
925739049,residential,False,True,78.59100000000001,"LINESTRING (124.0190138 7.0682826, 124.0189514 7.068348, 124.0189171 7.0684037, 124.0188955 7.0684588, 124.0188868 7.0685284, 124.0188925 7.0685932, 124.0189387 7.0687941, 124.0189488 7.0688506, 124.0189444 7.0688907, 124.0189339 7.068916, 124.0189155 7.0689345)",,
749942447,residential,False,False,35.074,"LINESTRING (124.0192185 7.0685239, 124.0190138 7.0682826)",,
