osmid,highway,oneway,reversed,length,geometry,name
235013955,unclassified,False,False,43.866,"LINESTRING (121.0305671 17.1656396, 121.0305899 17.1657075, 121.030737 17.1659478, 121.0307575 17.1659881)",
"[1118812424, 1118554902]",residential,False,False,269.98,"LINESTRING (121.0305671 17.1656396, 121.0304795 17.1655174, 121.030421 17.165441, 121.030369 17.1653717, 121.0303359 17.165319, 121.0302915 17.1651886, 121.0302287 17.1648034, 121.0302213 17.1647656, 121.0301936 17.1647381, 121.0301587 17.1647289, 121.0301084 17.1647372, 121.0300245 17.1647554, 121.0297408 17.1647864, 121.0296748 17.164791, 121.0295596 17.1647802, 121.0294493 17.1647579, 121.0293972 17.1647356, 121.0293572 17.1647051, 121.0292907 17.1646434, 121.0292253 17.164588, 121.0291896 17.1645577, 121.0291291 17.1645313, 121.0289958 17.1645007, 121.0288398 17.1644262, 121.028808 17.1644143)",Sacasacan Road
235013955,unclassified,False,True,43.866,"LINESTRING (121.0307575 17.1659881, 121.030737 17.1659478, 121.0305899 17.1657075, 121.0305671 17.1656396)",
"[1118812424, 1118554902]",residential,False,True,269.98,"LINESTRING (121.028808 17.1644143, 121.0288398 17.1644262, 121.0289958 17.1645007, 121.0291291 17.1645313, 121.0291896 17.1645577, 121.0292253 17.164588, 121.0292907 17.1646434, 121.0293572 17.1647051, 121.0293972 17.1647356, 121.0294493 17.1647579, 121.0295596 17.1647802, 121.0296748 17.164791, 121.0297408 17.1647864, 121.0300245 17.1647554, 121.0301084 17.1647372, 121.0301587 17.1647289, 121.0301936 17.1647381, 121.0302213 17.1647656, 121.0302287 17.1648034, 121.0302915 17.1651886, 121.0303359 17.165319, 121.030369 17.1653717, 121.030421 17.165441, 121.0304795 17.1655174, 121.0305671 17.1656396)",Sacasacan Road
