osmid,highway,oneway,reversed,length,geometry
553358086,residential,False,True,21.734,"LINESTRING (120.2726266 5.0893289, 120.2726188 5.0891336)"
757489994,residential,False,False,39.147,"LINESTRING (120.2726266 5.0893289, 120.2726767 5.0896774)"
397255145,residential,False,True,353.966,"LINESTRING (120.2726266 5.0893289, 120.2721538 5.0893165, 120.2716041 5.0893225, 120.2712902 5.0893252, 120.2710408 5.0893385, 120.270853 5.0893706, 120.2705339 5.0894694, 120.2701181 5.0896618, 120.2699867 5.0897019, 120.2695173 5.0898381)"
553358086,residential,False,False,21.734,"LINESTRING (120.2726188 5.0891336, 120.2726266 5.0893289)"
757489994,residential,False,True,39.147,"LINESTRING (120.2726767 5.0896774, 120.2726266 5.0893289)"
397255145,residential,False,False,353.966,"LINESTRING (120.2695173 5.0898381, 120.2699867 5.0897019, 120.2701181 5.0896618, 120.2705339 5.0894694, 120.270853 5.0893706, 120.2710408 5.0893385, 120.2712902 5.0893252, 120.2716041 5.0893225, 120.2721538 5.0893165, 120.2726266 5.0893289)"
