osmid,highway,oneway,reversed,length,geometry
97820915,unclassified,False,False,180.211,"LINESTRING (124.2580748 7.7553792, 124.2580758 7.755435, 124.2580989 7.7555752, 124.2581458 7.7557984, 124.258166 7.7559154, 124.2581767 7.7560296, 124.2581894 7.7561173, 124.2582062 7.7561964, 124.2582706 7.7562921, 124.2583778 7.7564542, 124.2584778 7.756613, 124.2585904 7.7567552, 124.2586152 7.7568229, 124.2586226 7.7568655)"
557426408,residential,False,True,149.26300000000003,"LINESTRING (124.2597803 7.7562579, 124.2596271 7.7563718, 124.2595838 7.7564034, 124.2595339 7.7564353, 124.259497 7.7564559, 124.2594578 7.7564801, 124.2594085 7.7565176, 124.2593572 7.7565562, 124.2592841 7.7566034, 124.259206 7.7566532, 124.2591326 7.7567043, 124.2590538 7.7567648, 124.2589867 7.756816, 124.2589539 7.7568419, 124.2589089 7.7568658, 124.2588603 7.7568744, 124.2587879 7.7568771, 124.2587262 7.7568768, 124.2586226 7.7568655)"
97820915,unclassified,False,True,180.21099999999998,"LINESTRING (124.2586226 7.7568655, 124.2586152 7.7568229, 124.2585904 7.7567552, 124.2584778 7.756613, 124.2583778 7.7564542, 124.2582706 7.7562921, 124.2582062 7.7561964, 124.2581894 7.7561173, 124.2581767 7.7560296, 124.258166 7.7559154, 124.2581458 7.7557984, 124.2580989 7.7555752, 124.2580758 7.755435, 124.2580748 7.7553792)"
557426408,residential,False,False,149.263,"LINESTRING (124.2586226 7.7568655, 124.2587262 7.7568768, 124.2587879 7.7568771, 124.2588603 7.7568744, 124.2589089 7.7568658, 124.2589539 7.7568419, 124.2589867 7.756816, 124.2590538 7.7567648, 124.2591326 7.7567043, 124.259206 7.7566532, 124.2592841 7.7566034, 124.2593572 7.7565562, 124.2594085 7.7565176, 124.2594578 7.7564801, 124.259497 7.7564559, 124.2595339 7.7564353, 124.2595838 7.7564034, 124.2596271 7.7563718, 124.2597803 7.7562579)"
