osmid,highway,oneway,reversed,length,geometry
"[210935237, 210935215]",tertiary,False,False,118.99700000000001,"LINESTRING (122.190752 6.6082309, 122.1906656 6.6083096, 122.1905422 6.6084055, 122.1904457 6.6084561, 122.1903679 6.6084934, 122.1899924 6.6086187, 122.1897918 6.6086862)"
210935215,tertiary,False,True,386.03599999999994,"LINESTRING (122.190752 6.6082309, 122.1914193 6.6072412, 122.1917975 6.606687, 122.192124 6.6061798, 122.1926946 6.6053451)"
844460588,residential,False,True,209.37400000000002,"LINESTRING (122.1921006 6.6036202, 122.1920711 6.6036815, 122.1920603 6.6037375, 122.192055 6.6037908, 122.1920563 6.603872, 122.1920684 6.6039599, 122.1920872 6.6041052, 122.1920992 6.6041558, 122.192122 6.6042024, 122.1921556 6.604241, 122.1921971 6.6042863, 122.1922334 6.6043436, 122.1922615 6.6043863, 122.1922857 6.6044382, 122.1923313 6.6045315, 122.1923836 6.6046447, 122.1924117 6.60471, 122.1924654 6.6048645, 122.192519 6.6050111, 122.1925566 6.605099, 122.192629 6.6052349, 122.1926946 6.6053451)"
210935215,tertiary,False,False,386.03600000000006,"LINESTRING (122.1926946 6.6053451, 122.192124 6.6061798, 122.1917975 6.606687, 122.1914193 6.6072412, 122.190752 6.6082309)"
844460588,residential,False,False,209.37400000000002,"LINESTRING (122.1926946 6.6053451, 122.192629 6.6052349, 122.1925566 6.605099, 122.192519 6.6050111, 122.1924654 6.6048645, 122.1924117 6.60471, 122.1923836 6.6046447, 122.1923313 6.6045315, 122.1922857 6.6044382, 122.1922615 6.6043863, 122.1922334 6.6043436, 122.1921971 6.6042863, 122.1921556 6.604241, 122.192122 6.6042024, 122.1920992 6.6041558, 122.1920872 6.6041052, 122.1920684 6.6039599, 122.1920563 6.603872, 122.192055 6.6037908, 122.1920603 6.6037375, 122.1920711 6.6036815, 122.1921006 6.6036202)"
"[210935237, 210935215]",tertiary,False,True,118.99699999999999,"LINESTRING (122.1897918 6.6086862, 122.1899924 6.6086187, 122.1903679 6.6084934, 122.1904457 6.6084561, 122.1905422 6.6084055, 122.1906656 6.6083096, 122.190752 6.6082309)"
