osmid,highway,oneway,reversed,length,geometry
231201535,unclassified,False,False,254.35,"LINESTRING (123.0194348 13.7122716, 123.0194704 13.7122784, 123.0195201 13.7122766, 123.0199627 13.71221, 123.020033 13.7122018, 123.0200881 13.7121988, 123.0201434 13.7121941, 123.0201921 13.7121994, 123.0202416 13.7122117, 123.0204149 13.7122987, 123.0215876 13.7129365)"
615050688,residential,False,False,233.792,"LINESTRING (123.0194348 13.7122716, 123.0194793 13.7123096, 123.0200478 13.7129826, 123.0203132 13.7132267, 123.0206317 13.7135035, 123.0209617 13.7137496)"
231201535,unclassified,False,True,254.35,"LINESTRING (123.0215876 13.7129365, 123.0204149 13.7122987, 123.0202416 13.7122117, 123.0201921 13.7121994, 123.0201434 13.7121941, 123.0200881 13.7121988, 123.020033 13.7122018, 123.0199627 13.71221, 123.0195201 13.7122766, 123.0194704 13.7122784, 123.0194348 13.7122716)"
615050687,residential,False,True,113.249,"LINESTRING (123.0215876 13.7129365, 123.0215065 13.7130828, 123.0214374 13.7131898, 123.0213533 13.71329, 123.0211799 13.7135005, 123.0209617 13.7137496)"
615050687,residential,False,False,113.249,"LINESTRING (123.0209617 13.7137496, 123.0211799 13.7135005, 123.0213533 13.71329, 123.0214374 13.7131898, 123.0215065 13.7130828, 123.0215876 13.7129365)"
"[615050692, 615050687]",residential,False,True,156.46099999999998,"LINESTRING (123.0209617 13.7137496, 123.0206176 13.7140893, 123.0204177 13.7142705, 123.0203921 13.7143103, 123.0203767 13.7143463, 123.0203882 13.7143836, 123.0204535 13.714457, 123.020776 13.7147702)"
615050688,residential,False,True,233.792,"LINESTRING (123.0209617 13.7137496, 123.0206317 13.7135035, 123.0203132 13.7132267, 123.0200478 13.7129826, 123.0194793 13.7123096, 123.0194348 13.7122716)"
"[615050692, 615050687]",residential,False,False,156.46099999999998,"LINESTRING (123.020776 13.7147702, 123.0204535 13.714457, 123.0203882 13.7143836, 123.0203767 13.7143463, 123.0203921 13.7143103, 123.0204177 13.7142705, 123.0206176 13.7140893, 123.0209617 13.7137496)"
