osmid,highway,oneway,reversed,length,geometry
1119715793,residential,False,True,244.247,"LINESTRING (-92.0667225 14.8410526, -92.0669264 14.8412185, -92.0674682 14.8414882, -92.0679349 14.8418978, -92.0682192 14.8421208, -92.0684107 14.8424602)"
1119715793,residential,False,False,244.247,"LINESTRING (-92.0684107 14.8424602, -92.0682192 14.8421208, -92.0679349 14.8418978, -92.0674682 14.8414882, -92.0669264 14.8412185, -92.0667225 14.8410526)"
