osmid,name,highway,oneway,reversed,length,geometry
353737944,Calle Principal,residential,False,False,148.972,"LINESTRING (-91.2735269 14.723599, -91.2735886 14.7239362, -91.2737683 14.7244317, -91.2739802 14.7248571)"
353742075,,residential,False,False,196.825,"LINESTRING (-91.2735269 14.723599, -91.2739095 14.7234588, -91.2740155 14.7234002, -91.2740458 14.7234354, -91.2742064 14.7239921, -91.2744367 14.7245841)"
353737944,Calle Principal,residential,False,True,148.972,"LINESTRING (-91.2739802 14.7248571, -91.2737683 14.7244317, -91.2735886 14.7239362, -91.2735269 14.723599)"
353742075,,residential,False,True,196.825,"LINESTRING (-91.2744367 14.7245841, -91.2742064 14.7239921, -91.2740458 14.7234354, -91.2740155 14.7234002, -91.2739095 14.7234588, -91.2735269 14.723599)"
