osmid,highway,oneway,reversed,length,geometry
182652584,residential,False,False,367.30400000000003,"LINESTRING (125.1992643 -8.987695, 125.1991495 -8.9886726, 125.1990551 -8.9893346, 125.1988723 -8.9908915, 125.1988187 -8.9909557)"
167866518,primary,False,False,953.984,"LINESTRING (125.1988187 -8.9909557, 125.199163 -8.9908791, 125.2042042 -8.9901843, 125.2065104 -8.9898417, 125.2074121 -8.9897136)"
182652584,residential,False,False,94.66300000000001,"LINESTRING (125.1988187 -8.9909557, 125.1987956 -8.9917191, 125.1988027 -8.9918064)"
182652584,residential,False,True,367.304,"LINESTRING (125.1988187 -8.9909557, 125.1988723 -8.9908915, 125.1990551 -8.9893346, 125.1991495 -8.9886726, 125.1992643 -8.987695)"
167866518,primary,False,True,953.9839999999999,"LINESTRING (125.2074121 -8.9897136, 125.2065104 -8.9898417, 125.2042042 -8.9901843, 125.199163 -8.9908791, 125.1988187 -8.9909557)"
182652584,residential,False,True,1021.0849999999999,"LINESTRING (125.2074121 -8.9897136, 125.2072743 -8.9901543, 125.2071216 -8.9904105, 125.2070469 -8.9904914, 125.2069493 -8.9905329, 125.2061187 -8.9907378, 125.2047532 -8.9909303, 125.2040549 -8.9910501, 125.203312 -8.9911326, 125.2031468 -8.991151, 125.2019733 -8.9913649, 125.2010333 -8.9915113, 125.2002286 -8.9916703, 125.1993381 -8.991861, 125.1989821 -8.9919118, 125.1988894 -8.9918921, 125.1988027 -8.9918064)"
182652584,residential,False,False,1021.0849999999999,"LINESTRING (125.1988027 -8.9918064, 125.1988894 -8.9918921, 125.1989821 -8.9919118, 125.1993381 -8.991861, 125.2002286 -8.9916703, 125.2010333 -8.9915113, 125.2019733 -8.9913649, 125.2031468 -8.991151, 125.203312 -8.9911326, 125.2040549 -8.9910501, 125.2047532 -8.9909303, 125.2061187 -8.9907378, 125.2069493 -8.9905329, 125.2070469 -8.9904914, 125.2071216 -8.9904105, 125.2072743 -8.9901543, 125.2074121 -8.9897136)"
182652584,residential,False,True,94.66300000000001,"LINESTRING (125.1988027 -8.9918064, 125.1987956 -8.9917191, 125.1988187 -8.9909557)"
