osmid,highway,oneway,reversed,length,geometry
217329475,unclassified,False,False,174.375,"LINESTRING (13.1185092 58.0373232, 13.1164796 58.0361809)"
217329475,unclassified,False,True,174.375,"LINESTRING (13.1164796 58.0361809, 13.1185092 58.0373232)"
