osmid,highway,oneway,reversed,length,geometry
41075914,residential,False,True,164.612,"LINESTRING (39.0694151 55.5603716, 39.0672719 55.5612216)"
41075914,residential,False,False,57.36,"LINESTRING (39.0665251 55.5615178, 39.0672719 55.5612216)"
41075914,residential,False,False,164.612,"LINESTRING (39.0672719 55.5612216, 39.0694151 55.5603716)"
41075914,residential,False,True,57.36,"LINESTRING (39.0672719 55.5612216, 39.0665251 55.5615178)"
