osmid,highway,oneway,reversed,length,geometry
130452386,residential,False,False,963.641,"LINESTRING (34.3702248 44.720199, 34.3695757 44.7207643, 34.3688832 44.7213675, 34.3683678 44.7218163, 34.3683062 44.72187, 34.3682644 44.7219064, 34.3680197 44.7221671, 34.3675351 44.7229695, 34.367314 44.7232269, 34.3670034 44.7234174, 34.3665864 44.723691, 34.3665141 44.7237384, 34.3662271 44.7240058, 34.3659245 44.7243419, 34.365893 44.7243769, 34.3654566 44.7249971, 34.3651543 44.7254266, 34.3650941 44.7256357, 34.3649402 44.7261705, 34.3648532 44.7264729, 34.3646791 44.7267971, 34.3642933 44.7272952, 34.364218 44.727566)"
130452394,residential,False,False,138.25,"LINESTRING (34.3702248 44.720199, 34.3706336 44.7203899, 34.3706593 44.7204019, 34.3711251 44.720549, 34.3716897 44.7208666)"
130452386,residential,False,True,963.6410000000001,"LINESTRING (34.364218 44.727566, 34.3642933 44.7272952, 34.3646791 44.7267971, 34.3648532 44.7264729, 34.3649402 44.7261705, 34.3650941 44.7256357, 34.3651543 44.7254266, 34.3654566 44.7249971, 34.365893 44.7243769, 34.3659245 44.7243419, 34.3662271 44.7240058, 34.3665141 44.7237384, 34.3665864 44.723691, 34.3670034 44.7234174, 34.367314 44.7232269, 34.3675351 44.7229695, 34.3680197 44.7221671, 34.3682644 44.7219064, 34.3683062 44.72187, 34.3683678 44.7218163, 34.3688832 44.7213675, 34.3695757 44.7207643, 34.3702248 44.720199)"
130452394,residential,False,True,138.25,"LINESTRING (34.3716897 44.7208666, 34.3711251 44.720549, 34.3706593 44.7204019, 34.3706336 44.7203899, 34.3702248 44.720199)"
