osmid,highway,maxspeed,oneway,reversed,length,geometry,name
123418047,unclassified,90,False,True,438.58900000000006,"LINESTRING (53.5586389 54.5717647, 53.555541 54.5725153, 53.5549837 54.5726198, 53.5539675 54.5727528, 53.5521694 54.5729132)",
816178440,residential,,False,True,617.7679999999999,"LINESTRING (53.5497633 54.5773966, 53.5509525 54.5762971, 53.55217 54.5752058, 53.5527504 54.5747298, 53.5529336 54.5745586, 53.5534441 54.5740816, 53.5536423 54.5737123, 53.5535998 54.5735235, 53.552354 54.5729491, 53.5521694 54.5729132)",Центральная улица
123418047,unclassified,90,False,False,438.589,"LINESTRING (53.5521694 54.5729132, 53.5539675 54.5727528, 53.5549837 54.5726198, 53.555541 54.5725153, 53.5586389 54.5717647)",
816178440,residential,,False,False,617.768,"LINESTRING (53.5521694 54.5729132, 53.552354 54.5729491, 53.5535998 54.5735235, 53.5536423 54.5737123, 53.5534441 54.5740816, 53.5529336 54.5745586, 53.5527504 54.5747298, 53.55217 54.5752058, 53.5509525 54.5762971, 53.5497633 54.5773966)",Центральная улица
