osmid,ref,highway,oneway,reversed,length,geometry
93705113,65К-1905000,unclassified,False,False,299.22900000000004,"LINESTRING (59.9044941 58.0603647, 59.9053169 58.0608655, 59.905797 58.0611577, 59.9058982 58.0612193, 59.9076967 58.062454)"
93705114,,tertiary,False,False,249.066,"LINESTRING (59.8978146 58.0652548, 59.8983139 58.0652004, 59.89971 58.0650749, 59.9020019 58.064928)"
93705114,,tertiary,False,True,249.066,"LINESTRING (59.9020019 58.064928, 59.89971 58.0650749, 59.8983139 58.0652004, 59.8978146 58.0652548)"
590281998,,residential,False,True,433.98400000000004,"LINESTRING (59.9020019 58.064928, 59.9022374 58.0648514, 59.9025242 58.0646839, 59.9027168 58.0645798, 59.902933 58.0644856, 59.9048661 58.0636612, 59.906055 58.0631541, 59.9076967 58.062454)"
93705113,65К-1905000,unclassified,False,True,299.22900000000004,"LINESTRING (59.9076967 58.062454, 59.9058982 58.0612193, 59.905797 58.0611577, 59.9053169 58.0608655, 59.9044941 58.0603647)"
590281998,,residential,False,False,433.9840000000001,"LINESTRING (59.9076967 58.062454, 59.906055 58.0631541, 59.9048661 58.0636612, 59.902933 58.0644856, 59.9027168 58.0645798, 59.9025242 58.0646839, 59.9022374 58.0648514, 59.9020019 58.064928)"
