osmid,name,highway,oneway,reversed,length,geometry
734695360,Волжская улица,residential,False,False,190.05100000000002,"LINESTRING (45.8060786 51.1230375, 45.8064641 51.1231092, 45.8085914 51.1233468, 45.8087517 51.1233444)"
734695362,Садовая улица,residential,False,False,388.98800000000006,"LINESTRING (45.8051345 51.1220402, 45.8055962 51.1222313, 45.8060118 51.1223862, 45.8063444 51.1225141, 45.8066664 51.1225748, 45.8069157 51.1226858, 45.8073663 51.1227296, 45.8077365 51.1227414, 45.8081978 51.1227161, 45.8086673 51.122568, 45.808922 51.1225714, 45.8091487 51.1226488, 45.8087517 51.1233444)"
734695360,Волжская улица,residential,False,False,397.026,"LINESTRING (45.8116883 51.1237769, 45.8124244 51.1240023, 45.8136427 51.1244754, 45.8141922 51.124637, 45.8144154 51.1247124, 45.8148363 51.1248911, 45.8156758 51.1251403, 45.8162445 51.1252632, 45.8167729 51.1253289)"
734695360,Волжская улица,residential,False,True,217.781,"LINESTRING (45.8116883 51.1237769, 45.8110785 51.1235697, 45.8102029 51.1233101, 45.8097676 51.123281, 45.8093448 51.1233074, 45.8087517 51.1233444)"
734695360,Волжская улица,residential,False,True,397.02599999999995,"LINESTRING (45.8167729 51.1253289, 45.8162445 51.1252632, 45.8156758 51.1251403, 45.8148363 51.1248911, 45.8144154 51.1247124, 45.8141922 51.124637, 45.8136427 51.1244754, 45.8124244 51.1240023, 45.8116883 51.1237769)"
734695360,Волжская улица,residential,False,False,217.781,"LINESTRING (45.8087517 51.1233444, 45.8093448 51.1233074, 45.8097676 51.123281, 45.8102029 51.1233101, 45.8110785 51.1235697, 45.8116883 51.1237769)"
734695360,Волжская улица,residential,False,True,190.05100000000002,"LINESTRING (45.8087517 51.1233444, 45.8085914 51.1233468, 45.8064641 51.1231092, 45.8060786 51.1230375)"
734695362,Садовая улица,residential,False,True,388.988,"LINESTRING (45.8087517 51.1233444, 45.8091487 51.1226488, 45.808922 51.1225714, 45.8086673 51.122568, 45.8081978 51.1227161, 45.8077365 51.1227414, 45.8073663 51.1227296, 45.8069157 51.1226858, 45.8066664 51.1225748, 45.8063444 51.1225141, 45.8060118 51.1223862, 45.8055962 51.1222313, 45.8051345 51.1220402)"
