osmid,highway,oneway,reversed,length,geometry
541591483,residential,False,False,309.157,"LINESTRING (50.418593 58.5938649, 50.418427 58.5940577, 50.4169068 58.595925, 50.4168933 58.5961195, 50.4175349 58.5962086)"
541591483,residential,False,True,267.43899999999996,"LINESTRING (50.418593 58.5938649, 50.4201 58.592111, 50.420148 58.5916282)"
541591483,residential,False,False,267.43899999999996,"LINESTRING (50.420148 58.5916282, 50.4201 58.592111, 50.418593 58.5938649)"
541591483,residential,False,True,309.157,"LINESTRING (50.4175349 58.5962086, 50.4168933 58.5961195, 50.4169068 58.595925, 50.418427 58.5940577, 50.418593 58.5938649)"
