osmid,name,highway,oneway,reversed,length,geometry
209300016,Ленинская улица,residential,False,True,72.69999999999999,"LINESTRING (133.8981416 42.9014302, 133.8982349 42.9015424, 133.8982934 42.9016035, 133.8986489 42.9019678)"
209300016,Ленинская улица,residential,False,False,72.7,"LINESTRING (133.8986489 42.9019678, 133.8982934 42.9016035, 133.8982349 42.9015424, 133.8981416 42.9014302)"
