osmid,lanes,ref,name,highway,maxspeed,oneway,reversed,length,geometry
39465991,2,64А-13,улица Ивана Куропатко,secondary,40,False,False,84.621,"LINESTRING (142.7251279 46.8869638, 142.7252558 46.8869607, 142.7253862 46.8869572, 142.7262412 46.8869528)"
"[544717387, 440301932, 440301973, 136390484]","['1', '2', '3']",,,tertiary,"['40', '10']",True,False,134.94400000000002,"LINESTRING (142.7251279 46.8869638, 142.7250531 46.8869813, 142.7249903 46.8870138, 142.7249463 46.8870585, 142.7248673 46.8871184, 142.7248754 46.8873116, 142.7248898 46.8876992, 142.7248963 46.8878389, 142.7248675 46.8878654, 142.7248172 46.8878739, 142.7245509 46.8878735)"
39465991,2,64А-13,улица Ивана Куропатко,secondary,40,False,True,84.621,"LINESTRING (142.7262412 46.8869528, 142.7253862 46.8869572, 142.7252558 46.8869607, 142.7251279 46.8869638)"
154246644,2,,,unclassified,,False,False,198.48999999999998,"LINESTRING (142.7262412 46.8869528, 142.7262239 46.8866717, 142.7262251 46.8866488, 142.7261983 46.8862547, 142.7260383 46.8862576, 142.7250448 46.8862757, 142.7248059 46.8862789, 142.7247856 46.8861453)"
154246644,2,,,unclassified,,False,True,198.48999999999998,"LINESTRING (142.7247856 46.8861453, 142.7248059 46.8862789, 142.7250448 46.8862757, 142.7260383 46.8862576, 142.7261983 46.8862547, 142.7262251 46.8866488, 142.7262239 46.8866717, 142.7262412 46.8869528)"
"[1209628068, 1209951574]",,,,tertiary,,True,False,88.86099999999999,"LINESTRING (142.7245509 46.8878735, 142.7242147 46.8878773, 142.724163 46.8878568, 142.7241601 46.8877133, 142.7242166 46.8876511, 142.7243601 46.8875512, 142.7244614 46.887394)"
"[332520080, 1209951581]",2,,,tertiary,10,True,False,55.334,"LINESTRING (142.7245509 46.8878735, 142.7244966 46.8878428, 142.7244769 46.8876357, 142.7244614 46.887394)"
"[440301970, 332519932, 440301927]","['1', '2', '3']",,,tertiary,"['40', '10']",True,False,150.694,"LINESTRING (142.7244614 46.887394, 142.7244584 46.8873276, 142.7244447 46.8869919, 142.724445 46.88681, 142.7244688 46.886752, 142.7244973 46.8867029, 142.7245698 46.8866641, 142.7246336 46.8866461, 142.7246719 46.8866457, 142.7247382 46.8866389, 142.7247696 46.8866541, 142.7248042 46.8866818, 142.7248352 46.8867476, 142.7248445 46.8868698, 142.7249223 46.8869165, 142.7249898 46.8869463, 142.7250569 46.8869552, 142.7251279 46.8869638)"
