osmid,name,highway,oneway,reversed,length,geometry
785077703,улица Черниговка,residential,False,True,372.231,"LINESTRING (54.9869867 54.3430591, 54.9881334 54.3432571, 54.9890606 54.3433892, 54.9908868 54.3436698, 54.9925657 54.3438385)"
837857362,,residential,False,False,172.382,"LINESTRING (54.9869867 54.3430591, 54.9867743 54.342927, 54.9866681 54.3425846, 54.9867318 54.3421761, 54.9869442 54.3415777)"
837857362,,residential,False,True,172.382,"LINESTRING (54.9869442 54.3415777, 54.9867318 54.3421761, 54.9866681 54.3425846, 54.9867743 54.342927, 54.9869867 54.3430591)"
785077703,улица Черниговка,residential,False,False,372.231,"LINESTRING (54.9925657 54.3438385, 54.9908868 54.3436698, 54.9890606 54.3433892, 54.9881334 54.3432571, 54.9869867 54.3430591)"
