osmid,highway,oneway,reversed,length,geometry
212932433,unclassified,False,True,197.74,"LINESTRING (30.6395364 38.6862033, 30.6400304 38.6858426, 30.6404823 38.6854655, 30.6410044 38.6850215, 30.6410816 38.6849049)"
212945863,residential,False,True,758.0710000000001,"LINESTRING (30.6478761 38.6812214, 30.6477469 38.6812911, 30.6476587 38.6815513, 30.6475926 38.6817535, 30.6473805 38.6818976, 30.6468791 38.6820567, 30.6459121 38.6824159, 30.6457302 38.6825213, 30.6455622 38.682689, 30.6453583 38.6830675, 30.6452371 38.683317, 30.6451572 38.6834116, 30.6445649 38.683775, 30.6442866 38.6839449, 30.6437384 38.6841664, 30.6436337 38.6841858, 30.6429414 38.6843148, 30.6427477 38.6843962, 30.6421085 38.6845338, 30.6417063 38.6846973, 30.6410816 38.6849049)"
212932433,unclassified,False,False,197.74,"LINESTRING (30.6410816 38.6849049, 30.6410044 38.6850215, 30.6404823 38.6854655, 30.6400304 38.6858426, 30.6395364 38.6862033)"
212945863,residential,False,False,758.071,"LINESTRING (30.6410816 38.6849049, 30.6417063 38.6846973, 30.6421085 38.6845338, 30.6427477 38.6843962, 30.6429414 38.6843148, 30.6436337 38.6841858, 30.6437384 38.6841664, 30.6442866 38.6839449, 30.6445649 38.683775, 30.6451572 38.6834116, 30.6452371 38.683317, 30.6453583 38.6830675, 30.6455622 38.682689, 30.6457302 38.6825213, 30.6459121 38.6824159, 30.6468791 38.6820567, 30.6473805 38.6818976, 30.6475926 38.6817535, 30.6476587 38.6815513, 30.6477469 38.6812911, 30.6478761 38.6812214)"
