osmid,highway,oneway,reversed,length,geometry
213731797,unclassified,False,True,286.14,"LINESTRING (30.6847467 40.6611132, 30.6847409 40.6611995, 30.6847598 40.6613535, 30.6847787 40.6616043, 30.6847693 40.6620361, 30.6848 40.66226, 30.6848945 40.6625287, 30.6850291 40.6628906, 30.6850999 40.6631467, 30.6851023 40.6633151, 30.6850881 40.6635122, 30.685079 40.6636545)"
213731797,unclassified,False,False,286.13999999999993,"LINESTRING (30.685079 40.6636545, 30.6850881 40.6635122, 30.6851023 40.6633151, 30.6850999 40.6631467, 30.6850291 40.6628906, 30.6848945 40.6625287, 30.6848 40.66226, 30.6847693 40.6620361, 30.6847787 40.6616043, 30.6847598 40.6613535, 30.6847409 40.6611995, 30.6847467 40.6611132)"
213731797,unclassified,False,True,146.68699999999998,"LINESTRING (30.685079 40.6636545, 30.6850645 40.6638812, 30.6850243 40.6644168, 30.6849984 40.6649722)"
213732381,unclassified,False,False,56.071,"LINESTRING (30.685079 40.6636545, 30.6847008 40.6636433, 30.6846158 40.6636433, 30.6845497 40.6636845, 30.6844765 40.6637525)"
213732381,unclassified,False,True,56.071,"LINESTRING (30.6844765 40.6637525, 30.6845497 40.6636845, 30.6846158 40.6636433, 30.6847008 40.6636433, 30.685079 40.6636545)"
213731797,unclassified,False,False,146.687,"LINESTRING (30.6849984 40.6649722, 30.6850243 40.6644168, 30.6850645 40.6638812, 30.685079 40.6636545)"
