osmid,highway,oneway,reversed,length,geometry
342928883,residential,False,False,549.0830000000001,"LINESTRING (33.2363687 41.186841, 33.2368295 41.1869206, 33.2369914 41.1870097, 33.2373339 41.187483, 33.2374335 41.1877079, 33.2375332 41.1880313, 33.237776 41.1883593, 33.2384112 41.189081, 33.2387475 41.1892825, 33.2392955 41.1898729, 33.2396193 41.1901682, 33.2399057 41.1905243, 33.2400303 41.1907446)"
342928887,residential,False,True,13.841,"LINESTRING (33.2400303 41.1907446, 33.2399742 41.1908617)"
342928883,residential,False,True,549.0830000000001,"LINESTRING (33.2400303 41.1907446, 33.2399057 41.1905243, 33.2396193 41.1901682, 33.2392955 41.1898729, 33.2387475 41.1892825, 33.2384112 41.189081, 33.237776 41.1883593, 33.2375332 41.1880313, 33.2374335 41.1877079, 33.2373339 41.187483, 33.2369914 41.1870097, 33.2368295 41.1869206, 33.2363687 41.186841)"
342928887,residential,False,False,13.841,"LINESTRING (33.2399742 41.1908617, 33.2400303 41.1907446)"
342928887,residential,False,True,391.33500000000004,"LINESTRING (33.2399742 41.1908617, 33.2398123 41.1909414, 33.2393017 41.1910726, 33.2390588 41.1912038, 33.2389094 41.1913912, 33.2387786 41.1916864, 33.2385918 41.1918926, 33.2384237 41.1921269, 33.2382708 41.1924433, 33.2382708 41.1928838, 33.2383829 41.1933337, 33.2383705 41.1934508, 33.2381338 41.1937461)"
342928930,living_street,False,True,78.783,"LINESTRING (33.2399742 41.1908617, 33.2400988 41.191021, 33.2401922 41.1911194, 33.2403914 41.1912178, 33.2406841 41.1912553)"
342928930,living_street,False,False,78.783,"LINESTRING (33.2406841 41.1912553, 33.2403914 41.1912178, 33.2401922 41.1911194, 33.2400988 41.191021, 33.2399742 41.1908617)"
342928887,residential,False,False,391.33500000000004,"LINESTRING (33.2381338 41.1937461, 33.2383705 41.1934508, 33.2383829 41.1933337, 33.2382708 41.1928838, 33.2382708 41.1924433, 33.2384237 41.1921269, 33.2385918 41.1918926, 33.2387786 41.1916864, 33.2389094 41.1913912, 33.2390588 41.1912038, 33.2393017 41.1910726, 33.2398123 41.1909414, 33.2399742 41.1908617)"
