osmid,highway,oneway,reversed,length,geometry
42871754,tertiary,False,False,265.566,"LINESTRING (35.5370752 37.0475856, 35.5374784 37.0477408, 35.5377316 37.0478254, 35.5385086 37.0479429, 35.5391856 37.0480744, 35.5395682 37.0481825, 35.5399034 37.0483198)"
236256215,residential,False,True,303.139,"LINESTRING (35.5370752 37.0475856, 35.5371194 37.0477173, 35.5371194 37.0478395, 35.5372018 37.0479899, 35.5373666 37.0482013, 35.5374196 37.0483563, 35.5374314 37.0485725, 35.5373254 37.0491926, 35.5373489 37.0494228, 35.5375667 37.0498974, 35.5376374 37.0502075)"
42871754,tertiary,False,True,265.566,"LINESTRING (35.5399034 37.0483198, 35.5395682 37.0481825, 35.5391856 37.0480744, 35.5385086 37.0479429, 35.5377316 37.0478254, 35.5374784 37.0477408, 35.5370752 37.0475856)"
236256216,residential,False,False,297.31399999999996,"LINESTRING (35.5399034 37.0483198, 35.5394446 37.0486288, 35.5389442 37.0490047, 35.5387794 37.0491832, 35.5387382 37.0493524, 35.5386381 37.0494792, 35.5381672 37.0499115, 35.5379553 37.05009, 35.5377963 37.0501746, 35.5376374 37.0502075)"
236256215,residential,False,False,303.139,"LINESTRING (35.5376374 37.0502075, 35.5375667 37.0498974, 35.5373489 37.0494228, 35.5373254 37.0491926, 35.5374314 37.0485725, 35.5374196 37.0483563, 35.5373666 37.0482013, 35.5372018 37.0479899, 35.5371194 37.0478395, 35.5371194 37.0477173, 35.5370752 37.0475856)"
236256216,residential,False,False,108.927,"LINESTRING (35.5376374 37.0502075, 35.5374372 37.0502638, 35.5373784 37.0503531, 35.5373489 37.0505034, 35.5372665 37.0505692, 35.536772 37.0508135)"
236256216,residential,False,True,297.31399999999996,"LINESTRING (35.5376374 37.0502075, 35.5377963 37.0501746, 35.5379553 37.05009, 35.5381672 37.0499115, 35.5386381 37.0494792, 35.5387382 37.0493524, 35.5387794 37.0491832, 35.5389442 37.0490047, 35.5394446 37.0486288, 35.5399034 37.0483198)"
236256216,residential,False,True,108.92699999999999,"LINESTRING (35.536772 37.0508135, 35.5372665 37.0505692, 35.5373489 37.0505034, 35.5373784 37.0503531, 35.5374372 37.0502638, 35.5376374 37.0502075)"
