osmid,highway,oneway,reversed,length,geometry
1077351634,residential,False,True,98.836,"LINESTRING (27.6110555 41.7042632, 27.610724 41.7040557, 27.6106435 41.7039796, 27.6104611 41.7035309)"
1077351634,residential,False,False,98.836,"LINESTRING (27.6104611 41.7035309, 27.6106435 41.7039796, 27.610724 41.7040557, 27.6110555 41.7042632)"
