osmid,highway,oneway,reversed,length,geometry
238804748,unclassified,False,False,488.12199999999996,"LINESTRING (42.7030858 39.2186469, 42.70307 39.2189412, 42.7030724 39.219376, 42.7032947 39.2200833, 42.7034361 39.2207873, 42.7036961 39.2222409, 42.7038585 39.2226748, 42.7039508 39.2228308, 42.7040645 39.2229252)"
238804748,unclassified,False,True,488.12199999999996,"LINESTRING (42.7040645 39.2229252, 42.7039508 39.2228308, 42.7038585 39.2226748, 42.7036961 39.2222409, 42.7034361 39.2207873, 42.7032947 39.2200833, 42.7030724 39.219376, 42.70307 39.2189412, 42.7030858 39.2186469)"
