osmid,highway,oneway,reversed,length,geometry
896427188,tertiary,False,False,9.38,"LINESTRING (35.014833 41.9655159, 35.0149427 41.9655374)"
896427188,tertiary,False,True,141.356,"LINESTRING (35.015949 41.9664111, 35.0159339 41.9663535, 35.0159182 41.9662936, 35.015852 41.9660408, 35.0157894 41.9659602, 35.0156891 41.965831, 35.0155652 41.9657094, 35.0153909 41.9656252, 35.015128 41.9655737, 35.0149427 41.9655374)"
918556019,residential,False,False,119.119,"LINESTRING (35.015949 41.9664111, 35.0157469 41.9666146, 35.0155641 41.9667645, 35.0154569 41.9668676, 35.0152678 41.9669004, 35.0151354 41.9668348, 35.0150724 41.966713, 35.0150094 41.9666333)"
918556019,residential,False,True,119.119,"LINESTRING (35.0150094 41.9666333, 35.0150724 41.966713, 35.0151354 41.9668348, 35.0152678 41.9669004, 35.0154569 41.9668676, 35.0155641 41.9667645, 35.0157469 41.9666146, 35.015949 41.9664111)"
896427188,tertiary,False,True,9.38,"LINESTRING (35.0149427 41.9655374, 35.014833 41.9655159)"
896427188,tertiary,False,False,141.356,"LINESTRING (35.0149427 41.9655374, 35.015128 41.9655737, 35.0153909 41.9656252, 35.0155652 41.9657094, 35.0156891 41.965831, 35.0157894 41.9659602, 35.015852 41.9660408, 35.0159182 41.9662936, 35.0159339 41.9663535, 35.015949 41.9664111)"
918556020,residential,False,False,135.815,"LINESTRING (35.0149427 41.9655374, 35.0152867 41.9654616, 35.0157217 41.9654147, 35.0159864 41.965335, 35.0161818 41.9652694, 35.0163457 41.9652179, 35.0164781 41.9651429)"
918556020,residential,False,True,135.815,"LINESTRING (35.0164781 41.9651429, 35.0163457 41.9652179, 35.0161818 41.9652694, 35.0159864 41.965335, 35.0157217 41.9654147, 35.0152867 41.9654616, 35.0149427 41.9655374)"
