osmid,name,highway,oneway,reversed,length,geometry
38093265,Rue de la Mairie,unclassified,False,False,68.95500000000001,"LINESTRING (166.4586035 -22.1679868, 166.4585756 -22.1680155, 166.4583658 -22.1682512, 166.4583108 -22.1683072, 166.4582319 -22.1683875, 166.4582227 -22.1684789)"
38093265,Rue de la Mairie,unclassified,False,True,68.955,"LINESTRING (166.4582227 -22.1684789, 166.4582319 -22.1683875, 166.4583108 -22.1683072, 166.4583658 -22.1682512, 166.4585756 -22.1680155, 166.4586035 -22.1679868)"
143671479,Rue de la Mairie,unclassified,True,False,229.26200000000006,"LINESTRING (166.4582227 -22.1684789, 166.4582237 -22.1685351, 166.4584263 -22.1686442, 166.4588326 -22.16887, 166.4588935 -22.1689284, 166.4589488 -22.1690118, 166.4590184 -22.1690323, 166.45908 -22.169006, 166.4591021 -22.1689621, 166.459099 -22.1689109, 166.4590579 -22.1688567, 166.4589757 -22.1688479, 166.4589014 -22.1688377, 166.4588509 -22.1688216, 166.4584765 -22.1686315, 166.4584467 -22.1686158, 166.4582479 -22.1685108, 166.4582227 -22.1684789)"
