osmid,highway,oneway,reversed,length,geometry
48444158,unclassified,False,False,132.829,"LINESTRING (-0.5978442 48.5495247, -0.5975525 48.5497131, -0.5969545 48.5501651, -0.5967695 48.5502743, -0.5966165 48.5503136, -0.5965396 48.5503079)"
48444158,unclassified,False,True,132.829,"LINESTRING (-0.5965396 48.5503079, -0.5966165 48.5503136, -0.5967695 48.5502743, -0.5969545 48.5501651, -0.5975525 48.5497131, -0.5978442 48.5495247)"
