osmid,name,highway,oneway,reversed,length,geometry,maxspeed
467475219,Brunnersbergstrasse,residential,False,False,69.378,"LINESTRING (7.6743397 47.3200397, 7.6742804 47.320154, 7.674265 47.3201868, 7.674259 47.3201995, 7.6742367 47.3202471, 7.6741572 47.3204559, 7.6741323 47.3205097, 7.6741071 47.3205536, 7.6740778 47.3205856, 7.6740456 47.3206076, 7.6740243 47.3206171)",
467475219,Brunnersbergstrasse,residential,False,True,69.378,"LINESTRING (7.6740243 47.3206171, 7.6740456 47.3206076, 7.6740778 47.3205856, 7.6741071 47.3205536, 7.6741323 47.3205097, 7.6741572 47.3204559, 7.6742367 47.3202471, 7.674259 47.3201995, 7.674265 47.3201868, 7.6742804 47.320154, 7.6743397 47.3200397)",
"[27193407, 616132190, 616132191]",Brunnersbergstrasse,"['residential', 'unclassified']",False,False,511.84900000000005,"LINESTRING (7.6740243 47.3206171, 7.673995 47.3206223, 7.6739521 47.3206241, 7.6737114 47.3206132, 7.6736159 47.3206153, 7.6732897 47.3206408, 7.6726138 47.3210011, 7.6707436 47.3215193, 7.670315 47.3216381, 7.6694884 47.3219653, 7.668623 47.3223047, 7.6681751 47.322714)",40
900449494,Oberbergstrasse,residential,False,False,36.174,"LINESTRING (7.6740243 47.3206171, 7.6741111 47.3207087, 7.6741701 47.3207598, 7.6742319 47.3208033, 7.6743094 47.3208481, 7.6743358 47.3208611)",
"[616132190, 616132191, 27193407]",Brunnersbergstrasse,"['unclassified', 'residential']",False,True,511.849,"LINESTRING (7.6681751 47.322714, 7.668623 47.3223047, 7.6694884 47.3219653, 7.670315 47.3216381, 7.6707436 47.3215193, 7.6726138 47.3210011, 7.6732897 47.3206408, 7.6736159 47.3206153, 7.6737114 47.3206132, 7.6739521 47.3206241, 7.673995 47.3206223, 7.6740243 47.3206171)",40
900449494,Oberbergstrasse,residential,False,True,36.174,"LINESTRING (7.6743358 47.3208611, 7.6743094 47.3208481, 7.6742319 47.3208033, 7.6741701 47.3207598, 7.6741111 47.3207087, 7.6740243 47.3206171)",
