osmid,highway,oneway,reversed,length,geometry
386258412,unclassified,False,False,15.151,"LINESTRING (48.6261975 15.9564263, 48.6261859 15.9565621)"
386258412,unclassified,False,True,15.151,"LINESTRING (48.6261859 15.9565621, 48.6261975 15.9564263)"
