osmid,highway,oneway,reversed,length,geometry
627056152,unclassified,False,False,37.605,"LINESTRING (43.666463 15.8757431, 43.666175 15.8759371)"
627056152,unclassified,False,True,786.1329999999998,"LINESTRING (43.668471 15.881654, 43.6681813 15.8814477, 43.667838 15.8810504, 43.6676449 15.8807563, 43.6675215 15.8802816, 43.6674303 15.8801061, 43.667205 15.8799513, 43.6671674 15.8798327, 43.6671299 15.8797811, 43.6670119 15.8797243, 43.6669528 15.8793786, 43.6670333 15.8792238, 43.6672533 15.8789607, 43.6671889 15.8786924, 43.6670601 15.8786356, 43.6667383 15.8785582, 43.6664754 15.8781351, 43.6661106 15.8778359, 43.665998 15.8776243, 43.6659926 15.8772992, 43.665821 15.8770206, 43.6658639 15.8767781, 43.6660033 15.8766336, 43.6660838 15.8764066, 43.666175 15.8759371)"
627056152,unclassified,False,True,37.605,"LINESTRING (43.666175 15.8759371, 43.666463 15.8757431)"
627056152,unclassified,False,False,786.1329999999999,"LINESTRING (43.666175 15.8759371, 43.6660838 15.8764066, 43.6660033 15.8766336, 43.6658639 15.8767781, 43.665821 15.8770206, 43.6659926 15.8772992, 43.665998 15.8776243, 43.6661106 15.8778359, 43.6664754 15.8781351, 43.6667383 15.8785582, 43.6670601 15.8786356, 43.6671889 15.8786924, 43.6672533 15.8789607, 43.6670333 15.8792238, 43.6669528 15.8793786, 43.6670119 15.8797243, 43.6671299 15.8797811, 43.6671674 15.8798327, 43.667205 15.8799513, 43.6674303 15.8801061, 43.6675215 15.8802816, 43.6676449 15.8807563, 43.667838 15.8810504, 43.6681813 15.8814477, 43.668471 15.881654)"
