osmid,name,highway,oneway,reversed,length,geometry
655070797,شارع جبله,tertiary,False,True,1100.359,"LINESTRING (44.1493831 13.9240328, 44.1493097 13.9238828, 44.1489647 13.9235059, 44.1488001 13.9233152, 44.148501 13.9231606, 44.1482834 13.9229872, 44.1478956 13.9228812, 44.1474687 13.922899, 44.1472085 13.9229069, 44.1467715 13.9228023, 44.1465375 13.9227926, 44.1463865 13.9225983, 44.1463372 13.9224069, 44.1464605 13.922048, 44.1466269 13.9216652, 44.1465883 13.9213647, 44.14656 13.9212954, 44.146529 13.9212197, 44.1463927 13.9211406, 44.1459486 13.9210943, 44.1455699 13.9210032, 44.1454106 13.9208074, 44.1453841 13.9206597, 44.1451806 13.9205549, 44.1449381 13.9205326, 44.1446196 13.9203316, 44.144317 13.9202629, 44.1439772 13.9201101, 44.1435932 13.9199761, 44.1432446 13.9199692, 44.1429636 13.9198502, 44.1427863 13.9197751, 44.142397 13.9195226, 44.1422731 13.9194814, 44.1420448 13.919545, 44.1419988 13.9195948)"
655070797,شارع جبله,tertiary,False,False,1100.3589999999995,"LINESTRING (44.1419988 13.9195948, 44.1420448 13.919545, 44.1422731 13.9194814, 44.142397 13.9195226, 44.1427863 13.9197751, 44.1429636 13.9198502, 44.1432446 13.9199692, 44.1435932 13.9199761, 44.1439772 13.9201101, 44.144317 13.9202629, 44.1446196 13.9203316, 44.1449381 13.9205326, 44.1451806 13.9205549, 44.1453841 13.9206597, 44.1454106 13.9208074, 44.1455699 13.9210032, 44.1459486 13.9210943, 44.1463927 13.9211406, 44.146529 13.9212197, 44.14656 13.9212954, 44.1465883 13.9213647, 44.1466269 13.9216652, 44.1464605 13.922048, 44.1463372 13.9224069, 44.1463865 13.9225983, 44.1465375 13.9227926, 44.1467715 13.9228023, 44.1472085 13.9229069, 44.1474687 13.922899, 44.1478956 13.9228812, 44.1482834 13.9229872, 44.148501 13.9231606, 44.1488001 13.9233152, 44.1489647 13.9235059, 44.1493097 13.9238828, 44.1493831 13.9240328)"
