osmid,highway,oneway,reversed,length,geometry
629041680,residential,False,False,122.175,"LINESTRING (44.4202566 14.2918635, 44.420608 14.2914892, 44.4207609 14.2912994, 44.4208381 14.2909555)"
629041682,residential,False,False,280.6,"LINESTRING (44.4183898 14.290096, 44.4196021 14.2905119, 44.4208381 14.2909555)"
629041680,residential,False,True,122.17500000000001,"LINESTRING (44.4208381 14.2909555, 44.4207609 14.2912994, 44.420608 14.2914892, 44.4202566 14.2918635)"
629041682,residential,False,True,280.6,"LINESTRING (44.4208381 14.2909555, 44.4196021 14.2905119, 44.4183898 14.290096)"
