osmid,highway,oneway,reversed,length,geometry
496749325,unclassified,False,False,85.394,"LINESTRING (44.418776 16.7031014, 44.4185883 16.7032863, 44.4183952 16.7033017, 44.4180626 16.7033634)"
496749325,unclassified,False,True,85.394,"LINESTRING (44.4180626 16.7033634, 44.4183952 16.7033017, 44.4185883 16.7032863, 44.418776 16.7031014)"
663359849,residential,False,True,505.99099999999993,"LINESTRING (44.4180626 16.7033634, 44.4180116 16.7032426, 44.4179928 16.7028521, 44.4177943 16.7027365, 44.4176388 16.7027006, 44.4173276 16.7025824, 44.4170916 16.7023974, 44.4169843 16.7021868, 44.4169307 16.7018733, 44.4168663 16.701637, 44.4167161 16.7014417, 44.4164479 16.7012516, 44.4162118 16.7011591, 44.4159222 16.7011591, 44.4157076 16.7011386, 44.4154233 16.7010153, 44.4152114 16.7006376, 44.4151121 16.7004321)"
663359849,residential,False,False,505.9910000000001,"LINESTRING (44.4151121 16.7004321, 44.4152114 16.7006376, 44.4154233 16.7010153, 44.4157076 16.7011386, 44.4159222 16.7011591, 44.4162118 16.7011591, 44.4164479 16.7012516, 44.4167161 16.7014417, 44.4168663 16.701637, 44.4169307 16.7018733, 44.4169843 16.7021868, 44.4170916 16.7023974, 44.4173276 16.7025824, 44.4176388 16.7027006, 44.4177943 16.7027365, 44.4179928 16.7028521, 44.4180116 16.7032426, 44.4180626 16.7033634)"
663359849,residential,False,True,106.515,"LINESTRING (44.4151121 16.7004321, 44.4150692 16.700278, 44.4150665 16.7000596, 44.4150317 16.6998541, 44.4146749 16.6997076)"
663359849,residential,False,False,106.51500000000001,"LINESTRING (44.4146749 16.6997076, 44.4150317 16.6998541, 44.4150665 16.7000596, 44.4150692 16.700278, 44.4151121 16.7004321)"
