osmid,highway,oneway,reversed,length,geometry
788784441,residential,False,True,951.035,"LINESTRING (45.8251843 15.0313566, 45.8250475 15.0311494, 45.8249778 15.0309499, 45.8250019 15.0308333, 45.8250944 15.0307181, 45.8254565 15.0305212, 45.8258589 15.0302673, 45.8260238 15.0302155, 45.826111 15.0302336, 45.8262438 15.0303282, 45.8264154 15.0304571, 45.8265851 15.0305944, 45.8267802 15.0308016, 45.8269941 15.030979, 45.8270806 15.0311099, 45.8271182 15.0313423, 45.8270726 15.031648, 45.827086 15.031806, 45.8271544 15.031942, 45.8272295 15.0320599, 45.8273676 15.032157, 45.8275768 15.0322607, 45.8277445 15.0323604, 45.8278772 15.0324614, 45.8280314 15.0325326, 45.8281146 15.0325961, 45.82812 15.0327114, 45.8282071 15.0329199, 45.8283372 15.0331764, 45.8284472 15.0333694, 45.8285049 15.0334121, 45.828592 15.0334147, 45.8286886 15.0333668, 45.8288857 15.03321, 45.8290024 15.0330857, 45.8290668 15.0330468, 45.8292666 15.0330378, 45.8294852 15.0330054, 45.829626 15.0330015, 45.8297085 15.0330391, 45.8297655 15.0330838, 45.8298808 15.0331699, 45.8299707 15.0331906, 45.8302523 15.0332036, 45.8308903 15.0331392)"
788784441,residential,False,False,951.0350000000002,"LINESTRING (45.8308903 15.0331392, 45.8302523 15.0332036, 45.8299707 15.0331906, 45.8298808 15.0331699, 45.8297655 15.0330838, 45.8297085 15.0330391, 45.829626 15.0330015, 45.8294852 15.0330054, 45.8292666 15.0330378, 45.8290668 15.0330468, 45.8290024 15.0330857, 45.8288857 15.03321, 45.8286886 15.0333668, 45.828592 15.0334147, 45.8285049 15.0334121, 45.8284472 15.0333694, 45.8283372 15.0331764, 45.8282071 15.0329199, 45.82812 15.0327114, 45.8281146 15.0325961, 45.8280314 15.0325326, 45.8278772 15.0324614, 45.8277445 15.0323604, 45.8275768 15.0322607, 45.8273676 15.032157, 45.8272295 15.0320599, 45.8271544 15.031942, 45.827086 15.031806, 45.8270726 15.031648, 45.8271182 15.0313423, 45.8270806 15.0311099, 45.8269941 15.030979, 45.8267802 15.0308016, 45.8265851 15.0305944, 45.8264154 15.0304571, 45.8262438 15.0303282, 45.826111 15.0302336, 45.8260238 15.0302155, 45.8258589 15.0302673, 45.8254565 15.0305212, 45.8250944 15.0307181, 45.8250019 15.0308333, 45.8249778 15.0309499, 45.8250475 15.0311494, 45.8251843 15.0313566)"
