osmid,lanes,name,highway,maxspeed,oneway,reversed,length,geometry
6970994,1,Beitelweg,unclassified,60,False,False,176.387,"LINESTRING (5.5752543 52.2469343, 5.575073 52.2485167)"
6970994,1,Beitelweg,unclassified,60,False,True,176.387,"LINESTRING (5.575073 52.2485167, 5.5752543 52.2469343)"
6970994,1,Beitelweg,unclassified,60,False,False,312.143,"LINESTRING (5.575073 52.2485167, 5.575199 52.2485947, 5.5757755 52.2489593, 5.577141 52.2498228, 5.5774046 52.250007, 5.5781204 52.2504241, 5.5782638 52.2505309)"
6970994,1,Beitelweg,unclassified,60,False,True,312.143,"LINESTRING (5.5782638 52.2505309, 5.5781204 52.2504241, 5.5774046 52.250007, 5.577141 52.2498228, 5.5757755 52.2489593, 5.575199 52.2485947, 5.575073 52.2485167)"
