osmid,highway,oneway,reversed,length,geometry,ref,name
49476976,tertiary,False,True,308.36400000000003,"LINESTRING (-71.90478 18.2412641, -71.9056032 18.2417959, -71.9059638 18.2421757, -71.9060645 18.2425348, -71.9063074 18.2434508)",,
179463379,secondary,False,True,198.005,"LINESTRING (-71.90478 18.2412641, -71.9047645 18.2413106, -71.9047295 18.2413718, -71.9046664 18.2414643, -71.9045618 18.241613, -71.9044056 18.2418593, -71.9043057 18.2420763, -71.9041558 18.2423344, -71.9040327 18.2425238, -71.9039434 18.2426453, -71.9039083 18.2426811, -71.9038667 18.2427104, -71.9037916 18.2427571)",RD 402,Route Départementale 402
179463379,secondary,False,False,198.00500000000002,"LINESTRING (-71.9037916 18.2427571, -71.9038667 18.2427104, -71.9039083 18.2426811, -71.9039434 18.2426453, -71.9040327 18.2425238, -71.9041558 18.2423344, -71.9043057 18.2420763, -71.9044056 18.2418593, -71.9045618 18.241613, -71.9046664 18.2414643, -71.9047295 18.2413718, -71.9047645 18.2413106, -71.90478 18.2412641)",RD 402,Route Départementale 402
1029579298,residential,False,True,190.662,"LINESTRING (-71.9081095 18.2433705, -71.9080925 18.2433778, -71.9063074 18.2434508)",,
49476976,tertiary,False,False,308.36400000000003,"LINESTRING (-71.9063074 18.2434508, -71.9060645 18.2425348, -71.9059638 18.2421757, -71.9056032 18.2417959, -71.90478 18.2412641)",,
1029579298,residential,False,False,190.662,"LINESTRING (-71.9063074 18.2434508, -71.9080925 18.2433778, -71.9081095 18.2433705)",,
