osmid,ref,name,highway,oneway,reversed,length,geometry
680854741,RD 204,Route Départementale 204,secondary,False,False,212.31599999999997,"LINESTRING (-73.6353869 18.3573902, -73.6356424 18.3571816, -73.6369122 18.3561452)"
"[48545072, 974420722]",,,unclassified,False,False,906.93,"LINESTRING (-73.6369122 18.3561452, -73.6363102 18.3557425, -73.6357563 18.3554522, -73.6356305 18.3554118, -73.6353501 18.3552386, -73.6351449 18.3551358, -73.6340855 18.3546156, -73.6338531 18.3545572, -73.6336286 18.3544955, -73.6334669 18.3544197, -73.6332268 18.3542733, -73.6328459 18.3540582, -73.6319938 18.3535861, -73.6316505 18.3534079, -73.6310068 18.352965, -73.6309102 18.352909, -73.6308405 18.3528351, -73.6307547 18.3526493, -73.6305267 18.3525577, -73.6302209 18.3525449, -73.6299178 18.3525577, -73.6294323 18.3525984)"
680854741,RD 204,Route Départementale 204,secondary,False,True,212.31599999999997,"LINESTRING (-73.6369122 18.3561452, -73.6356424 18.3571816, -73.6353869 18.3573902)"
"[48545072, 974420722]",,,unclassified,False,True,906.9299999999998,"LINESTRING (-73.6294323 18.3525984, -73.6299178 18.3525577, -73.6302209 18.3525449, -73.6305267 18.3525577, -73.6307547 18.3526493, -73.6308405 18.3528351, -73.6309102 18.352909, -73.6310068 18.352965, -73.6316505 18.3534079, -73.6319938 18.3535861, -73.6328459 18.3540582, -73.6332268 18.3542733, -73.6334669 18.3544197, -73.6336286 18.3544955, -73.6338531 18.3545572, -73.6340855 18.3546156, -73.6351449 18.3551358, -73.6353501 18.3552386, -73.6356305 18.3554118, -73.6357563 18.3554522, -73.6363102 18.3557425, -73.6369122 18.3561452)"
