osmid,name,highway,oneway,reversed,length,geometry
41847183,شارع العبيدية,secondary,False,True,257.123,"LINESTRING (35.2786179 31.7198337, 35.2784087 31.7197968, 35.2781606 31.7196855, 35.2775845 31.7191852, 35.2766604 31.7182895)"
41920174,,tertiary,False,False,457.094,"LINESTRING (35.2786179 31.7198337, 35.278677 31.7197054, 35.2788561 31.7190804, 35.2792033 31.7187258, 35.2796676 31.7184334, 35.2797845 31.7182433, 35.2798247 31.7180605, 35.2797296 31.7169081, 35.2799466 31.7162595, 35.2799252 31.7161832, 35.2798679 31.7161355)"
41847183,شارع العبيدية,secondary,False,False,257.123,"LINESTRING (35.2766604 31.7182895, 35.2775845 31.7191852, 35.2781606 31.7196855, 35.2784087 31.7197968, 35.2786179 31.7198337)"
42343392,,residential,False,True,292.89099999999996,"LINESTRING (35.2766604 31.7182895, 35.276875 31.7182345, 35.2770724 31.7181834, 35.2772698 31.7181542, 35.2776989 31.7181834, 35.2778878 31.7180519, 35.2779822 31.7178694, 35.2779993 31.7176942, 35.2780508 31.7176212, 35.2782912 31.7175847, 35.2788405 31.7172561, 35.2790636 31.7170444)"
41920174,,tertiary,False,True,457.09399999999994,"LINESTRING (35.2798679 31.7161355, 35.2799252 31.7161832, 35.2799466 31.7162595, 35.2797296 31.7169081, 35.2798247 31.7180605, 35.2797845 31.7182433, 35.2796676 31.7184334, 35.2792033 31.7187258, 35.2788561 31.7190804, 35.278677 31.7197054, 35.2786179 31.7198337)"
42343392,,residential,False,False,292.89099999999996,"LINESTRING (35.2790636 31.7170444, 35.2788405 31.7172561, 35.2782912 31.7175847, 35.2780508 31.7176212, 35.2779993 31.7176942, 35.2779822 31.7178694, 35.2778878 31.7180519, 35.2776989 31.7181834, 35.2772698 31.7181542, 35.2770724 31.7181834, 35.276875 31.7182345, 35.2766604 31.7182895)"
