osmid,highway,oneway,reversed,length,geometry
690123552,unclassified,False,True,518.6260000000001,"LINESTRING (30.0710446 -2.5310476, 30.0711894 -2.5310154, 30.0714093 -2.5309806, 30.0717607 -2.5309485, 30.0723266 -2.5308064, 30.0727558 -2.530651, 30.0732252 -2.530509, 30.0734478 -2.5304018, 30.0738367 -2.5301553, 30.0741774 -2.5299731, 30.074392 -2.5298096, 30.0744966 -2.5296837, 30.0745878 -2.529547, 30.0748265 -2.5291906, 30.0750035 -2.5289575)"
690123552,unclassified,False,False,518.6260000000001,"LINESTRING (30.0750035 -2.5289575, 30.0748265 -2.5291906, 30.0745878 -2.529547, 30.0744966 -2.5296837, 30.074392 -2.5298096, 30.0741774 -2.5299731, 30.0738367 -2.5301553, 30.0734478 -2.5304018, 30.0732252 -2.530509, 30.0727558 -2.530651, 30.0723266 -2.5308064, 30.0717607 -2.5309485, 30.0714093 -2.5309806, 30.0711894 -2.5310154, 30.0710446 -2.5310476)"
