osmid,oneway,highway,reversed,length,geometry
307376169,False,tertiary,False,410.63400000000007,"LINESTRING (29.4008799 -3.6177845, 29.4009295 -3.6177404, 29.4009885 -3.6177056, 29.4010381 -3.6176413, 29.4011065 -3.617478, 29.4012058 -3.6173255, 29.4012983 -3.617217, 29.4013493 -3.6171782, 29.4014566 -3.6171341, 29.4017181 -3.6170805, 29.4018978 -3.6170163, 29.4020694 -3.6169212, 29.4021969 -3.6168516, 29.4023189 -3.6168088, 29.4024785 -3.6167847, 29.4028057 -3.6167713, 29.4029063 -3.616778, 29.4029988 -3.6167472, 29.4030672 -3.6167245, 29.4031504 -3.6166803, 29.40331 -3.6165893, 29.4035286 -3.6164876, 29.4037002 -3.616414, 29.403947 -3.6162574, 29.4040502 -3.6162068)"
980636355,False,residential,False,224.224,"LINESTRING (29.4008799 -3.6177845, 29.4011209 -3.6177771, 29.4012174 -3.6177985, 29.4016734 -3.6182429, 29.4020972 -3.6182482, 29.4026605 -3.6185052)"
980636355,False,residential,True,224.22400000000002,"LINESTRING (29.4026605 -3.6185052, 29.4020972 -3.6182482, 29.4016734 -3.6182429, 29.4012174 -3.6177985, 29.4011209 -3.6177771, 29.4008799 -3.6177845)"
307376169,False,tertiary,True,410.63400000000007,"LINESTRING (29.4040502 -3.6162068, 29.403947 -3.6162574, 29.4037002 -3.616414, 29.4035286 -3.6164876, 29.40331 -3.6165893, 29.4031504 -3.6166803, 29.4030672 -3.6167245, 29.4029988 -3.6167472, 29.4029063 -3.616778, 29.4028057 -3.6167713, 29.4024785 -3.6167847, 29.4023189 -3.6168088, 29.4021969 -3.6168516, 29.4020694 -3.6169212, 29.4018978 -3.6170163, 29.4017181 -3.6170805, 29.4014566 -3.6171341, 29.4013493 -3.6171782, 29.4012983 -3.617217, 29.4012058 -3.6173255, 29.4011065 -3.617478, 29.4010381 -3.6176413, 29.4009885 -3.6177056, 29.4009295 -3.6177404, 29.4008799 -3.6177845)"
1230383603,False,residential,False,282.52,"LINESTRING (29.4040502 -3.6162068, 29.4038669 -3.6161083, 29.4036697 -3.6161083, 29.4031459 -3.6162405, 29.4026745 -3.6162805, 29.4019782 -3.6163942, 29.4015684 -3.6162958)"
1230383603,False,residential,True,282.52000000000004,"LINESTRING (29.4015684 -3.6162958, 29.4019782 -3.6163942, 29.4026745 -3.6162805, 29.4031459 -3.6162405, 29.4036697 -3.6161083, 29.4038669 -3.6161083, 29.4040502 -3.6162068)"
