osmid,oneway,highway,reversed,length,geometry
315636840,False,tertiary,True,164.67000000000002,"LINESTRING (30.3045666 -2.7479365, 30.3048821 -2.7482445, 30.3049728 -2.7483622, 30.3050889 -2.7485524, 30.3051868 -2.7487607, 30.3052829 -2.7490505, 30.3053119 -2.7491809)"
315636840,False,tertiary,False,164.67,"LINESTRING (30.3053119 -2.7491809, 30.3052829 -2.7490505, 30.3051868 -2.7487607, 30.3050889 -2.7485524, 30.3049728 -2.7483622, 30.3048821 -2.7482445, 30.3045666 -2.7479365)"
