osmid,highway,oneway,reversed,length,geometry
1224996473,residential,False,True,118.005,"LINESTRING (-70.8676657 19.3059606, -70.867455 19.3057579, -70.8671263 19.3054579, -70.8669174 19.3052753, -70.8668703 19.3052124)"
1224996473,residential,False,False,118.005,"LINESTRING (-70.8668703 19.3052124, -70.8669174 19.3052753, -70.8671263 19.3054579, -70.867455 19.3057579, -70.8676657 19.3059606)"
