osmid,highway,oneway,reversed,length,geometry
446453646,unclassified,False,False,75.98,"LINESTRING (-70.2522785 18.3530455, -70.2522422 18.3530838, -70.2522569 18.3531388, -70.2522605 18.3531787, -70.2522458 18.3532339, -70.2522224 18.3532904, -70.2521713 18.3533389, -70.252084 18.3533753, -70.2518988 18.3534198, -70.2518208 18.3534408)"
446453646,unclassified,False,True,75.98,"LINESTRING (-70.2518208 18.3534408, -70.2518988 18.3534198, -70.252084 18.3533753, -70.2521713 18.3533389, -70.2522224 18.3532904, -70.2522458 18.3532339, -70.2522605 18.3531787, -70.2522569 18.3531388, -70.2522422 18.3530838, -70.2522785 18.3530455)"
