osmid,name,highway,maxspeed,oneway,reversed,length,geometry
194439857,Mažoji g.,residential,50,False,True,181.939,"LINESTRING (24.4815672 55.6233622, 24.4802506 55.623331, 24.4795892 55.6233153, 24.4786719 55.6232935)"
194439857,Mažoji g.,residential,50,False,False,181.939,"LINESTRING (24.4786719 55.6232935, 24.4795892 55.6233153, 24.4802506 55.623331, 24.4815672 55.6233622)"
880102738,Lauko g.,residential,,False,False,370.04100000000005,"LINESTRING (24.4786719 55.6232935, 24.4786032 55.6252704, 24.4785608 55.6254116, 24.4783345 55.6256726, 24.4782087 55.6258272, 24.4781753 55.6259159, 24.477937 55.6265579)"
880102738,Lauko g.,residential,,False,True,370.04100000000005,"LINESTRING (24.477937 55.6265579, 24.4781753 55.6259159, 24.4782087 55.6258272, 24.4783345 55.6256726, 24.4785608 55.6254116, 24.4786032 55.6252704, 24.4786719 55.6232935)"
