osmid,ref,highway,oneway,reversed,length,geometry
519341004,RS512,secondary,False,True,87.585,"LINESTRING (25.9022829 -4.0124713, 25.9019733 -4.0117467)"
512660486,,residential,False,True,127.214,"LINESTRING (25.9022829 -4.0124713, 25.9020254 -4.0125797, 25.9018913 -4.0125904, 25.9017076 -4.0126332, 25.9011939 -4.0128124)"
512660486,,residential,False,False,127.214,"LINESTRING (25.9011939 -4.0128124, 25.9017076 -4.0126332, 25.9018913 -4.0125904, 25.9020254 -4.0125797, 25.9022829 -4.0124713)"
519341004,RS512,secondary,False,False,59.611,"LINESTRING (25.9017535 -4.0112575, 25.9019733 -4.0117467)"
512660488,,residential,False,True,120.104,"LINESTRING (25.9019733 -4.0117467, 25.9009941 -4.0122077)"
519341004,RS512,secondary,False,False,87.585,"LINESTRING (25.9019733 -4.0117467, 25.9022829 -4.0124713)"
519341004,RS512,secondary,False,True,59.611,"LINESTRING (25.9019733 -4.0117467, 25.9017535 -4.0112575)"
512660488,,residential,False,False,120.104,"LINESTRING (25.9009941 -4.0122077, 25.9019733 -4.0117467)"
