osmid,ref,highway,oneway,reversed,length,geometry
519341004,RS512,secondary,False,True,516.894,"LINESTRING (25.9115119 -4.0814891, 25.9115914 -4.081072, 25.9116764 -4.0806651, 25.9118168 -4.0801662, 25.9121724 -4.0787222, 25.9126532 -4.0770519, 25.9126682 -4.0769882)"
519341004,RS512,secondary,False,False,516.894,"LINESTRING (25.9126682 -4.0769882, 25.9126532 -4.0770519, 25.9121724 -4.0787222, 25.9118168 -4.0801662, 25.9116764 -4.0806651, 25.9115914 -4.081072, 25.9115119 -4.0814891)"
