osmid,highway,oneway,reversed,length,geometry
1014276022,unclassified,False,True,382.34799999999996,"LINESTRING (7.6406348 36.5877084, 7.6408732 36.587914, 7.6412433 36.5882414, 7.6415384 36.5884309, 7.6419085 36.5886333, 7.642048 36.588741, 7.6421499 36.5888573, 7.6422358 36.5890253, 7.6425201 36.5899427, 7.6427209 36.5905496)"
1152638089,unclassified,False,False,75.292,"LINESTRING (7.6406348 36.5877084, 7.640849 36.5873024, 7.6410107 36.5871051)"
1152638089,unclassified,False,True,188.88199999999998,"LINESTRING (7.6429278 36.5871172, 7.6425147 36.587199, 7.642225 36.5873282, 7.6420319 36.5873627, 7.6413399 36.5873541, 7.6411682 36.5872808, 7.6410476 36.5871796, 7.6410107 36.5871051)"
1014276022,unclassified,False,False,382.348,"LINESTRING (7.6427209 36.5905496, 7.6425201 36.5899427, 7.6422358 36.5890253, 7.6421499 36.5888573, 7.642048 36.588741, 7.6419085 36.5886333, 7.6415384 36.5884309, 7.6412433 36.5882414, 7.6408732 36.587914, 7.6406348 36.5877084)"
1152638089,unclassified,False,False,188.882,"LINESTRING (7.6410107 36.5871051, 7.6410476 36.5871796, 7.6411682 36.5872808, 7.6413399 36.5873541, 7.6420319 36.5873627, 7.642225 36.5873282, 7.6425147 36.587199, 7.6429278 36.5871172)"
1152638089,unclassified,False,True,75.292,"LINESTRING (7.6410107 36.5871051, 7.640849 36.5873024, 7.6406348 36.5877084)"
