osmid,highway,oneway,reversed,length,geometry
219906229,unclassified,False,True,203.22,"LINESTRING (3.1551787 35.8334713, 3.1554791 35.8334626, 3.1557795 35.8335147, 3.1564984 35.8338018, 3.1572065 35.8341758)"
219906229,unclassified,False,False,203.22000000000003,"LINESTRING (3.1572065 35.8341758, 3.1564984 35.8338018, 3.1557795 35.8335147, 3.1554791 35.8334626, 3.1551787 35.8334713)"
