osmid,highway,oneway,reversed,length,geometry
220382347,residential,False,False,465.217,"LINESTRING (5.7375798 36.316818, 5.7376378 36.3169876, 5.7378826 36.3174777, 5.7382367 36.31767, 5.7382733 36.3177955, 5.7384842 36.3183126, 5.7385163 36.3184566, 5.7386858 36.319162, 5.7388738 36.3195128, 5.7390479 36.3200742, 5.7390434 36.3203511, 5.7390204 36.3205838, 5.7389792 36.3207057)"
220382347,residential,False,True,67.589,"LINESTRING (5.7375798 36.316818, 5.7370868 36.3165926, 5.7369782 36.3164694)"
257566373,unclassified,False,False,221.046,"LINESTRING (5.7375798 36.316818, 5.7373574 36.3169567, 5.7372193 36.3170281, 5.7373051 36.3172226, 5.7374634 36.3178299, 5.7375162 36.3186309)"
257566373,unclassified,False,True,221.046,"LINESTRING (5.7375162 36.3186309, 5.7374634 36.3178299, 5.7373051 36.3172226, 5.7372193 36.3170281, 5.7373574 36.3169567, 5.7375798 36.316818)"
220382347,residential,False,False,67.589,"LINESTRING (5.7369782 36.3164694, 5.7370868 36.3165926, 5.7375798 36.316818)"
220382347,residential,False,True,465.21700000000004,"LINESTRING (5.7389792 36.3207057, 5.7390204 36.3205838, 5.7390434 36.3203511, 5.7390479 36.3200742, 5.7388738 36.3195128, 5.7386858 36.319162, 5.7385163 36.3184566, 5.7384842 36.3183126, 5.7382733 36.3177955, 5.7382367 36.31767, 5.7378826 36.3174777, 5.7376378 36.3169876, 5.7375798 36.316818)"
