osmid,lanes,ref,name,highway,maxspeed,oneway,reversed,length,geometry
977385952,4,Н-08-01,Аеропортівська вулиця,primary,50,False,True,50.059000000000005,"LINESTRING (35.0801002 48.3694877, 35.0800306 48.3696104, 35.0799731 48.3697436, 35.0799354 48.3698194, 35.0798879 48.369915)"
977385952,4,Н-08-01,Аеропортівська вулиця,primary,50,False,False,50.059,"LINESTRING (35.0798879 48.369915, 35.0799354 48.3698194, 35.0799731 48.3697436, 35.0800306 48.3696104, 35.0801002 48.3694877)"
