osmid,ref,highway,oneway,reversed,length,geometry
164966108,О090301,tertiary,False,False,160.27800000000002,"LINESTRING (24.4969505 49.2615945, 24.4970438 49.2612673, 24.4970782 49.2608395, 24.4971256 49.26016)"
968686745,,tertiary,False,False,564.9979999999999,"LINESTRING (24.4969505 49.2615945, 24.4970731 49.2618168, 24.4971953 49.2620878, 24.4975201 49.2627089, 24.4980926 49.2636203, 24.4982526 49.2638783, 24.4984191 49.2640284, 24.4985514 49.2641002, 24.4987613 49.2641688, 24.499809 49.2643797, 24.5004215 49.2645804, 24.5008078 49.2647423, 24.5011281 49.2649176, 24.5013642 49.2651087, 24.5015387 49.2652868)"
968686745,,tertiary,False,True,564.9979999999999,"LINESTRING (24.5015387 49.2652868, 24.5013642 49.2651087, 24.5011281 49.2649176, 24.5008078 49.2647423, 24.5004215 49.2645804, 24.499809 49.2643797, 24.4987613 49.2641688, 24.4985514 49.2641002, 24.4984191 49.2640284, 24.4982526 49.2638783, 24.4980926 49.2636203, 24.4975201 49.2627089, 24.4971953 49.2620878, 24.4970731 49.2618168, 24.4969505 49.2615945)"
164966108,О090301,tertiary,False,True,171.383,"LINESTRING (24.497312 49.2579613, 24.4972457 49.2585079, 24.4971685 49.2594996)"
164966108,О090301,tertiary,False,False,171.383,"LINESTRING (24.4971685 49.2594996, 24.4972457 49.2585079, 24.497312 49.2579613)"
164966108,О090301,tertiary,False,True,73.533,"LINESTRING (24.4971685 49.2594996, 24.4971383 49.2597413, 24.4971286 49.2599665, 24.4971256 49.26016)"
164966108,О090301,tertiary,False,False,73.533,"LINESTRING (24.4971256 49.26016, 24.4971286 49.2599665, 24.4971383 49.2597413, 24.4971685 49.2594996)"
164966108,О090301,tertiary,False,True,160.27800000000002,"LINESTRING (24.4971256 49.26016, 24.4970782 49.2608395, 24.4970438 49.2612673, 24.4969505 49.2615945)"
