osmid,ref,highway,oneway,reversed,length,geometry
351099213,Т-25-60,secondary,False,True,696.699,"LINESTRING (33.0656199 51.6431252, 33.0649364 51.642976, 33.062431 51.6423258, 33.061822 51.6421663, 33.0612606 51.6420217, 33.0609626 51.6419277, 33.0601166 51.641618, 33.0596433 51.6414571, 33.0589108 51.641235, 33.0585247 51.6411346, 33.0580954 51.6410179, 33.0569298 51.640734, 33.0563828 51.6406212)"
351099213,Т-25-60,secondary,False,False,696.699,"LINESTRING (33.0563828 51.6406212, 33.0569298 51.640734, 33.0580954 51.6410179, 33.0585247 51.6411346, 33.0589108 51.641235, 33.0596433 51.6414571, 33.0601166 51.641618, 33.0609626 51.6419277, 33.0612606 51.6420217, 33.061822 51.6421663, 33.062431 51.6423258, 33.0649364 51.642976, 33.0656199 51.6431252)"
