osmid,name,highway,oneway,reversed,length,geometry
525893255,Центральна вулиця,secondary,False,False,28.985,"LINESTRING (31.1772204 52.0669743, 31.1773784 52.0667324)"
185634731,,residential,False,False,24.432000000000002,"LINESTRING (31.1772204 52.0669743, 31.1773323 52.0669369, 31.1775619 52.066928)"
185634621,,residential,False,True,26.664,"LINESTRING (31.1775619 52.066928, 31.1773967 52.0668314, 31.1773784 52.0667324)"
185634731,,residential,False,True,24.432000000000002,"LINESTRING (31.1775619 52.066928, 31.1773323 52.0669369, 31.1772204 52.0669743)"
525893255,Центральна вулиця,secondary,False,True,338.043,"LINESTRING (31.1804158 52.0643389, 31.1782171 52.065949, 31.1773784 52.0667324)"
525893255,Центральна вулиця,secondary,False,True,28.985,"LINESTRING (31.1773784 52.0667324, 31.1772204 52.0669743)"
185634621,,residential,False,False,26.664,"LINESTRING (31.1773784 52.0667324, 31.1773967 52.0668314, 31.1775619 52.066928)"
525893255,Центральна вулиця,secondary,False,False,338.043,"LINESTRING (31.1773784 52.0667324, 31.1782171 52.065949, 31.1804158 52.0643389)"
