osmid,highway,oneway,reversed,length,geometry,name,ref
139715974,unclassified,False,False,196.775,"LINESTRING (37.6779703 49.6284717, 37.677451 49.6299721, 37.6774353 49.6300293, 37.6774363 49.6302032)",,
139715972,residential,False,False,1013.3050000000002,"LINESTRING (37.6774363 49.6302032, 37.6779508 49.6301728, 37.6794003 49.6301132, 37.6819497 49.6299441, 37.682336 49.6299226, 37.6826818 49.6299512, 37.684168 49.6302348, 37.6847198 49.6303873, 37.6851944 49.6305779, 37.6854612 49.6307129, 37.6874974 49.6315906, 37.6882883 49.6319432, 37.6890498 49.6322911, 37.690194 49.6328325)",Перемоги проспект,
139715974,unclassified,False,True,196.775,"LINESTRING (37.6774363 49.6302032, 37.6774353 49.6300293, 37.677451 49.6299721, 37.6779703 49.6284717)",,
737495632,tertiary,False,True,119.762,"LINESTRING (37.690194 49.6328325, 37.6907835 49.6318254)",,О-211942
139715972,residential,False,True,1013.3050000000001,"LINESTRING (37.690194 49.6328325, 37.6890498 49.6322911, 37.6882883 49.6319432, 37.6874974 49.6315906, 37.6854612 49.6307129, 37.6851944 49.6305779, 37.6847198 49.6303873, 37.684168 49.6302348, 37.6826818 49.6299512, 37.682336 49.6299226, 37.6819497 49.6299441, 37.6794003 49.6301132, 37.6779508 49.6301728, 37.6774363 49.6302032)",Перемоги проспект,
540098003,residential,False,True,69.61099999999999,"LINESTRING (37.6907301 49.6312554, 37.6907104 49.6312828, 37.6906434 49.6314166, 37.690563 49.6315573, 37.69063 49.6316685, 37.6907835 49.6318254)",,
737495632,tertiary,False,False,119.762,"LINESTRING (37.6907835 49.6318254, 37.690194 49.6328325)",,О-211942
540098003,residential,False,False,69.611,"LINESTRING (37.6907835 49.6318254, 37.69063 49.6316685, 37.690563 49.6315573, 37.6906434 49.6314166, 37.6907104 49.6312828, 37.6907301 49.6312554)",,
