osmid,highway,oneway,reversed,length,geometry,name,maxspeed
299192230,residential,False,True,24.733,"LINESTRING (34.1426432 44.4655886, 34.1425692 44.4655239, 34.142508 44.4654845, 34.1424526 44.46546, 34.142409 44.4654474)",,
70364465,residential,True,False,203.29999999999995,"LINESTRING (34.142409 44.4654474, 34.1423923 44.4654702, 34.1423603 44.4654921, 34.1423075 44.465505, 34.1422464 44.4655142, 34.1421852 44.4655313, 34.1421524 44.465571, 34.1421393 44.4656104, 34.1421503 44.4656455, 34.1422054 44.4656803, 34.142294 44.4657027, 34.1424115 44.4657244, 34.1424456 44.4657422, 34.1424718 44.4657822, 34.1424866 44.4658316, 34.1424771 44.4658677, 34.1424409 44.4658977, 34.1423951 44.4659106, 34.1423305 44.4659061, 34.1421892 44.4658746, 34.14207 44.4658379, 34.1418207 44.465762, 34.1412886 44.4655545, 34.1410076 44.4655181)",,
299192230,residential,False,False,24.733,"LINESTRING (34.142409 44.4654474, 34.1424526 44.46546, 34.142508 44.4654845, 34.1425692 44.4655239, 34.1426432 44.4655886)",,
435319645,residential,False,True,156.63199999999998,"LINESTRING (34.1410076 44.4655181, 34.1408846 44.4654425, 34.140693 44.4651393, 34.1402457 44.4649778, 34.1397676 44.4648741, 34.1396109 44.4648659, 34.1394366 44.464817)",,
1101194452,residential,False,True,306.49499999999995,"LINESTRING (34.1410076 44.4655181, 34.141182 44.4657072, 34.1415708 44.46592, 34.1420331 44.4661265, 34.1423793 44.4663228, 34.1424007 44.4663888, 34.1423935 44.4664683, 34.1423544 44.4665956, 34.1423332 44.4666778, 34.1422534 44.4669066, 34.1422145 44.4670916, 34.1422923 44.4674801, 34.1424003 44.4677298, 34.142418 44.4677652)",улица Батурина,40
1101194452,residential,False,False,306.495,"LINESTRING (34.142418 44.4677652, 34.1424003 44.4677298, 34.1422923 44.4674801, 34.1422145 44.4670916, 34.1422534 44.4669066, 34.1423332 44.4666778, 34.1423544 44.4665956, 34.1423935 44.4664683, 34.1424007 44.4663888, 34.1423793 44.4663228, 34.1420331 44.4661265, 34.1415708 44.46592, 34.141182 44.4657072, 34.1410076 44.4655181)",улица Батурина,40
435319645,residential,False,False,156.632,"LINESTRING (34.1394366 44.464817, 34.1396109 44.4648659, 34.1397676 44.4648741, 34.1402457 44.4649778, 34.140693 44.4651393, 34.1408846 44.4654425, 34.1410076 44.4655181)",,
