osmid,highway,oneway,reversed,length,geometry
482812776,residential,False,True,152.691,"LINESTRING (24.1099454 50.139863, 24.1103557 50.1398785, 24.1106397 50.1398665, 24.1107684 50.1398493, 24.110844 50.1398148, 24.1108949 50.1397548, 24.1109186 50.1395863, 24.1109405 50.1395467, 24.1110263 50.1395003, 24.1111547 50.139478, 24.1116954 50.1394624)"
482812776,residential,False,False,152.691,"LINESTRING (24.1116954 50.1394624, 24.1111547 50.139478, 24.1110263 50.1395003, 24.1109405 50.1395467, 24.1109186 50.1395863, 24.1108949 50.1397548, 24.110844 50.1398148, 24.1107684 50.1398493, 24.1106397 50.1398665, 24.1103557 50.1398785, 24.1099454 50.139863)"
