osmid,ref,highway,oneway,reversed,length,geometry
184329416,ะก-021611,tertiary,False,False,364.596,"LINESTRING (28.9336995 48.2589546, 28.9340352 48.2585275, 28.9345987 48.2578104, 28.934747 48.2576337, 28.9351752 48.2571233, 28.9354959 48.2567436, 28.9355934 48.2566006, 28.9356658 48.2564464, 28.9358108 48.2560107)"
184329416,ะก-021611,tertiary,False,True,364.596,"LINESTRING (28.9358108 48.2560107, 28.9356658 48.2564464, 28.9355934 48.2566006, 28.9354959 48.2567436, 28.9351752 48.2571233, 28.934747 48.2576337, 28.9345987 48.2578104, 28.9340352 48.2585275, 28.9336995 48.2589546)"
356032718,,residential,False,False,201.87599999999998,"LINESTRING (28.9358108 48.2560107, 28.9356124 48.2558745, 28.9348055 48.255321, 28.9343589 48.2550147, 28.9339117 48.2547079)"
356032718,,residential,False,False,299.57599999999996,"LINESTRING (28.9339117 48.2547079, 28.9334574 48.2544131, 28.9318711 48.2533036, 28.9318219 48.2532607, 28.9318023 48.2531976, 28.9318284 48.2531368, 28.9318773 48.253083, 28.9320666 48.2529282, 28.9321471 48.2528302, 28.9322177 48.2527599, 28.932337 48.2527)"
356032718,,residential,False,True,201.87600000000003,"LINESTRING (28.9339117 48.2547079, 28.9343589 48.2550147, 28.9348055 48.255321, 28.9356124 48.2558745, 28.9358108 48.2560107)"
356032721,,residential,False,False,220.522,"LINESTRING (28.9339117 48.2547079, 28.933417 48.2553443, 28.9325263 48.2564635)"
356032718,,residential,False,True,299.576,"LINESTRING (28.932337 48.2527, 28.9322177 48.2527599, 28.9321471 48.2528302, 28.9320666 48.2529282, 28.9318773 48.253083, 28.9318284 48.2531368, 28.9318023 48.2531976, 28.9318219 48.2532607, 28.9318711 48.2533036, 28.9334574 48.2544131, 28.9339117 48.2547079)"
356032721,,residential,False,True,220.522,"LINESTRING (28.9325263 48.2564635, 28.933417 48.2553443, 28.9339117 48.2547079)"
