osmid,highway,oneway,reversed,length,geometry
317744097,unclassified,False,True,340.991,"LINESTRING (34.1631396 51.460187, 34.1613295 51.4630387)"
317744097,unclassified,False,False,340.991,"LINESTRING (34.1613295 51.4630387, 34.1631396 51.460187)"
