osmid,highway,oneway,reversed,length,geometry
621682208,unclassified,False,True,278.734,"LINESTRING (39.6668777 48.309311, 39.6669325 48.3093949, 39.6669294 48.3095117, 39.6668924 48.3099031, 39.6668554 48.3103806, 39.6668185 48.3108621, 39.6668246 48.3113088, 39.6669047 48.3115834, 39.6669201 48.3118027)"
621682208,unclassified,False,False,278.73400000000004,"LINESTRING (39.6669201 48.3118027, 39.6669047 48.3115834, 39.6668246 48.3113088, 39.6668185 48.3108621, 39.6668554 48.3103806, 39.6668924 48.3099031, 39.6669294 48.3095117, 39.6669325 48.3093949, 39.6668777 48.309311)"
