osmid,name,highway,oneway,reversed,length,geometry
403941390,Korppivuorentie,residential,False,True,354.03399999999993,"LINESTRING (27.3410881 61.4770137, 27.3409697 61.4770857, 27.3406667 61.4772465, 27.3403075 61.4774035, 27.3399869 61.4774644, 27.339247 61.4774818, 27.3388379 61.4775205, 27.3384052 61.4775691, 27.3379375 61.4776319, 27.3372946 61.4777405, 27.3368198 61.477828, 27.3365415 61.4779394, 27.336351 61.4780454, 27.3361226 61.4782171, 27.3359476 61.478407, 27.335892 61.4784853, 27.3358326 61.4785878)"
403941390,Korppivuorentie,residential,False,False,354.03399999999993,"LINESTRING (27.3358326 61.4785878, 27.335892 61.4784853, 27.3359476 61.478407, 27.3361226 61.4782171, 27.336351 61.4780454, 27.3365415 61.4779394, 27.3368198 61.477828, 27.3372946 61.4777405, 27.3379375 61.4776319, 27.3384052 61.4775691, 27.3388379 61.4775205, 27.339247 61.4774818, 27.3399869 61.4774644, 27.3403075 61.4774035, 27.3406667 61.4772465, 27.3409697 61.4770857, 27.3410881 61.4770137)"
