osmid,highway,oneway,reversed,length,geometry
624113332,unclassified,False,False,224.5,"LINESTRING (96.819121 17.2702411, 96.8170068 17.2702221)"
624113332,unclassified,False,True,224.5,"LINESTRING (96.8170068 17.2702221, 96.819121 17.2702411)"
