osmid,highway,oneway,reversed,length,geometry
306822280,unclassified,False,True,11.299,"LINESTRING (23.1426339 37.2551967, 23.1426546 37.2552517, 23.1426538 37.2552959)"
306822280,unclassified,False,False,11.299,"LINESTRING (23.1426538 37.2552959, 23.1426546 37.2552517, 23.1426339 37.2551967)"
