osmid,highway,oneway,reversed,length,geometry
719938808,residential,False,True,41.395,"LINESTRING (9.530067 34.8853886, 9.529784 34.885613, 9.5297331 34.8856394)"
719938808,residential,False,False,41.395,"LINESTRING (9.5297331 34.8856394, 9.529784 34.885613, 9.530067 34.8853886)"
719938808,residential,False,True,64.098,"LINESTRING (9.5297331 34.8856394, 9.5296714 34.8856416, 9.5296171 34.8856367, 9.5295674 34.8856273, 9.5295158 34.8856037, 9.5294534 34.885563, 9.5291363 34.8853677)"
195549109,residential,False,False,263.536,"LINESTRING (9.5291363 34.8853677, 9.5291778 34.8853055, 9.5292342 34.8851433, 9.529259 34.8850437, 9.5293488 34.8846763, 9.5294152 34.8844216, 9.5294487 34.8842302, 9.529489 34.8840982, 9.5295386 34.8840013, 9.529615 34.8839001, 9.5299047 34.8835888, 9.5302293 34.883228)"
719938808,residential,False,False,64.098,"LINESTRING (9.5291363 34.8853677, 9.5294534 34.885563, 9.5295158 34.8856037, 9.5295674 34.8856273, 9.5296171 34.8856367, 9.5296714 34.8856416, 9.5297331 34.8856394)"
719938809,residential,False,True,286.356,"LINESTRING (9.5304666 34.8852808, 9.5305337 34.8852071, 9.5306571 34.8851103, 9.5311278 34.8848198, 9.5311982 34.884783, 9.5312425 34.8847269, 9.5312425 34.8846653, 9.5312297 34.8846163, 9.5311975 34.8845602, 9.5302293 34.883228)"
195549109,residential,False,True,263.536,"LINESTRING (9.5302293 34.883228, 9.5299047 34.8835888, 9.529615 34.8839001, 9.5295386 34.8840013, 9.529489 34.8840982, 9.5294487 34.8842302, 9.5294152 34.8844216, 9.5293488 34.8846763, 9.529259 34.8850437, 9.5292342 34.8851433, 9.5291778 34.8853055, 9.5291363 34.8853677)"
719938809,residential,False,False,286.356,"LINESTRING (9.5302293 34.883228, 9.5311975 34.8845602, 9.5312297 34.8846163, 9.5312425 34.8846653, 9.5312425 34.8847269, 9.5311982 34.884783, 9.5311278 34.8848198, 9.5306571 34.8851103, 9.5305337 34.8852071, 9.5304666 34.8852808)"
