osmid,highway,oneway,reversed,length,geometry
873391768,unclassified,False,True,485.49,"LINESTRING (-69.9953938 -14.9986084, -69.9955085 -14.9986486, -69.9955916 -14.9987088, -69.9956748 -14.9987606, -69.9958625 -14.9988429, -69.9960094 -14.9989277, -69.9961167 -14.9989964, -69.9962039 -14.9990754, -69.9963313 -14.9991751, -69.9964513 -14.9992561, -69.9965733 -14.9993377, -69.9966826 -14.9994459, -69.9968067 -14.9995709, -69.9969207 -14.9996745, -69.9969462 -14.9997231, -69.996912 -14.9997924, -69.9968214 -14.9998928, -69.9967396 -14.9999835, -69.9967108 -15.0000457, -69.9967309 -15.0000787, -69.9968657 -15.000124, -69.9970917 -15.0001752, -69.9972888 -15.0002335, -69.9975282 -15.0003015, -69.9977193 -15.0003468, -69.9978434 -15.0003423, -69.9980023 -15.0003326, -69.9981055 -15.0002996, -69.9982115 -15.0002555, -69.9983094 -15.0002562, -69.9984576 -15.0002497, -69.9985481 -15.0002575, -69.9986601 -15.0002788, -69.9987191 -15.0002704, -69.9987788 -15.0002471)"
873391768,unclassified,False,False,485.4899999999999,"LINESTRING (-69.9987788 -15.0002471, -69.9987191 -15.0002704, -69.9986601 -15.0002788, -69.9985481 -15.0002575, -69.9984576 -15.0002497, -69.9983094 -15.0002562, -69.9982115 -15.0002555, -69.9981055 -15.0002996, -69.9980023 -15.0003326, -69.9978434 -15.0003423, -69.9977193 -15.0003468, -69.9975282 -15.0003015, -69.9972888 -15.0002335, -69.9970917 -15.0001752, -69.9968657 -15.000124, -69.9967309 -15.0000787, -69.9967108 -15.0000457, -69.9967396 -14.9999835, -69.9968214 -14.9998928, -69.996912 -14.9997924, -69.9969462 -14.9997231, -69.9969207 -14.9996745, -69.9968067 -14.9995709, -69.9966826 -14.9994459, -69.9965733 -14.9993377, -69.9964513 -14.9992561, -69.9963313 -14.9991751, -69.9962039 -14.9990754, -69.9961167 -14.9989964, -69.9960094 -14.9989277, -69.9958625 -14.9988429, -69.9956748 -14.9987606, -69.9955916 -14.9987088, -69.9955085 -14.9986486, -69.9953938 -14.9986084)"
