osmid,highway,oneway,reversed,length,geometry
77684787,tertiary,False,True,698.5799999999999,"LINESTRING (20.7864939 37.7895432, 20.7873763 37.7898295, 20.7878336 37.7899999, 20.7884628 37.7901945, 20.7886787 37.7902283, 20.7901159 37.7902017, 20.790748 37.7901085, 20.7913056 37.7901509, 20.7915133 37.7901947, 20.7926319 37.7905869, 20.7927982 37.7905844, 20.7929418 37.7905422, 20.7933034 37.7901893, 20.7935816 37.790119, 20.7939039 37.7901709)"
77684787,tertiary,False,False,698.5799999999999,"LINESTRING (20.7939039 37.7901709, 20.7935816 37.790119, 20.7933034 37.7901893, 20.7929418 37.7905422, 20.7927982 37.7905844, 20.7926319 37.7905869, 20.7915133 37.7901947, 20.7913056 37.7901509, 20.790748 37.7901085, 20.7901159 37.7902017, 20.7886787 37.7902283, 20.7884628 37.7901945, 20.7878336 37.7899999, 20.7873763 37.7898295, 20.7864939 37.7895432)"
801653933,residential,False,False,106.60399999999998,"LINESTRING (20.7939039 37.7901709, 20.7939874 37.790023, 20.7941106 37.7898706, 20.7941481 37.7897013, 20.7942177 37.7895277, 20.7943409 37.7894218, 20.7943034 37.7893075)"
801653933,residential,False,True,106.604,"LINESTRING (20.7943034 37.7893075, 20.7943409 37.7894218, 20.7942177 37.7895277, 20.7941481 37.7897013, 20.7941106 37.7898706, 20.7939874 37.790023, 20.7939039 37.7901709)"
