osmid,lanes,name,highway,oneway,reversed,length,geometry
339501087,2,Σιδηρόκαστρο - Αχλαδοχώρι,tertiary,False,True,69.151,"LINESTRING (23.4430172 41.2744192, 23.4428894 41.2742829, 23.4427352 41.2740684, 23.4425918 41.2738866)"
339501087,2,Σιδηρόκαστρο - Αχλαδοχώρι,tertiary,False,False,69.151,"LINESTRING (23.4425918 41.2738866, 23.4427352 41.2740684, 23.4428894 41.2742829, 23.4430172 41.2744192)"
