osmid,name,highway,maxspeed,oneway,reversed,length,geometry
725678504,Östanforsvägen,residential,70,False,True,134.59900000000002,"LINESTRING (16.3246793 60.2145606, 16.3248262 60.2140822, 16.3248617 60.2139074, 16.3250278 60.2136324, 16.3249157 60.2133746)"
326924933,Templargränd,residential,70,False,True,120.09999999999998,"LINESTRING (16.3249157 60.2133746, 16.3252383 60.2133435, 16.3256755 60.2132795, 16.3259545 60.2132369, 16.3260967 60.2132262, 16.3262764 60.2132249, 16.3264105 60.2132302, 16.3265446 60.2132222, 16.3267001 60.2132102, 16.3267913 60.2132089, 16.3268933 60.2132076, 16.3269818 60.2132116, 16.3270435 60.2132222)"
725678504,Östanforsvägen,residential,70,False,False,134.59900000000002,"LINESTRING (16.3249157 60.2133746, 16.3250278 60.2136324, 16.3248617 60.2139074, 16.3248262 60.2140822, 16.3246793 60.2145606)"
326924933,Templargränd,residential,70,False,False,120.10000000000001,"LINESTRING (16.3270435 60.2132222, 16.3269818 60.2132116, 16.3268933 60.2132076, 16.3267913 60.2132089, 16.3267001 60.2132102, 16.3265446 60.2132222, 16.3264105 60.2132302, 16.3262764 60.2132249, 16.3260967 60.2132262, 16.3259545 60.2132369, 16.3256755 60.2132795, 16.3252383 60.2133435, 16.3249157 60.2133746)"
