osmid,highway,oneway,reversed,length,geometry
190600906,unclassified,False,False,602.305,"LINESTRING (15.8391985 58.8037726, 15.8387831 58.8033206, 15.8386616 58.8030641, 15.8386203 58.8024607, 15.8385108 58.8018503, 15.8384371 58.8013609, 15.8382319 58.801083, 15.8377847 58.8006085, 15.8376127 58.800406, 15.8375862 58.8002167, 15.8376399 58.7999499, 15.8378534 58.7997426, 15.8384647 58.7992684, 15.8386243 58.7989716, 15.8386605 58.798646)"
190600906,unclassified,False,True,602.3050000000001,"LINESTRING (15.8386605 58.798646, 15.8386243 58.7989716, 15.8384647 58.7992684, 15.8378534 58.7997426, 15.8376399 58.7999499, 15.8375862 58.8002167, 15.8376127 58.800406, 15.8377847 58.8006085, 15.8382319 58.801083, 15.8384371 58.8013609, 15.8385108 58.8018503, 15.8386203 58.8024607, 15.8386616 58.8030641, 15.8387831 58.8033206, 15.8391985 58.8037726)"
