osmid,name,highway,maxspeed,oneway,reversed,length,geometry,ref,width
184552893,Ymergatan,unclassified,40,False,True,390.62,"LINESTRING (15.1237011 59.1145514, 15.1237386 59.1147978, 15.123754 59.1148989, 15.1238285 59.1153889, 15.1238912 59.1157243, 15.1239141 59.1158625, 15.1239514 59.1160879, 15.1239955 59.1163068, 15.1240406 59.1163652, 15.124116 59.1164106, 15.1242395 59.1164443, 15.124428 59.1164614, 15.1246461 59.1164657, 15.1251039 59.1164682, 15.1258078 59.1164597, 15.1271114 59.1164515, 15.1272688 59.1164502)",,
1096600887,Järsjögatan,unclassified,40,False,False,169.13099999999997,"LINESTRING (15.1237011 59.1145514, 15.1239964 59.1145554, 15.1253526 59.1145789, 15.1257192 59.1145789, 15.1260979 59.1145788, 15.1264813 59.1145788, 15.1265661 59.1145788, 15.1266094 59.1145745, 15.1266616 59.1145694)",,
184552893,Ymergatan,unclassified,40,False,False,390.62,"LINESTRING (15.1272688 59.1164502, 15.1271114 59.1164515, 15.1258078 59.1164597, 15.1251039 59.1164682, 15.1246461 59.1164657, 15.124428 59.1164614, 15.1242395 59.1164443, 15.124116 59.1164106, 15.1240406 59.1163652, 15.1239955 59.1163068, 15.1239514 59.1160879, 15.1239141 59.1158625, 15.1238912 59.1157243, 15.1238285 59.1153889, 15.123754 59.1148989, 15.1237386 59.1147978, 15.1237011 59.1145514)",,
1105516999,Viagatan,tertiary,60,False,True,211.995,"LINESTRING (15.1272688 59.1164502, 15.1271609 59.1160842, 15.1269181 59.115371, 15.1267616 59.114882, 15.1266616 59.1145694)",T 640,8
1096600887,Järsjögatan,unclassified,40,False,True,169.13099999999997,"LINESTRING (15.1266616 59.1145694, 15.1266094 59.1145745, 15.1265661 59.1145788, 15.1264813 59.1145788, 15.1260979 59.1145788, 15.1257192 59.1145789, 15.1253526 59.1145789, 15.1239964 59.1145554, 15.1237011 59.1145514)",,
1105516999,Viagatan,tertiary,60,False,False,211.995,"LINESTRING (15.1266616 59.1145694, 15.1267616 59.114882, 15.1269181 59.115371, 15.1271609 59.1160842, 15.1272688 59.1164502)",T 640,8
