osmid,highway,oneway,reversed,length,geometry
974296713,unclassified,False,True,303.95300000000003,"LINESTRING (16.1077556 59.4311105, 16.1077982 59.4309021, 16.1078682 59.4307843, 16.1079112 59.4306212, 16.1079349 59.4302952, 16.1079242 59.4301735, 16.1078922 59.4301371, 16.1078334 59.4300836, 16.1075466 59.429799, 16.1074826 59.4297499, 16.1074243 59.4297116, 16.1073554 59.4296845, 16.1072759 59.429663, 16.1071883 59.4296472, 16.1067582 59.4295926, 16.1062293 59.4295029, 16.1059337 59.4294417, 16.1058975 59.4294171, 16.1058909 59.4293811, 16.1059189 59.4293227, 16.105971 59.4292381, 16.1061209 59.4290151)"
974296713,unclassified,False,False,303.95300000000003,"LINESTRING (16.1061209 59.4290151, 16.105971 59.4292381, 16.1059189 59.4293227, 16.1058909 59.4293811, 16.1058975 59.4294171, 16.1059337 59.4294417, 16.1062293 59.4295029, 16.1067582 59.4295926, 16.1071883 59.4296472, 16.1072759 59.429663, 16.1073554 59.4296845, 16.1074243 59.4297116, 16.1074826 59.4297499, 16.1075466 59.429799, 16.1078334 59.4300836, 16.1078922 59.4301371, 16.1079242 59.4301735, 16.1079349 59.4302952, 16.1079112 59.4306212, 16.1078682 59.4307843, 16.1077982 59.4309021, 16.1077556 59.4311105)"
