osmid,name,highway,maxspeed,oneway,reversed,length,geometry
228313923,Bergmansvägen,residential,50,False,True,274.898,"LINESTRING (15.9498636 60.0857577, 15.9481017 60.0857743, 15.9467704 60.0857731, 15.9466939 60.0857759, 15.9466339 60.0857976, 15.946546 60.0858428, 15.9464483 60.0859183, 15.9462695 60.086153, 15.9459645 60.0865769)"
142980949,Däljevägen,residential,50,False,True,60.004,"LINESTRING (15.9464542 60.0885978, 15.9466956 60.0883893, 15.9467358 60.0882964, 15.9467949 60.0882009, 15.94683 60.0880985)"
142980949,Däljevägen,residential,50,False,False,194.18099999999998,"LINESTRING (15.9459645 60.0865769, 15.9463649 60.0866173, 15.9464666 60.0866389, 15.9465391 60.0866785, 15.9465879 60.0868222, 15.9466161 60.086978, 15.9466847 60.0870875, 15.9467841 60.0873379, 15.9468268 60.0875827, 15.9468162 60.0878368, 15.94683 60.0880985)"
228313923,Bergmansvägen,residential,50,False,False,274.898,"LINESTRING (15.9459645 60.0865769, 15.9462695 60.086153, 15.9464483 60.0859183, 15.946546 60.0858428, 15.9466339 60.0857976, 15.9466939 60.0857759, 15.9467704 60.0857731, 15.9481017 60.0857743, 15.9498636 60.0857577)"
995817581,Däljevägen,residential,50,False,True,211.842,"LINESTRING (15.9503101 60.0885797, 15.9496071 60.0886808, 15.9494649 60.0886867, 15.9493211 60.0886819, 15.9492285 60.088671, 15.9490646 60.0886296, 15.9489965 60.0886182, 15.9483131 60.0885451, 15.9479826 60.0884847, 15.9478533 60.0884547, 15.9476654 60.0883681, 15.9473668 60.0882396, 15.9471533 60.0881914, 15.94683 60.0880985)"
142980949,Däljevägen,residential,50,False,False,60.004,"LINESTRING (15.94683 60.0880985, 15.9467949 60.0882009, 15.9467358 60.0882964, 15.9466956 60.0883893, 15.9464542 60.0885978)"
142980949,Däljevägen,residential,50,False,True,194.18099999999995,"LINESTRING (15.94683 60.0880985, 15.9468162 60.0878368, 15.9468268 60.0875827, 15.9467841 60.0873379, 15.9466847 60.0870875, 15.9466161 60.086978, 15.9465879 60.0868222, 15.9465391 60.0866785, 15.9464666 60.0866389, 15.9463649 60.0866173, 15.9459645 60.0865769)"
995817581,Däljevägen,residential,50,False,False,211.84200000000004,"LINESTRING (15.94683 60.0880985, 15.9471533 60.0881914, 15.9473668 60.0882396, 15.9476654 60.0883681, 15.9478533 60.0884547, 15.9479826 60.0884847, 15.9483131 60.0885451, 15.9489965 60.0886182, 15.9490646 60.0886296, 15.9492285 60.088671, 15.9493211 60.0886819, 15.9494649 60.0886867, 15.9496071 60.0886808, 15.9503101 60.0885797)"
