osmid,highway,oneway,reversed,length,geometry
288059812,unclassified,False,True,311.10400000000004,"LINESTRING (13.3617022 56.204496, 13.3620784 56.2042274, 13.3621213 56.2040782, 13.3617458 56.2037679, 13.3612952 56.203559, 13.3607319 56.2033698, 13.3602867 56.2030875, 13.3598146 56.2027474, 13.3591977 56.2024806)"
288059812,unclassified,False,False,311.104,"LINESTRING (13.3591977 56.2024806, 13.3598146 56.2027474, 13.3602867 56.2030875, 13.3607319 56.2033698, 13.3612952 56.203559, 13.3617458 56.2037679, 13.3621213 56.2040782, 13.3620784 56.2042274, 13.3617022 56.204496)"
