osmid,highway,oneway,reversed,length,geometry
1195291066,unclassified,False,False,654.6120000000001,"LINESTRING (17.6250038 60.3341197, 17.6246513 60.3342651, 17.6243571 60.3343252, 17.6240582 60.3343437, 17.62368 60.3343299, 17.6229935 60.3341357, 17.6228114 60.334108, 17.6225171 60.3341288, 17.6221949 60.3342097, 17.6219334 60.3343183, 17.6216952 60.3344084, 17.6213263 60.3344454, 17.6208873 60.3344477, 17.6204997 60.3344801, 17.6201028 60.3345425, 17.6198739 60.3346419, 17.6196778 60.3347944, 17.619505 60.3349817, 17.6193836 60.3350857, 17.6190707 60.3351966, 17.6186364 60.3352521, 17.618062 60.3353122, 17.6178565 60.3353422, 17.6177724 60.3354208, 17.6177904 60.3355494, 17.6178304 60.3358369, 17.6178533 60.3360014, 17.6178939 60.3362921, 17.6179779 60.3369855, 17.6177678 60.3370179)"
1195291066,unclassified,False,True,654.612,"LINESTRING (17.6177678 60.3370179, 17.6179779 60.3369855, 17.6178939 60.3362921, 17.6178533 60.3360014, 17.6178304 60.3358369, 17.6177904 60.3355494, 17.6177724 60.3354208, 17.6178565 60.3353422, 17.618062 60.3353122, 17.6186364 60.3352521, 17.6190707 60.3351966, 17.6193836 60.3350857, 17.619505 60.3349817, 17.6196778 60.3347944, 17.6198739 60.3346419, 17.6201028 60.3345425, 17.6204997 60.3344801, 17.6208873 60.3344477, 17.6213263 60.3344454, 17.6216952 60.3344084, 17.6219334 60.3343183, 17.6221949 60.3342097, 17.6225171 60.3341288, 17.6228114 60.334108, 17.6229935 60.3341357, 17.62368 60.3343299, 17.6240582 60.3343437, 17.6243571 60.3343252, 17.6246513 60.3342651, 17.6250038 60.3341197)"
