osmid,name,highway,oneway,reversed,length,geometry
"[91797128, 80443322]","['Duvvägen', 'Tjädervägen']",residential,False,False,579.128,"LINESTRING (17.2898176 62.4882414, 17.2900051 62.4881346, 17.2910279 62.487552, 17.2923992 62.4867514, 17.2925962 62.4867009, 17.2930143 62.4866947, 17.2932131 62.4867208, 17.2933798 62.4867654, 17.293838 62.4869452, 17.2939056 62.4870247, 17.2939123 62.4870768, 17.2938785 62.487151, 17.2933023 62.4876888, 17.29277 62.4881579, 17.2927133 62.4882115, 17.2925053 62.4884085, 17.2916473 62.4892368)"
91797128,Tjädervägen,residential,False,False,87.656,"LINESTRING (17.2916473 62.4892368, 17.2909495 62.4899562)"
"[91797128, 80443322]","['Tjädervägen', 'Duvvägen']",residential,False,True,579.1279999999999,"LINESTRING (17.2916473 62.4892368, 17.2925053 62.4884085, 17.2927133 62.4882115, 17.29277 62.4881579, 17.2933023 62.4876888, 17.2938785 62.487151, 17.2939123 62.4870768, 17.2939056 62.4870247, 17.293838 62.4869452, 17.2933798 62.4867654, 17.2932131 62.4867208, 17.2930143 62.4866947, 17.2925962 62.4867009, 17.2923992 62.4867514, 17.2910279 62.487552, 17.2900051 62.4881346, 17.2898176 62.4882414)"
91797128,Tjädervägen,residential,False,False,74.783,"LINESTRING (17.2909495 62.4899562, 17.2903285 62.4905645)"
91797128,Tjädervägen,residential,False,True,87.656,"LINESTRING (17.2909495 62.4899562, 17.2916473 62.4892368)"
91797128,Tjädervägen,residential,False,True,74.783,"LINESTRING (17.2903285 62.4905645, 17.2909495 62.4899562)"
