osmid,oneway,lanes,ref,name,highway,maxspeed,reversed,length,geometry
178925610,True,2,32,금벽로,trunk_link,60,False,65.653,"LINESTRING (127.0888931 36.4768454, 127.0881788 36.4767086)"
551415554,True,,,,trunk_link,,False,53.99,"LINESTRING (127.0894615 36.4770093, 127.0888931 36.4768454)"
132613309,False,,,우성길,tertiary,,False,117.12700000000001,"LINESTRING (127.0894615 36.4770093, 127.0892828 36.477011, 127.0888192 36.4769372, 127.0881898 36.4767811)"
132613309,False,,,우성길,tertiary,,True,117.127,"LINESTRING (127.0881898 36.4767811, 127.0888192 36.4769372, 127.0892828 36.477011, 127.0894615 36.4770093)"
