osmid,highway,oneway,reversed,length,geometry
514086090,residential,False,True,15.602,"LINESTRING (134.1839466 34.2954657, 134.1840398 34.2953484)"
59377627,residential,False,True,77.14699999999999,"LINESTRING (134.1839466 34.2954657, 134.1841194 34.295573, 134.184171 34.2956429, 134.1841766 34.2957121, 134.1841458 34.2957864, 134.1840353 34.295866, 134.1838785 34.2959671)"
59377627,residential,False,False,77.147,"LINESTRING (134.1838785 34.2959671, 134.1840353 34.295866, 134.1841458 34.2957864, 134.1841766 34.2957121, 134.184171 34.2956429, 134.1841194 34.295573, 134.1839466 34.2954657)"
514086090,residential,False,False,15.602,"LINESTRING (134.1840398 34.2953484, 134.1839466 34.2954657)"
