osmid,highway,oneway,reversed,length,geometry
178974828,tertiary,False,True,78.94500000000001,"LINESTRING (135.005675 34.931055, 135.005689 34.931105, 135.005707 34.931268, 135.005716 34.93144, 135.005648 34.931758)"
178974828,tertiary,False,False,78.945,"LINESTRING (135.005648 34.931758, 135.005716 34.93144, 135.005707 34.931268, 135.005689 34.931105, 135.005675 34.931055)"
178976808,tertiary,False,True,113.43,"LINESTRING (135.005648 34.931758, 135.005928 34.931775, 135.006134 34.93182, 135.006257 34.931893, 135.006503 34.932102, 135.006541 34.932142, 135.006653 34.93226)"
"[178968686, 178975575]",tertiary,False,False,667.9929999999999,"LINESTRING (135.013037 34.932192, 135.012572 34.93244, 135.012531 34.932457, 135.01251 34.93248, 135.011771 34.932863, 135.011416 34.933043, 135.011224 34.933088, 135.010971 34.933083, 135.010854 34.933038, 135.010738 34.93293, 135.010545 34.932756, 135.010416 34.93274, 135.010176 34.932744, 135.009622 34.932807, 135.009498 34.932813, 135.009437 34.93283, 135.008952 34.932869, 135.00794 34.932965, 135.007851 34.932975, 135.007529 34.932999, 135.007386 34.932959, 135.0072206 34.9329255, 135.0071075 34.9328342, 135.0069356 34.9326051, 135.006728 34.932355, 135.006701 34.932338, 135.006667 34.932277, 135.006653 34.93226)"
"[178968686, 178975575]",tertiary,False,True,667.9930000000002,"LINESTRING (135.006653 34.93226, 135.006667 34.932277, 135.006701 34.932338, 135.006728 34.932355, 135.0069356 34.9326051, 135.0071075 34.9328342, 135.0072206 34.9329255, 135.007386 34.932959, 135.007529 34.932999, 135.007851 34.932975, 135.00794 34.932965, 135.008952 34.932869, 135.009437 34.93283, 135.009498 34.932813, 135.009622 34.932807, 135.010176 34.932744, 135.010416 34.93274, 135.010545 34.932756, 135.010738 34.93293, 135.010854 34.933038, 135.010971 34.933083, 135.011224 34.933088, 135.011416 34.933043, 135.011771 34.932863, 135.01251 34.93248, 135.012531 34.932457, 135.012572 34.93244, 135.013037 34.932192)"
178976808,tertiary,False,False,113.42999999999999,"LINESTRING (135.006653 34.93226, 135.006541 34.932142, 135.006503 34.932102, 135.006257 34.931893, 135.006134 34.93182, 135.005928 34.931775, 135.005648 34.931758)"
