osmid,highway,oneway,reversed,length,geometry
34098917,tertiary,False,False,103.396,"LINESTRING (138.9382792 35.3673234, 138.9391788 35.3678948)"
730049545,tertiary,False,True,127.12,"LINESTRING (138.9382792 35.3673234, 138.938957 35.3665774, 138.9391001 35.3663971)"
730049545,tertiary,False,False,127.12,"LINESTRING (138.9391001 35.3663971, 138.938957 35.3665774, 138.9382792 35.3673234)"
34098917,tertiary,False,True,103.396,"LINESTRING (138.9391788 35.3678948, 138.9382792 35.3673234)"
