osmid,highway,oneway,reversed,length,geometry,ref,name,maxspeed
93264836,unclassified,False,False,207.06799999999998,"LINESTRING (139.2235018 35.7553239, 139.2233984 35.7554748, 139.2230381 35.7556653, 139.2220608 35.7560331, 139.2216295 35.7561438, 139.2215146 35.7561778)",,,
168151910,secondary,False,False,219.85299999999998,"LINESTRING (139.2235018 35.7553239, 139.2233034 35.755383, 139.2231194 35.7554087, 139.2224989 35.7554528, 139.2223187 35.7554802, 139.2221829 35.7555191, 139.2220575 35.7555678, 139.2219461 35.7556299, 139.2218425 35.7557057, 139.2217083 35.7558301, 139.2216335 35.7559437, 139.2215146 35.7561778)",184,奥多摩あきる野線,40
93264830,unclassified,False,True,156.175,"LINESTRING (139.2192197 35.7575295, 139.2194852 35.7575975, 139.219894 35.7576174, 139.2200548 35.7576542, 139.2203657 35.757175, 139.2202838 35.7570195)",,,
93264830,unclassified,False,False,156.175,"LINESTRING (139.2202838 35.7570195, 139.2203657 35.757175, 139.2200548 35.7576542, 139.219894 35.7576174, 139.2194852 35.7575975, 139.2192197 35.7575295)",,,
168151910,secondary,False,True,148.647,"LINESTRING (139.2202838 35.7570195, 139.2204381 35.7569651, 139.2205863 35.7569089, 139.2207746 35.7568087, 139.2210219 35.756657, 139.2211609 35.7565715, 139.221275 35.7564828, 139.2213603 35.7563996, 139.2214504 35.7562868, 139.2215146 35.7561778)",184,奥多摩あきる野線,40
93264836,unclassified,False,True,207.068,"LINESTRING (139.2215146 35.7561778, 139.2216295 35.7561438, 139.2220608 35.7560331, 139.2230381 35.7556653, 139.2233984 35.7554748, 139.2235018 35.7553239)",,,
168151910,secondary,False,True,219.85300000000004,"LINESTRING (139.2215146 35.7561778, 139.2216335 35.7559437, 139.2217083 35.7558301, 139.2218425 35.7557057, 139.2219461 35.7556299, 139.2220575 35.7555678, 139.2221829 35.7555191, 139.2223187 35.7554802, 139.2224989 35.7554528, 139.2231194 35.7554087, 139.2233034 35.755383, 139.2235018 35.7553239)",184,奥多摩あきる野線,40
168151910,secondary,False,False,148.64700000000002,"LINESTRING (139.2215146 35.7561778, 139.2214504 35.7562868, 139.2213603 35.7563996, 139.221275 35.7564828, 139.2211609 35.7565715, 139.2210219 35.756657, 139.2207746 35.7568087, 139.2205863 35.7569089, 139.2204381 35.7569651, 139.2202838 35.7570195)",184,奥多摩あきる野線,40
