osmid,highway,oneway,reversed,length,geometry
124957705,residential,False,False,487.20200000000006,"LINESTRING (137.653778 35.898111, 137.653467 35.898381, 137.653315 35.898466, 137.65308 35.898629, 137.65299 35.898674, 137.652859 35.898714, 137.652686 35.898748, 137.652533 35.898849, 137.652271 35.898967, 137.652181 35.899024, 137.652197 35.8991, 137.652326 35.899114, 137.652561 35.899089, 137.652641 35.899118, 137.652678 35.899146, 137.652661 35.899202, 137.652582 35.899277, 137.652291 35.899524, 137.652188 35.899676, 137.651959 35.90012, 137.651838 35.900286, 137.651496 35.900548, 137.651289 35.9007, 137.651011 35.900947)"
124957705,residential,False,True,487.20200000000006,"LINESTRING (137.651011 35.900947, 137.651289 35.9007, 137.651496 35.900548, 137.651838 35.900286, 137.651959 35.90012, 137.652188 35.899676, 137.652291 35.899524, 137.652582 35.899277, 137.652661 35.899202, 137.652678 35.899146, 137.652641 35.899118, 137.652561 35.899089, 137.652326 35.899114, 137.652197 35.8991, 137.652181 35.899024, 137.652271 35.898967, 137.652533 35.898849, 137.652686 35.898748, 137.652859 35.898714, 137.65299 35.898674, 137.65308 35.898629, 137.653315 35.898466, 137.653467 35.898381, 137.653778 35.898111)"
