osmid,highway,oneway,reversed,length,geometry
"[470017217, 775574802]",residential,False,"[False, True]",581.5210000000001,"LINESTRING (127.437005 36.7313441, 127.4370969 36.7311117, 127.4371831 36.7308187, 127.4372612 36.7304398, 127.4374418 36.7300788, 127.4377188 36.7291692, 127.437839 36.7290165, 127.437899 36.7288429, 127.437899 36.7287526, 127.4378346 36.7284516, 127.4377541 36.7282667, 127.4376254 36.7281463, 127.437502 36.728142, 127.4372231 36.7281463, 127.436987 36.7281678, 127.4368207 36.728142, 127.4367564 36.7280518, 127.4367887 36.7279332, 127.4369302 36.7276652, 127.4371087 36.7274755, 127.4375667 36.7271946)"
792830636,residential,True,False,9.799,"LINESTRING (127.4380453 36.7270623, 127.4379947 36.7270795, 127.4379398 36.7270821)"
775574800,residential,True,False,35.527,"LINESTRING (127.4379398 36.7270821, 127.4375667 36.7271946)"
792830636,residential,True,False,19.59,"LINESTRING (127.4379398 36.7270821, 127.437887 36.7270698, 127.4378424 36.7270441, 127.4378111 36.7270079, 127.4377967 36.7269654)"
775574799,residential,True,False,55.108,"LINESTRING (127.4386592 36.727003, 127.4380453 36.7270623)"
775574801,residential,True,False,32.706,"LINESTRING (127.4375667 36.7271946, 127.4377967 36.7269654)"
"[470017217, 775574802]",residential,False,"[False, True]",581.5210000000001,"LINESTRING (127.4375667 36.7271946, 127.4371087 36.7274755, 127.4369302 36.7276652, 127.4367887 36.7279332, 127.4367564 36.7280518, 127.4368207 36.728142, 127.436987 36.7281678, 127.4372231 36.7281463, 127.437502 36.728142, 127.4376254 36.7281463, 127.4377541 36.7282667, 127.4378346 36.7284516, 127.437899 36.7287526, 127.437899 36.7288429, 127.437839 36.7290165, 127.4377188 36.7291692, 127.4374418 36.7300788, 127.4372612 36.7304398, 127.4371831 36.7308187, 127.4370969 36.7311117, 127.437005 36.7313441)"
