osmid,highway,oneway,reversed,length,geometry
388184234,unclassified,False,False,617.608,"LINESTRING (2.2983848 7.2967445, 2.2971186 7.2980198, 2.2954151 7.2995412, 2.2950235 7.299826, 2.2948212 7.3000979, 2.2946972 7.3004798, 2.2948343 7.3007129)"
388184234,unclassified,False,True,617.608,"LINESTRING (2.2948343 7.3007129, 2.2946972 7.3004798, 2.2948212 7.3000979, 2.2950235 7.299826, 2.2954151 7.2995412, 2.2971186 7.2980198, 2.2983848 7.2967445)"
