osmid,name,highway,oneway,reversed,length,geometry
176190534,Cruce Don Juan - Peralvillo,tertiary,False,False,356.4,"LINESTRING (-70.002097 18.8713572, -70.002678 18.8716968, -70.0031219 18.8718072, -70.0034478 18.8718871, -70.0040111 18.871816, -70.0049124 18.8714267, -70.0051729 18.8713801, -70.0052546 18.8714007)"
176190534,Cruce Don Juan - Peralvillo,tertiary,False,True,42.012,"LINESTRING (-70.005623 18.8715437, -70.0053506 18.8714249, -70.0052546 18.8714007)"
388941761,,residential,False,True,482.403,"LINESTRING (-70.0026309 18.8679964, -70.0027998 18.8683776, -70.0029035 18.8686075, -70.0029864 18.8687056, -70.0031405 18.8688682, -70.0032797 18.8690308, -70.0038634 18.869956, -70.0041359 18.8703849, -70.0043374 18.8705783, -70.0046396 18.8707045, -70.0049714 18.8708699, -70.0050988 18.8709988, -70.0051581 18.8711698, -70.0052546 18.8714007)"
176190534,Cruce Don Juan - Peralvillo,tertiary,False,False,42.012,"LINESTRING (-70.0052546 18.8714007, -70.0053506 18.8714249, -70.005623 18.8715437)"
176190534,Cruce Don Juan - Peralvillo,tertiary,False,True,356.3999999999999,"LINESTRING (-70.0052546 18.8714007, -70.0051729 18.8713801, -70.0049124 18.8714267, -70.0040111 18.871816, -70.0034478 18.8718871, -70.0031219 18.8718072, -70.002678 18.8716968, -70.002097 18.8713572)"
388941761,,residential,False,False,482.403,"LINESTRING (-70.0052546 18.8714007, -70.0051581 18.8711698, -70.0050988 18.8709988, -70.0049714 18.8708699, -70.0046396 18.8707045, -70.0043374 18.8705783, -70.0041359 18.8703849, -70.0038634 18.869956, -70.0032797 18.8690308, -70.0031405 18.8688682, -70.0029864 18.8687056, -70.0029035 18.8686075, -70.0027998 18.8683776, -70.0026309 18.8679964)"
