osmid,highway,oneway,reversed,length,geometry
1193440765,residential,False,False,159.851,"LINESTRING (-69.8255541 19.2248568, -69.8256791 19.2244639, -69.8258454 19.2243018, -69.8260438 19.2241702, -69.826178 19.2238662, -69.8262048 19.2237244, -69.8262155 19.2236256)"
1193440765,residential,False,True,159.851,"LINESTRING (-69.8262155 19.2236256, -69.8262048 19.2237244, -69.826178 19.2238662, -69.8260438 19.2241702, -69.8258454 19.2243018, -69.8256791 19.2244639, -69.8255541 19.2248568)"
