osmid,highway,oneway,reversed,length,geometry
197924237,unclassified,False,True,72.687,"LINESTRING (8.7410976 44.8308415, 8.7410494 44.8308211, 8.7403056 44.8305071)"
197924237,unclassified,False,False,72.687,"LINESTRING (8.7403056 44.8305071, 8.7410494 44.8308211, 8.7410976 44.8308415)"
