osmid,lanes,ref,name,highway,oneway,reversed,length,geometry,bridge
620727197,2,SP502,Strada Provinciale 502 di Cingoli,secondary,False,False,120.162,"LINESTRING (13.214122 43.4819262, 13.2149705 43.4825934, 13.2151017 43.4827376)",
"[620727192, 1116882749, 1116882750]",,,,unclassified,False,True,1212.223,"LINESTRING (13.222754 43.475875, 13.2221451 43.475875, 13.2218501 43.4758808, 13.221488 43.4759061, 13.2213458 43.4759276, 13.2212546 43.4759665, 13.2211983 43.4760327, 13.2211742 43.4761086, 13.2211983 43.4762078, 13.2216677 43.4774827, 13.2218099 43.4778019, 13.2218125 43.4779303, 13.2217669 43.4780549, 13.221657 43.4781834, 13.2208282 43.4788412, 13.2203561 43.479248, 13.2202971 43.4793356, 13.2202837 43.4794232, 13.2203132 43.4795244, 13.2208148 43.4802055, 13.2208228 43.4802951, 13.2207853 43.4803574, 13.2196721 43.4812079, 13.2196625 43.4812148, 13.2196001 43.4812591, 13.2195273 43.481311, 13.2192752 43.4814297, 13.2189077 43.4815543, 13.2168451 43.4821885, 13.2160903 43.4824206, 13.2153189 43.4826578, 13.2151017 43.4827376)",yes
620727197,2,SP502,Strada Provinciale 502 di Cingoli,secondary,False,True,158.93800000000002,"LINESTRING (13.2158012 43.484072, 13.2152167 43.4828926, 13.2151017 43.4827376)",
620727197,2,SP502,Strada Provinciale 502 di Cingoli,secondary,False,False,158.93800000000002,"LINESTRING (13.2151017 43.4827376, 13.2152167 43.4828926, 13.2158012 43.484072)",
620727197,2,SP502,Strada Provinciale 502 di Cingoli,secondary,False,True,120.162,"LINESTRING (13.2151017 43.4827376, 13.2149705 43.4825934, 13.214122 43.4819262)",
"[620727192, 1116882749, 1116882750]",,,,unclassified,False,False,1212.2230000000002,"LINESTRING (13.2151017 43.4827376, 13.2153189 43.4826578, 13.2160903 43.4824206, 13.2168451 43.4821885, 13.2189077 43.4815543, 13.2192752 43.4814297, 13.2195273 43.481311, 13.2196001 43.4812591, 13.2196625 43.4812148, 13.2196721 43.4812079, 13.2207853 43.4803574, 13.2208228 43.4802951, 13.2208148 43.4802055, 13.2203132 43.4795244, 13.2202837 43.4794232, 13.2202971 43.4793356, 13.2203561 43.479248, 13.2208282 43.4788412, 13.221657 43.4781834, 13.2217669 43.4780549, 13.2218125 43.4779303, 13.2218099 43.4778019, 13.2216677 43.4774827, 13.2211983 43.4762078, 13.2211742 43.4761086, 13.2211983 43.4760327, 13.2212546 43.4759665, 13.2213458 43.4759276, 13.221488 43.4759061, 13.2218501 43.4758808, 13.2221451 43.475875, 13.222754 43.475875)",yes
