osmid,name,highway,maxspeed,oneway,reversed,length,geometry
140516289,Via Mannu,residential,50,False,False,6.85,"LINESTRING (8.6738581 40.0228428, 8.6739381 40.0228493)"
140516289,Via Mannu,residential,50,False,True,6.85,"LINESTRING (8.6739381 40.0228493, 8.6738581 40.0228428)"
140516874,,residential,50,False,False,64.783,"LINESTRING (8.6739381 40.0228493, 8.6741671 40.0230589, 8.6744783 40.0232561)"
140516874,,residential,50,False,True,64.783,"LINESTRING (8.6744783 40.0232561, 8.6741671 40.0230589, 8.6739381 40.0228493)"
