osmid,highway,oneway,reversed,length,geometry
338303100,unclassified,False,False,146.551,"LINESTRING (12.4001178 43.1094152, 12.4001613 43.1094614, 12.4002958 43.1095594, 12.4004989 43.1099533, 12.4006669 43.1101293, 12.4008889 43.1102408, 12.4009871 43.1103452, 12.401081 43.1104392, 12.4011254 43.1104747)"
338303100,unclassified,False,False,70.527,"LINESTRING (12.4011254 43.1104747, 12.4011934 43.1107489, 12.4011657 43.1109307, 12.4011895 43.111026, 12.4012542 43.1110853)"
338303100,unclassified,False,True,146.55100000000002,"LINESTRING (12.4011254 43.1104747, 12.401081 43.1104392, 12.4009871 43.1103452, 12.4008889 43.1102408, 12.4006669 43.1101293, 12.4004989 43.1099533, 12.4002958 43.1095594, 12.4001613 43.1094614, 12.4001178 43.1094152)"
695963288,unclassified,False,False,62.191,"LINESTRING (12.4011254 43.1104747, 12.4011857 43.11015, 12.4012695 43.1099266)"
338303100,unclassified,False,True,70.527,"LINESTRING (12.4012542 43.1110853, 12.4011895 43.111026, 12.4011657 43.1109307, 12.4011934 43.1107489, 12.4011254 43.1104747)"
695963288,unclassified,False,True,62.191,"LINESTRING (12.4012695 43.1099266, 12.4011857 43.11015, 12.4011254 43.1104747)"
