osmid,highway,oneway,reversed,length,geometry
399246805,unclassified,False,False,226.787,"LINESTRING (16.0929879 38.6283978, 16.0935858 38.6287443, 16.0938421 38.6288778, 16.0941238 38.6289553, 16.0945741 38.6290239, 16.0950822 38.6291953, 16.0953075 38.6292751)"
399246805,unclassified,False,True,226.78700000000003,"LINESTRING (16.0953075 38.6292751, 16.0950822 38.6291953, 16.0945741 38.6290239, 16.0941238 38.6289553, 16.0938421 38.6288778, 16.0935858 38.6287443, 16.0929879 38.6283978)"
