osmid,highway,oneway,reversed,length,geometry
609284275,unclassified,False,False,85.053,"LINESTRING (43.5262254 15.6196813, 43.5263112 15.6200456, 43.526389 15.6202316, 43.5265151 15.6203788)"
625210995,unclassified,False,True,50.776,"LINESTRING (43.5277136 15.6240348, 43.5275933 15.6239538, 43.5273684 15.6237247)"
609284275,unclassified,False,True,407.51,"LINESTRING (43.5273684 15.6237247, 43.5274646 15.6236387, 43.5274324 15.6234217, 43.5272983 15.6231298, 43.5271588 15.6225951, 43.5271239 15.6221017, 43.5271239 15.6218254, 43.5270408 15.6214095, 43.5269657 15.6211305, 43.5269952 15.6208722, 43.5269308 15.6206965, 43.5268021 15.6205389, 43.5265151 15.6203788)"
625210995,unclassified,False,False,50.776,"LINESTRING (43.5273684 15.6237247, 43.5275933 15.6239538, 43.5277136 15.6240348)"
609284275,unclassified,False,False,407.51,"LINESTRING (43.5265151 15.6203788, 43.5268021 15.6205389, 43.5269308 15.6206965, 43.5269952 15.6208722, 43.5269657 15.6211305, 43.5270408 15.6214095, 43.5271239 15.6218254, 43.5271239 15.6221017, 43.5271588 15.6225951, 43.5272983 15.6231298, 43.5274324 15.6234217, 43.5274646 15.6236387, 43.5273684 15.6237247)"
609284275,unclassified,False,True,85.053,"LINESTRING (43.5265151 15.6203788, 43.526389 15.6202316, 43.5263112 15.6200456, 43.5262254 15.6196813)"
