osmid,highway,oneway,reversed,length,geometry
152309729,residential,False,True,1132.14,"LINESTRING (43.8745619 15.5432445, 43.874464 15.5428818, 43.8742987 15.5425663, 43.874112 15.5422448, 43.8740202 15.5419293, 43.8738396 15.541198, 43.8738028 15.5408441, 43.8739222 15.540561, 43.8740814 15.5404401, 43.8742314 15.5404637, 43.8743354 15.5406553, 43.8744456 15.5410151, 43.874666 15.5414752, 43.8748435 15.5418526, 43.8749721 15.5420089, 43.8751986 15.5421652, 43.8754373 15.5423038, 43.8761781 15.542522, 43.8769005 15.5427933, 43.8771698 15.5428671, 43.8779136 15.5429703, 43.8794349 15.5431708, 43.880246 15.5432681)"
152309729,residential,False,False,1132.1399999999999,"LINESTRING (43.880246 15.5432681, 43.8794349 15.5431708, 43.8779136 15.5429703, 43.8771698 15.5428671, 43.8769005 15.5427933, 43.8761781 15.542522, 43.8754373 15.5423038, 43.8751986 15.5421652, 43.8749721 15.5420089, 43.8748435 15.5418526, 43.874666 15.5414752, 43.8744456 15.5410151, 43.8743354 15.5406553, 43.8742314 15.5404637, 43.8740814 15.5404401, 43.8739222 15.540561, 43.8738028 15.5408441, 43.8738396 15.541198, 43.8740202 15.5419293, 43.874112 15.5422448, 43.8742987 15.5425663, 43.874464 15.5428818, 43.8745619 15.5432445)"
