osmid,highway,oneway,reversed,length,geometry
1082529855,residential,False,True,232.047,"LINESTRING (43.9703415 16.2331917, 43.9703093 16.2331878, 43.9701538 16.2331685, 43.9700599 16.2331299, 43.9699955 16.2330758, 43.9698037 16.2330359, 43.9696455 16.2330088, 43.9695543 16.2330204, 43.9694403 16.2330063, 43.9692727 16.2329393, 43.9689884 16.232835, 43.9687268 16.2327384, 43.9685297 16.2326715, 43.9683661 16.2326496, 43.9682745 16.2326392)"
1082529855,residential,False,False,232.04700000000005,"LINESTRING (43.9682745 16.2326392, 43.9683661 16.2326496, 43.9685297 16.2326715, 43.9687268 16.2327384, 43.9689884 16.232835, 43.9692727 16.2329393, 43.9694403 16.2330063, 43.9695543 16.2330204, 43.9696455 16.2330088, 43.9698037 16.2330359, 43.9699955 16.2330758, 43.9700599 16.2331299, 43.9701538 16.2331685, 43.9703093 16.2331878, 43.9703415 16.2331917)"
