osmid,highway,oneway,reversed,length,geometry
101009301,residential,False,False,78.684,"LINESTRING (44.2734246 13.3169659, 44.2733873 13.3170937, 44.2735435 13.3172821, 44.273745 13.3174726, 44.2737064 13.3175185)"
101009301,residential,False,True,78.684,"LINESTRING (44.2737064 13.3175185, 44.273745 13.3174726, 44.2735435 13.3172821, 44.2733873 13.3170937, 44.2734246 13.3169659)"
101009306,tertiary,False,False,287.80899999999997,"LINESTRING (44.2737064 13.3175185, 44.273427 13.3174726, 44.2732446 13.3173142, 44.2730515 13.3172842, 44.2728451 13.3172939, 44.2724108 13.3174343, 44.2721679 13.3174982, 44.2720207 13.3174559, 44.2718659 13.3173888, 44.2716838 13.3173716, 44.2715507 13.3173615, 44.2713504 13.3172876, 44.2712735 13.3171434)"
101009306,tertiary,False,True,287.809,"LINESTRING (44.2712735 13.3171434, 44.2713504 13.3172876, 44.2715507 13.3173615, 44.2716838 13.3173716, 44.2718659 13.3173888, 44.2720207 13.3174559, 44.2721679 13.3174982, 44.2724108 13.3174343, 44.2728451 13.3172939, 44.2730515 13.3172842, 44.2732446 13.3173142, 44.273427 13.3174726, 44.2737064 13.3175185)"
