osmid,highway,oneway,reversed,length,geometry
152178230,secondary,False,False,102.601,"LINESTRING (43.3775984 16.0238442, 43.3779226 16.0236026, 43.3783519 16.0232725)"
152178230,secondary,False,False,173.88,"LINESTRING (43.3783519 16.0232725, 43.3794096 16.0224593, 43.3795908 16.0222637)"
152178230,secondary,False,True,102.601,"LINESTRING (43.3783519 16.0232725, 43.3779226 16.0236026, 43.3775984 16.0238442)"
152178230,secondary,False,True,173.88,"LINESTRING (43.3795908 16.0222637, 43.3794096 16.0224593, 43.3783519 16.0232725)"
626002477,residential,False,True,81.59799999999998,"LINESTRING (43.3795908 16.0222637, 43.3797191 16.0223781, 43.3797781 16.0223987, 43.3799297 16.0224967, 43.3799095 16.0225457, 43.3799069 16.0226256, 43.3799203 16.0227377, 43.3799766 16.0228022)"
626002477,residential,False,False,81.59800000000001,"LINESTRING (43.3799766 16.0228022, 43.3799203 16.0227377, 43.3799069 16.0226256, 43.3799095 16.0225457, 43.3799297 16.0224967, 43.3797781 16.0223987, 43.3797191 16.0223781, 43.3795908 16.0222637)"
