osmid,name,highway,oneway,reversed,length,geometry
278720928,طريق المذيخرة,secondary,False,True,2074.626,"LINESTRING (43.9707766 13.8904864, 43.9710456 13.8898202, 43.9709651 13.8887969, 43.9710188 13.8886094, 43.9714265 13.8882866, 43.9714265 13.8875783, 43.9715767 13.88737, 43.9726818 13.8869326, 43.9726603 13.8866201, 43.9722848 13.8861723, 43.9719951 13.8859744, 43.9723277 13.8854328, 43.9723062 13.8848912, 43.9730894 13.8842246, 43.9731216 13.8840684, 43.9722526 13.8840267, 43.9721453 13.8839017, 43.9723599 13.8831935, 43.9720702 13.8826935, 43.9722097 13.8822561, 43.9722097 13.8821415, 43.9711583 13.8824852, 43.970536 13.8831518, 43.9701927 13.8832351, 43.9697206 13.8833393, 43.9687228 13.8843183, 43.9681287 13.8842975, 43.9677331 13.884209, 43.9674568 13.8842532, 43.9669579 13.8845891, 43.9667648 13.8847454, 43.9664671 13.8851542, 43.9663249 13.8856281, 43.9659709 13.8857947)"
278720928,طريق المذيخرة,secondary,False,False,2074.626,"LINESTRING (43.9659709 13.8857947, 43.9663249 13.8856281, 43.9664671 13.8851542, 43.9667648 13.8847454, 43.9669579 13.8845891, 43.9674568 13.8842532, 43.9677331 13.884209, 43.9681287 13.8842975, 43.9687228 13.8843183, 43.9697206 13.8833393, 43.9701927 13.8832351, 43.970536 13.8831518, 43.9711583 13.8824852, 43.9722097 13.8821415, 43.9722097 13.8822561, 43.9720702 13.8826935, 43.9723599 13.8831935, 43.9721453 13.8839017, 43.9722526 13.8840267, 43.9731216 13.8840684, 43.9730894 13.8842246, 43.9723062 13.8848912, 43.9723277 13.8854328, 43.9719951 13.8859744, 43.9722848 13.8861723, 43.9726603 13.8866201, 43.9726818 13.8869326, 43.9715767 13.88737, 43.9714265 13.8875783, 43.9714265 13.8882866, 43.9710188 13.8886094, 43.9709651 13.8887969, 43.9710456 13.8898202, 43.9707766 13.8904864)"
