osmid,highway,oneway,reversed,length,geometry
294971670,residential,False,False,16.96,"LINESTRING (37.8269277 39.9168164, 37.8267601 39.9167343)"
294971670,residential,False,True,794.663,"LINESTRING (37.820866 39.920158, 37.8210084 39.9199396, 37.8212127 39.9198352, 37.8215036 39.9197877, 37.8218998 39.9198162, 37.8221846 39.9198969, 37.8223084 39.9199254, 37.8224384 39.9198779, 37.8225622 39.9197782, 37.8225869 39.9195455, 37.8225869 39.9193509, 37.822686 39.9190518, 37.8226922 39.9187574, 37.8226489 39.9184726, 37.8226427 39.9181687, 37.8226922 39.9179266, 37.8228346 39.9176844, 37.823206 39.9173284, 37.8236084 39.917053, 37.8241221 39.9168061, 37.8245183 39.9166779, 37.825224 39.9165497, 37.8259978 39.916469, 37.8262454 39.9165117, 37.8265116 39.9166114, 37.8267601 39.9167343)"
294971670,residential,False,True,16.96,"LINESTRING (37.8267601 39.9167343, 37.8269277 39.9168164)"
294971670,residential,False,False,794.6630000000002,"LINESTRING (37.8267601 39.9167343, 37.8265116 39.9166114, 37.8262454 39.9165117, 37.8259978 39.916469, 37.825224 39.9165497, 37.8245183 39.9166779, 37.8241221 39.9168061, 37.8236084 39.917053, 37.823206 39.9173284, 37.8228346 39.9176844, 37.8226922 39.9179266, 37.8226427 39.9181687, 37.8226489 39.9184726, 37.8226922 39.9187574, 37.822686 39.9190518, 37.8225869 39.9193509, 37.8225869 39.9195455, 37.8225622 39.9197782, 37.8224384 39.9198779, 37.8223084 39.9199254, 37.8221846 39.9198969, 37.8218998 39.9198162, 37.8215036 39.9197877, 37.8212127 39.9198352, 37.8210084 39.9199396, 37.820866 39.920158)"
