osmid,highway,oneway,reversed,length,geometry
847063288,unclassified,False,False,182.082,"LINESTRING (38.1211594 36.9967743, 38.1215945 36.9971028, 38.1219164 36.9972837, 38.1227985 36.9977502)"
847063288,unclassified,False,True,182.082,"LINESTRING (38.1227985 36.9977502, 38.1219164 36.9972837, 38.1215945 36.9971028, 38.1211594 36.9967743)"
