osmid,highway,oneway,reversed,length,geometry
107159623,residential,False,True,170.64800000000002,"LINESTRING (36.2197593 38.7267991, 36.219499 38.726589, 36.2192603 38.7264681, 36.2188606 38.7262643, 36.2182154 38.7259908, 36.2181435 38.7259409)"
107159623,residential,False,False,131.953,"LINESTRING (36.2172277 38.7252139, 36.2173249 38.7251975, 36.2176334 38.7252139, 36.2178227 38.7253398, 36.217942 38.7255094, 36.217984 38.7257665, 36.2180261 38.7258595, 36.2181435 38.7259409)"
497640445,residential,False,False,140.498,"LINESTRING (36.2172277 38.7252139, 36.2172233 38.7253618, 36.2172054 38.7256085, 36.2172292 38.7256922, 36.2174201 38.7257946, 36.2179928 38.7259715, 36.2181435 38.7259409)"
107159623,residential,False,False,170.64799999999997,"LINESTRING (36.2181435 38.7259409, 36.2182154 38.7259908, 36.2188606 38.7262643, 36.2192603 38.7264681, 36.219499 38.726589, 36.2197593 38.7267991)"
107159623,residential,False,True,131.953,"LINESTRING (36.2181435 38.7259409, 36.2180261 38.7258595, 36.217984 38.7257665, 36.217942 38.7255094, 36.2178227 38.7253398, 36.2176334 38.7252139, 36.2173249 38.7251975, 36.2172277 38.7252139)"
497640445,residential,False,True,140.49800000000002,"LINESTRING (36.2181435 38.7259409, 36.2179928 38.7259715, 36.2174201 38.7257946, 36.2172292 38.7256922, 36.2172054 38.7256085, 36.2172233 38.7253618, 36.2172277 38.7252139)"
