osmid,highway,oneway,reversed,length,geometry
306411253,tertiary,False,True,173.519,"LINESTRING (41.9562836 38.9776322, 41.9550022 38.9781968, 41.95454 38.9784054)"
306411253,tertiary,False,False,173.519,"LINESTRING (41.95454 38.9784054, 41.9550022 38.9781968, 41.9562836 38.9776322)"
